keywords.ini: 46 aliases, 11 family members, 12 never-rules
=== modslut v0.14.7 debug trace ===
built: 0.14.7 local
categories.dat: found
conflict index: 1311 related pair(s) loaded

--- pass 0: separator auto-rename OFF (add `!rename-separators` to modslut_rules.txt to enable) ---

--- concept resolution (rule targets -> actual separators) ---
  [Unofficial Patches] -> [Fixes & Resources - Unofficial Patches] (contains)
  [Unofficial Patches] -> [Fixes & Resources - Unofficial Patches] (contains)
  [Extension Frameworks] -> [Extension Frameworks - Engines Patches] (contains)
  [Extension Frameworks] -> [Extension Frameworks - Engines Patches] (contains)
  [Extension Frameworks] -> [Extension Frameworks - Engines Patches] (contains)
  [Extension Frameworks] -> [Extension Frameworks - Engines Patches] (contains)
  [Extension Frameworks] -> [Extension Frameworks - Engines Patches] (contains)
  [Extension Frameworks] -> [Extension Frameworks - Engines Patches] (contains)
  [Extension Frameworks] -> [Extension Frameworks - Engines Patches] (contains)
  [Extension Frameworks] -> [Extension Frameworks - Engines Patches] (contains)
  [Extension Frameworks] -> [Extension Frameworks - Engines Patches] (contains)
  [Animation] -> [Animations] (contains)
  [Animation] -> [Animations] (contains)
  [Animation] -> [Animations] (contains)
  [Interface] -> [Interface - HUD] (contains)
  [Interface] -> [Interface - HUD] (contains)
  [VR Specific] -> [Interface - VR Specific] (contains)
  [VR Specific] -> [Interface - VR Specific] (contains)
  [VR Specific] -> [Interface - VR Specific] (contains)
  [NSFW] (keyword): no matching separator - rule skipped
  [NSFW] (keyword): no matching separator - rule skipped
  [NSFW] (keyword): no matching separator - rule skipped
  [NSFW] (keyword): no matching separator - rule skipped
  [NSFW] (keyword): no matching separator - rule skipped
  [Male Body] -> [Male Body Additions] (contains)
  [Male Body] -> [Male Body Additions] (contains)
  [Male Body] -> [Male Body Additions] (contains)
  [Bodyslide] -> [OBody and Bodyslide Presets] (contains)
  [Bodyslide] -> [OBody and Bodyslide Presets] (contains)
  [Body] -> [Skin & Body] (contains)
  [Body] -> [Skin & Body] (contains)
  [Lighting] -> [Lux (Lighting)] (contains)
  [Lighting] -> [Lux (Lighting)] (contains)
  [Community Shaders] -> [Community Shaders Mods {disable to use ENB}] (contains)

--- pass 1: section assignment (per mod) ---
game: Skyrim SE/AE/VR (base masters: 6)
loot masterlist: C:\Users\Lore\AppData\Local\LOOT\games\Skyrim VR\masterlist.yaml (346 after-rule(s) apply to 11 mod(s))
  Thuldor's Ivarstead - Tweaks and Addons | WARN: plugin master [AI Overhaul SSE] lives in [AI & Immersion] which loads later than [Minor Town and City Overhauls] - left in place (pin it or check plugins.txt)
  JK's Interiors Patch Collection | WARN: plugin master [The Thieves Guild Ladder - Skyrim Special Edition] lives in [Utilities] which loads later than [Exterior and Interior Patch Collection] - left in place (pin it or check plugins.txt)
  Thuldor's Ivarstead Patch Hub | WARN: plugin master [AI Overhaul SSE] lives in [AI & Immersion] which loads later than [Minor Town and City Overhauls] - left in place (pin it or check plugins.txt)
  Navigator Patch Collection | WARN: plugin master [Dungeons - Revisited] lives in [Dungeons and Ruins] which loads later than [Conflict Resolution] - left in place (pin it or check plugins.txt)
  COtR - HQ Characters creation addon for RM | WARN: plugin master [RaceCompatibility with fixes for SSE] lives in [Unofficial Skyrim Modders Patch Emporium] which loads later than [Skin & Body] - left in place (pin it or check plugins.txt)
  Simply Bigger Giants and Mammoths (With fixed hitboxes) | WARN: plugin master [Mammoth Expansion - Mihail Monsters and Animals (SE-AE version) (''megafauna'')] lives in [Animals] which loads later than [Animals] - left in place (pin it or check plugins.txt)
  Riverwood Revitalized my Patch | WARN: plugin master [Northern Fortifications - Riverwood] lives in [Minor Town and City Overhauls] which loads later than [Minor Town and City Overhauls] - left in place (pin it or check plugins.txt)
  Windhelm Lighthouse (Bug Fixes) | WARN: plugin master [Windhelm Lighthouse (New)] lives in [AI & Immersion] which loads later than [Windhelm] - left in place (pin it or check plugins.txt)
  Terrain Parallax Blending Fix | WARN: plugin master [Embers XD] lives in [Fire and Forges] which loads later than [Landscape and Environment] - left in place (pin it or check plugins.txt)
  RedBag's Falkreath - Patch Collection | WARN: plugin master [AI Overhaul SSE] lives in [AI & Immersion] which loads later than [Falkreath] - left in place (pin it or check plugins.txt)
  JK's Solitude Outskirts Patch Collection | WARN: plugin master [AI Overhaul SSE] lives in [AI & Immersion] which loads later than [Exterior and Interior Patch Collection] - left in place (pin it or check plugins.txt)
  Fabled Forests Patch Compendium | WARN: plugin master [Redbag's Morthal Fixes] lives in [Expanded Cities, Towns, and Villages] which loads later than [Conflict Resolution] - left in place (pin it or check plugins.txt)
  High Poly Project - My fixes SE-AE by Xtudo | WARN: plugin master [Winterhold Restored] lives in [Expanded Cities, Towns, and Villages] which loads later than [General World Improvement] - left in place (pin it or check plugins.txt)
  RedBag's Morthal Patches- FOMOD | WARN: plugin master [AI Overhaul SSE] lives in [AI & Immersion] which loads later than [Morthal] - left in place (pin it or check plugins.txt)
  Distinct Interiors Patch Collection | WARN: plugin master [AI Overhaul SSE] lives in [AI & Immersion] which loads later than [Exterior and Interior Patch Collection] - left in place (pin it or check plugins.txt)
  JK's and Redbag's Dragonsreach Patch | WARN: plugin master [JK's Dragonsreach] lives in [Whiterun] which loads later than [Whiterun] - left in place (pin it or check plugins.txt)
  Charmers of the Reach SV Beards SE for COtR - HQ Characters creation addon | WARN: plugin master [RaceCompatibility with fixes for SSE] lives in [Unofficial Skyrim Modders Patch Emporium] which loads later than [Beards & Brows] - left in place (pin it or check plugins.txt)
  NAT III Weather - From Dusk Till Dawn - Every Cloud Different - SLFR - Bizarre Shadow Fix - Compatibility Patch | WARN: plugin master [NAT.ENB III - Natural and Atmospheric Tamriel ENB 3.1.1C] lives in [OBody and Bodyslide Presets] which loads later than [Stargazing & Sky] - left in place (pin it or check plugins.txt)
  Unofficial Skyrim Modders Patch - USMP - Patch Emporium | WARN: plugin master [Relationship Dialogue Overhaul - RDO SE] lives in [AI & Immersion] which loads later than [Unofficial Skyrim Modders Patch Emporium] - left in place (pin it or check plugins.txt)
  plugin family: 0 mod(s) moved to load after their plugin masters
  XPMSSE Skeleton for RS Children Overhaul | cat #34 "Patches" | T4 no rule, category, or keyword matched | stay
  Riton Farmhouse parallax III Retex | cat none | T4 no rule, category, or keyword matched | stay
  THE NIGHT KING (GOT) MOD. A tribute to his glory | cat #40 "Magic - Gameplay" | T2 category~separator fuzzy [Magic - Gameplay] shared=magic | MOVE -> [Magic, Spells, and Enchantments]
  Convert Fallout 4 Armor into Skyrim CBBE or 3BA 3BBB Bodies TUTORIAL | cat none | T3 keyword [cbbe] | MOVE -> [Skin & Body]
  Output - Synthesis | cat none | guard: generated output, never moves | stay
  Output - Synthesis SFW | cat none | guard: generated output, never moves | stay
  Output - Bash | cat none | guard: generated output, never moves | stay
  Output - DynDOLOD | cat none | guard: generated output, never moves | stay
  Output - TexGen | cat none | guard: generated output, never moves | stay
  Output - xLodGen | cat none | guard: generated output, never moves | stay
  Output - ParallaxGen | cat none | guard: generated output, never moves | stay
  Output - VramR | cat none | guard: generated output, never moves | stay
  Output - BendR | cat none | guard: generated output, never moves | stay
  Output - ParallaxR | cat none | guard: generated output, never moves | stay
  Output - Mismatcher | cat none | guard: generated output, never moves | stay
  Output - Bodyslide | cat none | guard: generated output, never moves | stay
  SkyGen_Output | cat none | T4 no rule, category, or keyword matched | stay
  Output - Pandora | cat none | guard: generated output, never moves | stay
  Open Composite - Oclulus Default Controller Bindings | cat none | T4 no rule, category, or keyword matched | stay
  Open Composite - Main | cat none | T4 no rule, category, or keyword matched | stay
  Open Composite - ENB Fix (Wireless Only) | cat none | T4 no rule, category, or keyword matched | stay
  VRAMr | cat none | T4 no rule, category, or keyword matched | stay
  eFPS - Exterior FPS boost | cat #42 "Bug Fixes" | T2 category~separator fuzzy [Bug Fixes] shared=bug+fixe | MOVE -> [Essential Bug Fixes]
  Grass Sampler Fix | cat #42 "Bug Fixes" | T2 category~separator fuzzy [Bug Fixes] shared=bug+fixe | MOVE -> [Essential Bug Fixes]
  NVIDIA Reflex Support | cat #13 "Utilities" | T2 category==separator [Utilities] | MOVE -> [Utilities]
  ENB Anti-Aliasing - AMD FSR 3.1 - NVIDIA DLAA | cat #22 "Visuals and Graphics" | T2 category~separator fuzzy [Visuals and Graphics] shared=visual | MOVE -> [Visual Control]
  Skyrim Upscaler VR - DLSS FSR2 XeSS | cat #22 "Visuals and Graphics" | T2 category~separator fuzzy [Visuals and Graphics] shared=visual | MOVE -> [Visual Control]
  DVLASS | cat none | T4 no rule, category, or keyword matched | stay
  TAA Sharpen | cat #22 "Visuals and Graphics" | T2 category~separator fuzzy [Visuals and Graphics] shared=visual | MOVE -> [Visual Control]
  Grass Precache for Folkvangr Grass | cat none | T4 no rule, category, or keyword matched | stay
  LOD Unloading Bug Fix | cat #42 "Bug Fixes" | T2 category~separator fuzzy [Bug Fixes] shared=bug+fixe | MOVE -> [Essential Bug Fixes]
  DyndoLOD FX Glow Accurate Disabler - Quality of Life | cat #42 "Bug Fixes" | T2 category~separator fuzzy [Bug Fixes] shared=bug+fixe | MOVE -> [Essential Bug Fixes]
  ACMOS Road Generator | cat none | T4 no rule, category, or keyword matched | stay
  Grass Density INI - Quality | cat none | T4 no rule, category, or keyword matched | stay
  Grass Density INI - Performance | cat none | T4 no rule, category, or keyword matched | stay
  DynDolod - Darken texture for generation - The good one last one | cat none | T4 no rule, category, or keyword matched | stay
  DynDOLOD TexGen Fixes | cat none | T4 no rule, category, or keyword matched | stay
  xLODGen Resource - SSE Terrain Tamriel | cat #32 "Modders Resources" | T2 category~separator fuzzy [Modders Resources] shared=modder | MOVE -> [Unofficial Skyrim Modders Patch Emporium]
  Terrain Lod for Atlantean with Roads for ACMOS | cat #26 "Environmental" | T4 no rule, category, or keyword matched | stay
  Aspens Ablaze Add-On - DynDOLOD 3 -Performance | cat #26 "Environmental" | family: follows master [Aspens Ablaze] | MOVE -> [Definitive Forest Overhauls & Regional Additions]
  Aspens Ablaze Add-On - DynDOLOD 3 -Quality | cat #26 "Environmental" | family: follows master [Aspens Ablaze] | MOVE -> [Definitive Forest Overhauls & Regional Additions]
  Grass Cache Helper NG | cat #42 "Bug Fixes" | T2 category~separator fuzzy [Bug Fixes] shared=bug+fixe | MOVE -> [Essential Bug Fixes]
  BHKS - TNG - Official Patch Collection | cat none | T4 no rule, category, or keyword matched | stay
  BLACKREACH OVERHAUL LUX PATCH Timelost Dwemer | cat #42 "Bug Fixes" | family: follows master [Blackreach Overhaul Lux Patch] | MOVE -> [General World Improvement]
  Conquest of Skyrim - Botox Patch | cat none | T4 no rule, category, or keyword matched | stay
  Havardr - Botox Patch | cat none | T4 no rule, category, or keyword matched | stay
  Creation Club - Botox Patch - NPC Overhaul | cat #9 "NPC" | T2 category~separator fuzzy [NPC] shared=npc | MOVE -> [NPCs and Behaviour]
  Become High King of Skyrim - Botox Patch | cat none | T4 no rule, category, or keyword matched | stay
  Lakeview Manor Avant Garden EX - Botox Patch | cat none | T4 no rule, category, or keyword matched | stay
  Skyfall Estate - Botox Patch | cat none | T4 no rule, category, or keyword matched | stay
  Phenderix Magic World - Botox Patch | cat #9 "NPC" | T2 category~separator fuzzy [NPC] shared=npc | MOVE -> [NPCs and Behaviour]
  The Scarlett - Botox Patch | cat none | T4 no rule, category, or keyword matched | stay
  Riverwood Revitalized Sign Fix | cat none | family: follows master [Riverwood Revitalized] | MOVE -> [Expanded Cities, Towns, and Villages]
  Terrain Shadows - Mod Patches | cat #34 "Patches" | T4 no rule, category, or keyword matched | stay
  Constructible Objects Custom Keyword Framework - Settlement Builder Patch | cat none | T4 no rule, category, or keyword matched | stay
  JS Attunement Sphere and Lexicons SE - Glowmapped - Improved Dwemer Glass Patch | cat #22 "Visuals and Graphics" | family: follows master [JS Attunement Sphere and Lexicons SE] | MOVE -> [Dwemer Tech]
  Kalilies NPCs De-Standalone | cat none | T4 no rule, category, or keyword matched | stay
  AI Overhaul SSE - Official Patch Hub | cat none | family: follows master [AI Overhaul SSE] | MOVE -> [AI & Immersion]
  Blackreach Overhaul Lux Patch | cat #42 "Bug Fixes" | family: follows master [Blackreach Overhaul] | MOVE -> [General World Improvement]
  Phantom Horse - Horse Replacer Patches | cat #33 "Creatures and Mounts" | family: follows master [Phantom Horse] | MOVE -> [Magic, Spells, and Enchantments]
  Navigator Patch Collection | cat #42 "Bug Fixes" | T2 category~separator fuzzy [Bug Fixes] shared=bug+fixe | MOVE -> [Essential Bug Fixes]
  EEKs Whiterun Interiors - Lux and Embers XD Conflict Resolution | cat #7 "Miscellaneous" | T3 keyword [lux] | MOVE -> [Lux (Lighting)]
  Fabled Forests Patch Compendium | cat none | family: follows master [Fabled Forests] | MOVE -> [Definitive Forest Overhauls & Regional Additions]
  Half Moon Mill Patches FOMOD | cat none | T4 no rule, category, or keyword matched | stay
  Rodryk's Dragon Bridge - Patch Collection | cat #34 "Patches" | family: follows master [Rodryk's Dragon Bridge] | MOVE -> [Expanded Cities, Towns, and Villages]
  Remove Map Camera Limits - Skyrim and Solstheim | cat #15 "User Interface" | T2 category~separator fuzzy [User Interface] shared=interface | MOVE -> [Interface - Controls]
  Jaxonz Map Markers (SSE Port) | cat #13 "Utilities" | T2 category==separator [Utilities] | MOVE -> [Utilities]
  CoMAP | cat none | T4 no rule, category, or keyword matched | stay
  Colorful Map Markers | cat #15 "User Interface" | T2 category~separator fuzzy [User Interface] shared=interface | MOVE -> [Interface - Controls]
  Dynamic snow For Map | cat #3 "Gameplay" | T2 category==separator [Gameplay] | MOVE -> [Gameplay]
  Local Map Upgrade | cat #15 "User Interface" | T2 category~separator fuzzy [User Interface] shared=interface | MOVE -> [Interface - Controls]
  A Clear Map of Skyrim and Other Worlds | cat #15 "User Interface" | T2 category~separator fuzzy [User Interface] shared=interface | MOVE -> [Interface - Controls]
  Spell Hotbar | cat #40 "Magic - Gameplay" | T2 category~separator fuzzy [Magic - Gameplay] shared=magic | MOVE -> [Magic, Spells, and Enchantments]
  vMYC_FamiliarFaces | cat none | T4 no rule, category, or keyword matched | stay
  Fam Faces 2.0 | cat none | T4 no rule, category, or keyword matched | stay
  Familiar Faces | cat #43 "Followers & Companions" | T2 category~separator fuzzy [Followers & Companions] shared=follower | MOVE -> [Follower Compatibility Patches]
  Jaxonz Positioner Converter Remastered | cat #30 "Immersion" | T2 category~separator fuzzy [Immersion] shared=immersion | MOVE -> [AI & Immersion]
  Multiple Amulets and Rings... Automatically - MARA | cat none | T4 no rule, category, or keyword matched | stay
  ParallaxR | cat none | T4 no rule, category, or keyword matched | stay
  BENDr | cat none | T4 no rule, category, or keyword matched | stay
  MisMatchR | cat none | T4 no rule, category, or keyword matched | stay
  Screenshot Location and Metadata | cat #13 "Utilities" | T2 category==separator [Utilities] | stay
  PROTEUS | cat #14 "Cheats and God items" | T2 category~separator fuzzy [Cheats and God items] shared=item | MOVE -> [Items]
  Q10s Convenient Cheat Tools and NPC Controls | cat #14 "Cheats and God items" | T2 category~separator fuzzy [Cheats and God items] shared=item | MOVE -> [Items]
  PapyrusUtil SE - Modders Scripting Utility Functions | cat #32 "Modders Resources" | T2 category~separator fuzzy [Modders Resources] shared=modder | MOVE -> [Unofficial Skyrim Modders Patch Emporium]
  Player Cell Position | cat #32 "Modders Resources" | T2 category~separator fuzzy [Modders Resources] shared=modder | MOVE -> [Unofficial Skyrim Modders Patch Emporium]
  Gilded Spinning Main Menu Emblem - Chrome Version | cat none | T4 no rule, category, or keyword matched | stay
  Main Menu Spinning Skyrim Emblem | cat none | T4 no rule, category, or keyword matched | stay
  Main Menu Randomizer SE | cat #13 "Utilities" | T2 category==separator [Utilities] | stay
  Dramatic Main Menu | cat #7 "Miscellaneous" | T4 no rule, category, or keyword matched | stay
  Asset Doctor | cat #13 "Utilities" | T2 category==separator [Utilities] | stay
  FloraFixer - Mutagen Patcher and Data | cat #13 "Utilities" | T2 category==separator [Utilities] | stay
  Modern Wait Menu | cat none | T4 no rule, category, or keyword matched | stay
  Instantly Skip Dialogue NG | cat #3 "Gameplay" | T2 category==separator [Gameplay] | MOVE -> [Gameplay]
  Stamina of Steeds | cat #42 "Bug Fixes" | T2 category~separator fuzzy [Bug Fixes] shared=bug+fixe | MOVE -> [Essential Bug Fixes]
  Upgraded Fish for Distinct Interiors | cat #8 "Models and Textures" | T4 no rule, category, or keyword matched | stay
  Upgraded Silverware for Distinct Interiors | cat #8 "Models and Textures" | T4 no rule, category, or keyword matched | stay
  Upgraded Food Barrels for Distinct Interiors | cat #8 "Models and Textures" | T4 no rule, category, or keyword matched | stay
  Distinct Interiors - Fixes | cat #34 "Patches" | family: follows master [Distinct Interiors] | MOVE -> [Essential Bug Fixes]
  Distinct Interiors | cat #42 "Bug Fixes" | T2 category~separator fuzzy [Bug Fixes] shared=bug+fixe | MOVE -> [Essential Bug Fixes]
  Winterhold Statue - Animated with ENB Lights | cat #8 "Models and Textures" | T3 keyword [enb] | MOVE -> [ENB]
  Mrf's White Gold Winterhold - ParallaxR'd | cat #8 "Models and Textures" | T4 no rule, category, or keyword matched | stay
  Mrf's white-gold winterhold | cat #8 "Models and Textures" | T4 no rule, category, or keyword matched | stay
  Snazzy Interiors - The Retching Netch | cat #2 "Buildings" | T4 no rule, category, or keyword matched | stay
  Decorator Helper | cat #7 "Miscellaneous" | T4 no rule, category, or keyword matched | stay
  Cozy Cots - A Cot Replacer | cat none | T4 no rule, category, or keyword matched | stay
  Divide and Conquer - A Noble Divider Replacer | cat #8 "Models and Textures" | T4 no rule, category, or keyword matched | stay
  Comfy Coffins | cat #8 "Models and Textures" | T4 no rule, category, or keyword matched | stay
  Malacath's Chosen - An Orc Furniture Replacer | cat #8 "Models and Textures" | T4 no rule, category, or keyword matched | stay
  Reclusive Respite - BOS Color Variance Use Those Blankets patch | cat none | family: follows master [Use Those Blankets] | MOVE -> [AI & Immersion]
  Bedroll Alternative - Use Those Variant Blankets | cat #8 "Models and Textures" | T4 no rule, category, or keyword matched | stay
  Reclusive Respite - A High Hrothgar Bed Chair and Bench Replacer | cat none | T4 no rule, category, or keyword matched | stay
  Bedroll Alternative - BOS Color Variance | cat none | T4 no rule, category, or keyword matched | stay
  Use Those Blankets | cat #30 "Immersion" | T2 category~separator fuzzy [Immersion] shared=immersion | MOVE -> [AI & Immersion]
  Deep Slumber - A Dwemer Bed Replacer | cat none | T4 no rule, category, or keyword matched | stay
  Dunmer Dreams - A Dark Elf Bed Replacer | cat none | T4 no rule, category, or keyword matched | stay
  Peasant Dreams - A Common Bed Replacer | cat #8 "Models and Textures" | T4 no rule, category, or keyword matched | stay
  Ignoble Beds - A Noble and Upper Class Bed Replacer | cat #8 "Models and Textures" | T4 no rule, category, or keyword matched | stay
  Whiterun Tablecloth Replacer | cat #8 "Models and Textures" | T4 no rule, category, or keyword matched | stay
  Divine Dragonscale Decor - A Skyrim Furniture Overhaul | cat none | T4 no rule, category, or keyword matched | stay
  Skyrim Overhauled Furniture Assembly-SOFA-Clean | cat none | T4 no rule, category, or keyword matched | stay
  Bijin Redux Patches | cat #34 "Patches" | family: follows master [Bijin Redux] | MOVE -> [Skin & Body]
  Race Compatibility SKSE - Patch Hub | cat none | family: follows master [Race Compatibility SKSE] | MOVE -> [Character Creation]
  Botox of Skyrim - Patch Hub | cat none | T4 no rule, category, or keyword matched | stay
  Books of Skyrim - RS Children Patch | cat none | family: follows master [Books of Skyrim SE] | MOVE -> [Expanded Cities, Towns, and Villages]
  RS Children Patch Compendium | cat #34 "Patches" | T4 no rule, category, or keyword matched | stay
  RS Children Overhaul Patch Database | cat #34 "Patches" | family: follows master [RS Children Overhaul] | MOVE -> [NPCs and Behaviour]
  Cathedral Armory - HIMBO BodySlide Compatibility Patch | cat #5 "Body, Face, and Hair" | family: follows master [Cathedral - Armory] | MOVE -> [Weapons, Armour, Clothing, and Clutter Fixes]
  Patches for Water for ENB - Acoustic Space Improvement Fixes - Lighting Overhauls | cat none | family: follows master [Acoustic Space Improvement Fixes] | MOVE -> [Audio Fixes & Overhauls]
  Dwemer Pipework Reworked - Underground Patch | cat #34 "Patches" | family: follows master [Dwemer Pipework Reworked] | MOVE -> [Dwemer Tech]
  FYX 3D Stockades - Compatibility Tweaks | cat none | T4 no rule, category, or keyword matched | stay
  A Clear Map Of Skyrim - Water for ENB Patch | cat #34 "Patches" | family: follows master [Water for ENB] | MOVE -> [ENB]
  RedBag's Dragonsreach - GoT The Black Dread Skull Replacer Patch | cat #34 "Patches" | family: follows master [GoT The Black Dread Skull Replacer] | MOVE -> [Dragons]
  JKs Guild HQ Interiors Patch Collection | cat none | T4 no rule, category, or keyword matched | stay
  JK's Solitude Outskirts Patch Collection | cat none | family: follows master [JK's Solitude Outskirts] | MOVE -> [Expanded Cities, Towns, and Villages]
  Distinct Interiors Patch Collection | cat #34 "Patches" | family: follows master [Distinct Interiors] | MOVE -> [Essential Bug Fixes]
  Distinct Interiors for Cities of the North | cat none | T4 no rule, category, or keyword matched | stay
  Distinct JK's Ragged Flagon | cat #34 "Patches" | T4 no rule, category, or keyword matched | stay
  Realm of Lorkhan Lighting Patch for Lux | cat #34 "Patches" | T3 keyword [lux] | MOVE -> [Lux (Lighting)]
  COTN Dawnstar Patch Collection | cat #34 "Patches" | T4 no rule, category, or keyword matched | stay
  JK's Interiors Patch Collection | cat #34 "Patches" | T4 no rule, category, or keyword matched | stay
  Unofficial Skyrim Modders Patch - USMP - Patch Emporium | cat none | family: follows master [Unofficial Skyrim Modder's Patch - USMP SE] | MOVE -> [Essential Bug Fixes]
  kryptopyr's Automated Patches | cat #34 "Patches" | T4 no rule, category, or keyword matched | stay
  Blue_RetchingNetch | cat none | T4 no rule, category, or keyword matched | stay
  Whiterun roof tiles by infinition | cat #8 "Models and Textures" | T4 no rule, category, or keyword matched | stay
  Dark Whiterun Walls by infinition | cat #8 "Models and Textures" | T4 no rule, category, or keyword matched | stay
  Whiterun castle carvings 4k with parallax | cat #8 "Models and Textures" | T4 no rule, category, or keyword matched | stay
  Nordic Carving - Great Portal of Dragonsreach SE | cat #8 "Models and Textures" | T4 no rule, category, or keyword matched | stay
  Return From A Room With A View | cat #42 "Bug Fixes" | T2 category~separator fuzzy [Bug Fixes] shared=bug+fixe | MOVE -> [Essential Bug Fixes]
  HFs - Barrels All-in-One | cat #8 "Models and Textures" | T4 no rule, category, or keyword matched | stay
  Revised Barrels | cat #35 "Items and Objects - World" | T2 category~separator fuzzy [Items and Objects - World] shared=item | MOVE -> [Items]
  Fixed Texture Paths for Small Things in EEK's Whiterun Interiors | cat #8 "Models and Textures" | T4 no rule, category, or keyword matched | stay
  EEKs Whiterun Interiors SSE | cat #7 "Miscellaneous" | T4 no rule, category, or keyword matched | stay
  EEKs Immersive Whiterun Fixes | cat none | family: follows master [EEKs Immersive Whiterun] | MOVE -> [Expanded Cities, Towns, and Villages]
  EEKs Immersive Whiterun | cat #18 "Cities, Towns, Villages, and Hamlets" | T2 category~separator fuzzy [Cities, Towns, Villages, and Hamlets] shared=citie+town+village | MOVE -> [Expanded Cities, Towns, and Villages]
  EEKs Dragonsreach - EEKs Dovahsreach SSE | cat #2 "Buildings" | T4 no rule, category, or keyword matched | stay
  EEKs Immersive Whiterun Asset Pack | cat #18 "Cities, Towns, Villages, and Hamlets" | T2 category~separator fuzzy [Cities, Towns, Villages, and Hamlets] shared=citie+town+village | MOVE -> [Expanded Cities, Towns, and Villages]
  Dynamic Interior Ambient Lighting (DIAL) | cat #22 "Visuals and Graphics" | T2 category~separator fuzzy [Visuals and Graphics] shared=visual | MOVE -> [Visual Control]
  CS Light | cat none | T4 no rule, category, or keyword matched | stay
  Luma Utility | cat #13 "Utilities" | T2 category==separator [Utilities] | MOVE -> [Utilities]
  True Light | cat #22 "Visuals and Graphics" | T2 category~separator fuzzy [Visuals and Graphics] shared=visual | MOVE -> [Visual Control]
  Flickering Meshes Fix | cat #42 "Bug Fixes" | T2 category~separator fuzzy [Bug Fixes] shared=bug+fixe | MOVE -> [Essential Bug Fixes]
  Cursed Crypts - MLO2 RELight Addon | cat #26 "Environmental" | T3 keyword [relight] | stay
  Emberveil Lighting - A Cinematic ReLight Preset | cat none | T3 keyword [relight] | stay
  Modern Lighting Overhaul 2 (MLO2) | cat #22 "Visuals and Graphics" | T2 category~separator fuzzy [Visuals and Graphics] shared=visual | MOVE -> [Visual Control]
  RELight - Official Light Addon | cat #22 "Visuals and Graphics" | T2 category~separator fuzzy [Visuals and Graphics] shared=visual | MOVE -> [Visual Control]
  ReLight | cat #22 "Visuals and Graphics" | T2 category~separator fuzzy [Visuals and Graphics] shared=visual | MOVE -> [Visual Control]
  Intellightent | cat #22 "Visuals and Graphics" | T2 category~separator fuzzy [Visuals and Graphics] shared=visual | MOVE -> [Visual Control]
  ElSopa - Azura's Star Redone SE - Light Placer | cat #22 "Visuals and Graphics" | T2 category~separator fuzzy [Visuals and Graphics] shared=visual | MOVE -> [Visual Control]
  QuickLight - Real floating Candle replacer | cat #7 "Miscellaneous" | T4 no rule, category, or keyword matched | stay
  Torch Permanent - Mounted Wall Torch Replacer | cat #8 "Models and Textures" | T4 no rule, category, or keyword matched | stay
  Street Lights of Skyrim | cat #22 "Visuals and Graphics" | T2 category~separator fuzzy [Visuals and Graphics] shared=visual | MOVE -> [Visual Control]
  Dynamic Candles - Blow Them Out and Light Again | cat none | T4 no rule, category, or keyword matched | stay
  Particle Lights - Christmas in Skyrim - Whiterun (ENB and Community Shaders) | cat #2 "Buildings" | T3 keyword [community shaders] | MOVE -> [Community Shaders Mods {disable to use ENB}]
  Dark Elf Lantern - ENB Light - Community Shader Light Limit Fix Light - Animated Glow | cat #22 "Visuals and Graphics" | T2 category~separator fuzzy [Visuals and Graphics] shared=visual | MOVE -> [Visual Control]
  Particle Patch -Glow Maps | cat #22 "Visuals and Graphics" | family: follows master [Particle Patch] | MOVE -> [Visual Control]
  ENB Particle Light for Wearable Lanterns | cat #30 "Immersion" | T2 category~separator fuzzy [Immersion] shared=immersion | MOVE -> [AI & Immersion]
  Particle Patch | cat #22 "Visuals and Graphics" | T2 category~separator fuzzy [Visuals and Graphics] shared=visual | MOVE -> [Visual Control]
  Phitt's Morrowind Style Lanterns | cat #32 "Modders Resources" | T2 category~separator fuzzy [Modders Resources] shared=modder | MOVE -> [Unofficial Skyrim Modders Patch Emporium]
  Pretty Lantern Replacer SE | cat #8 "Models and Textures" | T4 no rule, category, or keyword matched | stay
  201 Stained Glass Lanterns | cat #35 "Items and Objects - World" | T2 category~separator fuzzy [Items and Objects - World] shared=item | MOVE -> [Items]
  Radiant - Candles | cat #22 "Visuals and Graphics" | T2 category~separator fuzzy [Visuals and Graphics] shared=visual | MOVE -> [Visual Control]
  Default Female at Character Creation | cat #7 "Miscellaneous" | T4 no rule, category, or keyword matched | stay
  Realm of Lorkhan Nicer Trees | cat #34 "Patches" | T4 no rule, category, or keyword matched | stay
  Realm of Lorkhan - Forgotten Shrines | cat #7 "Miscellaneous" | T4 no rule, category, or keyword matched | stay
  Realm of Lorkhan Better Bridges | cat #34 "Patches" | T4 no rule, category, or keyword matched | stay
  Realm of Lorkhan - Bleak Falls Barrow Dragonstone Skip | cat #34 "Patches" | T4 no rule, category, or keyword matched | stay
  Realm of Lorkhan - Unbound Quest Fix | cat #34 "Patches" | T4 no rule, category, or keyword matched | stay
  Alternate Perspective - Realm of Lorkhan Patch (Updated for v4) | cat none | T4 no rule, category, or keyword matched | stay
  Alternate Perspective - Realm of Lorkhan Patch | cat none | T4 no rule, category, or keyword matched | stay
  Realm of Lorkhan - Bring Back the Tamriel Shards Patch | cat none | T4 no rule, category, or keyword matched | stay
  Realm of Lorkhan - Shard cost reversed | cat #3 "Gameplay" | T2 category==separator [Gameplay] | MOVE -> [Gameplay]
  Realm of Lorkhan - Freeform Alternate Start 4 | cat #31 "Overhauls" | T4 no rule, category, or keyword matched | stay
  Realm of Lorkhan - Freeform Alternate Start | cat none | T4 no rule, category, or keyword matched | stay
  Alternate Perspective - Modded Armors In Wardrobe - SkyPatched | cat none | T4 no rule, category, or keyword matched | stay
  Alternate Perspective - Skyrim Landscape and Water Fixes Patch | cat none | family: follows master [Skyrim Landscape and Water Fixes] | MOVE -> [Water]
  Alternate Perspective - Helgen Reborn Patch | cat #34 "Patches" | family: follows master [Helgen Reborn] | MOVE -> [Vanilla Quest Fixes & Tweaks]
  Alternate Perspective - Voiced Addon | cat none | T4 no rule, category, or keyword matched | stay
  Alternate Perspective 4.0.3 - Alternate Start | cat none | T4 no rule, category, or keyword matched | stay
  Alternate Perspective - Alternate Start | cat none | T4 no rule, category, or keyword matched | stay
  Conquest of Skyrim (Don't enable before finishing the civil war) | cat #4 "Guilds/Factions" | T2 category~separator fuzzy [Guilds/Factions] shared=faction | MOVE -> [Faction Quest Fixes & Tweaks]
  Snazzy Wall Mounted Trophies - DTA Patch | cat #8 "Models and Textures" | T4 no rule, category, or keyword matched | stay
  Snazzy Wall Mounted Trophies - Base Object Swapper | cat none | T3 keyword [base object swapper] | MOVE -> [Extension Frameworks - Engines Patches]
  Dynamic Things Alternative - Base Object Swapper | cat none | T3 keyword [base object swapper] | MOVE -> [Extension Frameworks - Engines Patches]
  AI Overhaul SSE SkyPatcher Patch | cat #34 "Patches" | T3 keyword [skypatcher] | MOVE -> [Extension Frameworks - Engines Patches]
  AI Overhaul SPID Patch | cat #31 "Overhauls" | family: follows master [AI Overhaul SSE] | stay
  AI Overhaul SSE | cat #31 "Overhauls" | T4 no rule, category, or keyword matched | stay
  Fishermen Fish | cat none | T4 no rule, category, or keyword matched | stay
  Populated Cities Towns Villages SE Edition | cat #9 "NPC" | T2 category~separator fuzzy [NPC] shared=npc | MOVE -> [NPCs and Behaviour]
  Soulgem Stand Redone | cat #8 "Models and Textures" | T4 no rule, category, or keyword matched | stay
  Multilayer Parallax Gems | cat #8 "Models and Textures" | T4 no rule, category, or keyword matched | stay
  Soul Gem Universal Sorting - SkyPatcher | cat #7 "Miscellaneous" | T3 keyword [skypatcher] | MOVE -> [Extension Frameworks - Engines Patches]
  Crystalline Soul Gems | cat #8 "Models and Textures" | T4 no rule, category, or keyword matched | stay
  Mihail Soul Cairn Drainlife Crystal - Retexture | cat #8 "Models and Textures" | T4 no rule, category, or keyword matched | stay
  MultiLayer Parallax Soul Gems SSE | cat #8 "Models and Textures" | T4 no rule, category, or keyword matched | stay
  ElSopa - Azura's Star Redone SE | cat #8 "Models and Textures" | T4 no rule, category, or keyword matched | stay
  Soulgems Azura's star realm and holders HD SE | cat #8 "Models and Textures" | T4 no rule, category, or keyword matched | stay
  Acquisitive Soul Gems Multithreaded | cat #40 "Magic - Gameplay" | T2 category~separator fuzzy [Magic - Gameplay] shared=magic | MOVE -> [Magic, Spells, and Enchantments]
  SB's Mage Hover Shouts Animations - Standalone | cat #17 "Animation" | T2 category~separator fuzzy [Animation] shared=animation | MOVE -> [Animations]
  Elemental Mastery Magic | cat #27 "Magic - Spells & Enchantments" | T2 category~separator fuzzy [Magic - Spells & Enchantments] shared=magic+spell+enchantment | stay
  Skyrim Teleportation Collection | cat #27 "Magic - Spells & Enchantments" | T2 category~separator fuzzy [Magic - Spells & Enchantments] shared=magic+spell+enchantment | stay
  Abyssal Wind Magic | cat #27 "Magic - Spells & Enchantments" | T2 category~separator fuzzy [Magic - Spells & Enchantments] shared=magic+spell+enchantment | stay
  Draconic Mastery Overhaul (Dragons Spells) ENG_SE_ESL | cat #27 "Magic - Spells & Enchantments" | T2 category~separator fuzzy [Magic - Spells & Enchantments] shared=magic+spell+enchantment | stay
  Lanternlight - A Candlelight Replacer | cat #27 "Magic - Spells & Enchantments" | T2 category~separator fuzzy [Magic - Spells & Enchantments] shared=magic+spell+enchantment | stay
  Alteration - Grant Armor | cat #27 "Magic - Spells & Enchantments" | T2 category~separator fuzzy [Magic - Spells & Enchantments] shared=magic+spell+enchantment | stay
  WInter Wonderland Magic | cat #27 "Magic - Spells & Enchantments" | T2 category~separator fuzzy [Magic - Spells & Enchantments] shared=magic+spell+enchantment | stay
  HANABI (Fireworks) | cat #17 "Animation" | T2 category~separator fuzzy [Animation] shared=animation | MOVE -> [Animations]
  Levitation - a Paraglider add-on Stand-Alone | cat #17 "Animation" | T2 category~separator fuzzy [Animation] shared=animation | MOVE -> [Animations]
  Dishonored Blink Spell | cat #27 "Magic - Spells & Enchantments" | T2 category~separator fuzzy [Magic - Spells & Enchantments] shared=magic+spell+enchantment | stay
  Jaxonz Blink Teleport SE | cat none | T4 no rule, category, or keyword matched | stay
  Magical Blink | cat #3 "Gameplay" | T2 category==separator [Gameplay] | MOVE -> [Gameplay]
  Optimised Scripts for Apocalypse | cat none | T4 no rule, category, or keyword matched | stay
  Apocalypse - Magic of Skyrim Cleaned and Enhanced Textures | cat #8 "Models and Textures" | T4 no rule, category, or keyword matched | stay
  More Apocalypse - An expansion for Apocalypse - Magic of Skyrim | cat #27 "Magic - Spells & Enchantments" | T2 category~separator fuzzy [Magic - Spells & Enchantments] shared=magic+spell+enchantment | stay
  Apocalypse - Magic of Skyrim | cat #27 "Magic - Spells & Enchantments" | T2 category~separator fuzzy [Magic - Spells & Enchantments] shared=magic+spell+enchantment | stay
  Invisible Clairvoyance NG | cat none | T4 no rule, category, or keyword matched | stay
  Clairvoyance Fix | cat #27 "Magic - Spells & Enchantments" | T2 category~separator fuzzy [Magic - Spells & Enchantments] shared=magic+spell+enchantment | stay
  Clairvoyance and other concentration powers | cat #27 "Magic - Spells & Enchantments" | T2 category~separator fuzzy [Magic - Spells & Enchantments] shared=magic+spell+enchantment | stay
  A Guiding Light - Clairvoyance Reimagined | cat #27 "Magic - Spells & Enchantments" | T2 category~separator fuzzy [Magic - Spells & Enchantments] shared=magic+spell+enchantment | stay
  Roleplaying In Skyrim - Origins | cat none | T4 no rule, category, or keyword matched | stay
  Hearthfire multiple adoptions - Now with custom home support for kids and spouse | cat #3 "Gameplay" | T2 category==separator [Gameplay] | stay
  Become High King of Skyrim TNG | cat none | T4 no rule, category, or keyword matched | stay
  Become High King of Skyrim V2 SE | cat #3 "Gameplay" | T2 category==separator [Gameplay] | stay
  Potion Condenser | cat #41 "Alchemy" | T2 category==separator [Alchemy] | MOVE -> [Alchemy]
  Unlimited Bookshelves - SkyPatcher Edition | cat #24 "Player homes" | T2 category==separator [Player homes] | MOVE -> [Player Homes]
  Shut Up Heimskr | cat none | T4 no rule, category, or keyword matched | stay
  The Thieves Guild Ladder - Skyrim Special Edition | cat #13 "Utilities" | T2 category==separator [Utilities] | MOVE -> [Utilities]
  Earth Forge | cat #3 "Gameplay" | T2 category==separator [Gameplay] | stay
  True Thane SE | cat #30 "Immersion" | T2 category~separator fuzzy [Immersion] shared=immersion | MOVE -> [AI & Immersion]
  Civil War Neutrality SSE | cat #3 "Gameplay" | T2 category==separator [Gameplay] | stay
  Better Grabbing | cat #31 "Overhauls" | T4 no rule, category, or keyword matched | stay
  Grab And Throw | cat none | T4 no rule, category, or keyword matched | stay
  Arachnophobia - Spiders are Wolves - Chaurus are Bears - No Cobwebs or Eggs | cat none | T4 no rule, category, or keyword matched | stay
  Passive Weapon Enchantment Recharging - Enchanted Weapons Recharge Over Time | cat #27 "Magic - Spells & Enchantments" | T2 category~separator fuzzy [Magic - Spells & Enchantments] shared=magic+spell+enchantment | MOVE -> [Magic, Spells, and Enchantments]
  Skeleton Key Dilemma | cat #11 "Quests and Adventures" | T2 category~separator fuzzy [Quests and Adventures] shared=quest | MOVE -> [New Lands and Quests]
  Simple Actions 4.0 - Go to bed patch | cat none | T4 no rule, category, or keyword matched | stay
  Simple Actions - The floor is as good a place to sleep (or sit) as any by BralorMarr | cat #30 "Immersion" | T2 category~separator fuzzy [Immersion] shared=immersion | MOVE -> [AI & Immersion]
  Go to bed | cat #30 "Immersion" | T2 category~separator fuzzy [Immersion] shared=immersion | MOVE -> [AI & Immersion]
  Bathtubs Basins and Beyond - BiSR edit | cat #30 "Immersion" | T2 category~separator fuzzy [Immersion] shared=immersion | MOVE -> [AI & Immersion]
  Bathtubs Basins and Beyond | cat none | T4 no rule, category, or keyword matched | stay
  Bathing in Skyrim - Renewed | cat none | T4 no rule, category, or keyword matched | stay
  Bathing in Skyrim | cat #30 "Immersion" | T2 category~separator fuzzy [Immersion] shared=immersion | MOVE -> [AI & Immersion]
  Miscellaneous Embers XD Patches | cat none | T4 no rule, category, or keyword matched | stay
  CC Fishing Campfire patch | cat #34 "Patches" | T4 no rule, category, or keyword matched | stay
  Campfire - Complete Camping System (Supports Skyrim VR) | cat #9 "NPC" | T2 category~separator fuzzy [NPC] shared=npc | MOVE -> [NPCs and Behaviour]
  Heels - Sound Record Distributor (SRD) - Patch Hub | cat none | family: follows master [Sound Record Distributor] | MOVE -> [Audio Fixes & Overhauls]
  All Female High Heels Sound | cat #49 "Audio" | T2 category~separator fuzzy [Audio] shared=audio | MOVE -> [Audio Fixes & Overhauls]
  A New Realistic High Heels Sound Bank (HQ) | cat #49 "Audio" | T2 category~separator fuzzy [Audio] shared=audio | MOVE -> [Audio Fixes & Overhauls]
  Sound for High Heels framework | cat #49 "Audio" | T2 category~separator fuzzy [Audio] shared=audio | MOVE -> [Audio Fixes & Overhauls]
  Heel sound footstep sound replacement | cat #49 "Audio" | T2 category~separator fuzzy [Audio] shared=audio | MOVE -> [Audio Fixes & Overhauls]
  Wolverine Claws Impact SFX - Sound for Wolverine's Claws | cat #49 "Audio" | T2 category~separator fuzzy [Audio] shared=audio | MOVE -> [Audio Fixes & Overhauls]
  Dovahkiin No The Mirmulnir Fix | cat #42 "Bug Fixes" | T2 category~separator fuzzy [Bug Fixes] shared=bug+fixe | MOVE -> [Essential Bug Fixes]
  Wyrm - The Ancient Ones | cat #49 "Audio" | T2 category~separator fuzzy [Audio] shared=audio | MOVE -> [Audio Fixes & Overhauls]
  Wyrm - Dragons Sounds Rework | cat #49 "Audio" | T2 category~separator fuzzy [Audio] shared=audio | MOVE -> [Audio Fixes & Overhauls]
  Unofficial High Definition Audio Project | cat #49 "Audio" | T2 category~separator fuzzy [Audio] shared=audio | MOVE -> [Audio Fixes & Overhauls]
  Crackling Fire | cat #49 "Audio" | T2 category~separator fuzzy [Audio] shared=audio | MOVE -> [Audio Fixes & Overhauls]
  The Sounds of Towns and Cities | cat #49 "Audio" | T2 category~separator fuzzy [Audio] shared=audio | MOVE -> [Audio Fixes & Overhauls]
  Colossus -Giants SFX Voice Rework | cat #49 "Audio" | T2 category~separator fuzzy [Audio] shared=audio | MOVE -> [Audio Fixes & Overhauls]
  Mastodon - Mammoth Audio | cat #49 "Audio" | T2 category~separator fuzzy [Audio] shared=audio | MOVE -> [Audio Fixes & Overhauls]
  Combat Music Fix NG Updated | cat #42 "Bug Fixes" | T2 category~separator fuzzy [Bug Fixes] shared=bug+fixe | MOVE -> [Essential Bug Fixes]
  Sound Fix for Large Sector Drives | cat #42 "Bug Fixes" | T2 category~separator fuzzy [Bug Fixes] shared=bug+fixe | MOVE -> [Essential Bug Fixes]
  Aetherial Link - Cloud and Linked Storage for Skyrim | cat #3 "Gameplay" | T2 category==separator [Gameplay] | MOVE -> [Gameplay]
  SSAssist Tools SSE | cat #22 "Visuals and Graphics" | T2 category~separator fuzzy [Visuals and Graphics] shared=visual | MOVE -> [Visual Control]
  Vanity Mirror SE | cat #21 "Clothing and Accessories" | T2 category~separator fuzzy [Clothing and Accessories] shared=clothing | MOVE -> [Clothing and Jewelry]
  Animated Wings Ultimate | cat none | T4 no rule, category, or keyword matched | stay
  [Melodic] Egyptian Accesories CBBE 3BA SE | cat none | T3 keyword [cbbe] | MOVE -> [Skin & Body]
  ELLE - Dangerous Gladiator 3BA-BHUNP - Recolor | cat #19 "Armour" | T2 category~separator fuzzy [Armour] shared=armour | stay
  DCR - Daring King Crusader Armor | cat #19 "Armour" | T2 category~separator fuzzy [Armour] shared=armour | stay
  DX Merta Assassin Armor BHUNP-3BA SE | cat #19 "Armour" | T2 category~separator fuzzy [Armour] shared=armour | stay
  Tera Armors Collection 3BA Conversion | cat #19 "Armour" | T2 category~separator fuzzy [Armour] shared=armour | stay
  Tera Armors Collection - HIMBO Conversion | cat #19 "Armour" | T2 category~separator fuzzy [Armour] shared=armour | stay
  HDT-SMP Vanilla Armors | cat none | T4 no rule, category, or keyword matched | stay
  Nordwarua - Sons of Skyrim - SOSAM Conversion | cat #19 "Armour" | T2 category~separator fuzzy [Armour] shared=armour | stay
  Multilayer Parallax Animated Dawnbreaker PBR | cat #20 "Weapons" | T2 category==separator [Weapons] | stay
  Skrub's Guns and Funs Mod AKA 1st Person Guns in Skyrim V1 | cat #20 "Weapons" | T2 category==separator [Weapons] | stay
  Spear of Skyrim | cat #20 "Weapons" | T2 category==separator [Weapons] | stay
  Kemper's Weapon Collection II | cat #20 "Weapons" | T2 category==separator [Weapons] | stay
  Kemper's Weapon Collection | cat #20 "Weapons" | T2 category==separator [Weapons] | stay
  Sword of Thorns | cat #20 "Weapons" | T2 category==separator [Weapons] | stay
  Vibrant Weapons EAE - Patches | cat #22 "Visuals and Graphics" | family: follows master [Vibrant Weapons EAE] | MOVE -> [Visual Control]
  Vibrant Weapons EAE | cat #22 "Visuals and Graphics" | T2 category~separator fuzzy [Visuals and Graphics] shared=visual | MOVE -> [Visual Control]
  Lasers (Magicka Blasters) | cat none | T4 no rule, category, or keyword matched | stay
  Wolverine Claws - animated SSE | cat none | T4 no rule, category, or keyword matched | stay
  ELAF Gunpowder | cat #41 "Alchemy" | T2 category==separator [Alchemy] | MOVE -> [Alchemy]
  Project Flintlock SE | cat none | T4 no rule, category, or keyword matched | stay
  Trueflame and Hopesfire - New Model Visuals and Enchantment | cat #20 "Weapons" | T2 category==separator [Weapons] | stay
  True Trueflame and Hopesfire | cat #20 "Weapons" | T2 category==separator [Weapons] | stay
  dwarven beam blades | cat none | T4 no rule, category, or keyword matched | stay
  Dragon Glass Weapons | cat #20 "Weapons" | T2 category==separator [Weapons] | stay
  Flintlock Pistols for Adventurers - VR Patch | cat #20 "Weapons" | T2 category==separator [Weapons] | stay
  Flintlock Pistols for Adventurers (Fix for 1.6.1170) | cat none | T4 no rule, category, or keyword matched | stay
  Flintlock Pistols for Adventurers (travelling in hostile environments) | cat #20 "Weapons" | T2 category==separator [Weapons] | stay
  AutoCrossbow - Remesh | cat #42 "Bug Fixes" | T2 category~separator fuzzy [Bug Fixes] shared=bug+fixe | MOVE -> [Essential Bug Fixes]
  Automatic Crossbows SE | cat #20 "Weapons" | T2 category==separator [Weapons] | stay
  Legendary Skyrim Crossbows SSE | cat #20 "Weapons" | T2 category==separator [Weapons] | stay
  Flaming Skull Bikini Pasties BHUNP CBBE3BA Dynamic Conditional | cat #21 "Clothing and Accessories" | T2 category~separator fuzzy [Clothing and Accessories] shared=clothing | MOVE -> [Clothing and Jewelry]
  ELLE Viper 3BA - BHUNP | cat #19 "Armour" | T2 category~separator fuzzy [Armour] shared=armour | MOVE -> [Armour Conversions]
  Obsidian Elegance (CBBE 3BA) | cat #21 "Clothing and Accessories" | T2 category~separator fuzzy [Clothing and Accessories] shared=clothing | MOVE -> [Clothing and Jewelry]
  [Melodic] Lacey dress SE | cat none | T4 no rule, category, or keyword matched | stay
  [Melodic] Goldbikini SE | cat none | T4 no rule, category, or keyword matched | stay
  Silver Witch 3BA SMP | cat #19 "Armour" | T2 category~separator fuzzy [Armour] shared=armour | MOVE -> [Armour Conversions]
  Dark Dreams | cat #19 "Armour" | T2 category~separator fuzzy [Armour] shared=armour | MOVE -> [Armour Conversions]
  DX Fetish Fashion Volume 2 SE - CBBE Physics - 3BA - BHUNP | cat #21 "Clothing and Accessories" | T2 category~separator fuzzy [Clothing and Accessories] shared=clothing | MOVE -> [Clothing and Jewelry]
  DX Fetish Fashion Volume 1 SE CBBE - 3BA - BHUNP | cat #21 "Clothing and Accessories" | T2 category~separator fuzzy [Clothing and Accessories] shared=clothing | MOVE -> [Clothing and Jewelry]
  Icestorm High Heels Collection For Skyrim | cat #21 "Clothing and Accessories" | T2 category~separator fuzzy [Clothing and Accessories] shared=clothing | MOVE -> [Clothing and Jewelry]
  Queen Marika's Dress | cat #19 "Armour" | T2 category~separator fuzzy [Armour] shared=armour | MOVE -> [Armour Conversions]
  Fuse00 - Helga Armor 3BA UBE SMP (v2) | cat #19 "Armour" | T2 category~separator fuzzy [Armour] shared=armour | MOVE -> [Armour Conversions]
  ELLE - Sparrows Mage 3BA-BHUNP | cat #19 "Armour" | T2 category~separator fuzzy [Armour] shared=armour | MOVE -> [Armour Conversions]
  ELLE - Dark Rebel 3BA-BHUNP | cat #19 "Armour" | T2 category~separator fuzzy [Armour] shared=armour | MOVE -> [Armour Conversions]
  ELLE - Dangerous Gladiator 3BA-BHUNP | cat #19 "Armour" | T2 category~separator fuzzy [Armour] shared=armour | MOVE -> [Armour Conversions]
  Fuse00 HDT-SMP Rogue Set HIMBO Refit and Variants | cat #19 "Armour" | T2 category~separator fuzzy [Armour] shared=armour | MOVE -> [Armour Conversions]
  Skyforge Assassins CBBE - 3BA - BHUNP | cat #19 "Armour" | T2 category~separator fuzzy [Armour] shared=armour | MOVE -> [Armour Conversions]
  Raven HDT-SMP Armor | cat #19 "Armour" | T2 category~separator fuzzy [Armour] shared=armour | MOVE -> [Armour Conversions]
  Tera Armors Collection Skyim Special Edition | cat none | T4 no rule, category, or keyword matched | stay
  Invisible Armors Enhanced | cat none | T4 no rule, category, or keyword matched | stay
  AC Black Flag - Edward Kenway outfit | cat none | T4 no rule, category, or keyword matched | stay
  DX Merta Assassin Outfit - UNP | cat #19 "Armour" | T2 category~separator fuzzy [Armour] shared=armour | MOVE -> [Armour Conversions]
  DCR - King Crusader Mega Pack | cat #19 "Armour" | T2 category~separator fuzzy [Armour] shared=armour | MOVE -> [Armour Conversions]
  Winterhold Spellblades - Guard Tweaks and Armor Replacer | cat #19 "Armour" | T2 category~separator fuzzy [Armour] shared=armour | MOVE -> [Armour Conversions]
  Sons of Skyrim Complex Material | cat #8 "Models and Textures" | T4 no rule, category, or keyword matched | stay
  Sons of Skyrim - HDT Physics for Cloaks Patch | cat #34 "Patches" | T4 no rule, category, or keyword matched | stay
  Sons of Skyrim - My patches and fixes SE by Xtudo - Desaturated 2K textures | cat none | T4 no rule, category, or keyword matched | stay
  SOS V2.0 - SE by Xtudo - Smaller Shields | cat #12 "Weapons and Armour" | T2 category~separator fuzzy [Weapons and Armour] shared=weapon+armour | MOVE -> [Weapons, Armour, Clothing, and Clutter Fixes]
  SOS V2.0 - SE by Xtudo - Sentinel patch | cat #12 "Weapons and Armour" | T2 category~separator fuzzy [Weapons and Armour] shared=weapon+armour | MOVE -> [Weapons, Armour, Clothing, and Clutter Fixes]
  SOS V2.0 - SE by Xtudo - Fixes | cat none | T4 no rule, category, or keyword matched | stay
  Sons of Skyrim v2.0 - 3BA | cat #19 "Armour" | T2 category~separator fuzzy [Armour] shared=armour | MOVE -> [Armour Conversions]
  Sons of Skyrim - HIMBO | cat #19 "Armour" | T2 category~separator fuzzy [Armour] shared=armour | MOVE -> [Armour Conversions]
  Sons of Skyrim for v2.0 - Dawnstar Guard Armor Fix | cat #19 "Armour" | family: follows master [Sons of Skyrim] | stay
  Sentinel Patch for Sons of Skyrim - HDT-SMP Cloaks | cat #34 "Patches" | T4 no rule, category, or keyword matched | stay
  Sentinel - Patch Collection | cat none | T4 no rule, category, or keyword matched | stay
  Sons of Skyrim | cat none | T4 no rule, category, or keyword matched | stay
  Sentinel - An Equipment Overhaul | cat none | T4 no rule, category, or keyword matched | stay
  Sentinel - Required Resources | cat none | T4 no rule, category, or keyword matched | stay
  Apophysis Dragon Priest Masks SE | cat #8 "Models and Textures" | T4 no rule, category, or keyword matched | stay
  Dwemer Weapons Glowmapped | cat #8 "Models and Textures" | T4 no rule, category, or keyword matched | stay
  CBPC Equipment Physics | cat #22 "Visuals and Graphics" | T2 category~separator fuzzy [Visuals and Graphics] shared=visual | MOVE -> [Visual Control]
  Refracting Stalhrim Armors and Weapons | cat none | T4 no rule, category, or keyword matched | stay
  Light Refracting Glass Armors and Weapons (reinstall fomod for other options) | cat #12 "Weapons and Armour" | T2 category~separator fuzzy [Weapons and Armour] shared=weapon+armour | MOVE -> [Weapons, Armour, Clothing, and Clutter Fixes]
  Dwemer Armor Glowmapped CBBE HIMBO | cat #19 "Armour" | T2 category~separator fuzzy [Armour] shared=armour | MOVE -> [Armour Conversions]
  Dwemer Armor Glowmapped | cat #8 "Models and Textures" | T4 no rule, category, or keyword matched | stay
  Mage Armor Script Fix | cat #42 "Bug Fixes" | T2 category~separator fuzzy [Bug Fixes] shared=bug+fixe | MOVE -> [Essential Bug Fixes]
  LWs BSW Orcish Greatsword inventory fix - sheath | cat #8 "Models and Textures" | T4 no rule, category, or keyword matched | stay
  LeanWolf's Better-Shaped Weapons - All in One Installer | cat #8 "Models and Textures" | T4 no rule, category, or keyword matched | stay
  Skyrim Unlimited Rings and Amulets SSE | cat #19 "Armour" | T2 category~separator fuzzy [Armour] shared=armour | MOVE -> [Armour Conversions]
  [Melodic] Egyptian Accessory CBBE | cat none | T3 keyword [cbbe] | MOVE -> [Skin & Body]
  [Melodic] Egyptian Accessory | cat none | T4 no rule, category, or keyword matched | stay
  Sharkish Piercings - BHUNP and 3BA Body Piercings | cat none | T3 keyword [3ba] | MOVE -> [Skin & Body]
  Simple God Ring | cat #14 "Cheats and God items" | T2 category~separator fuzzy [Cheats and God items] shared=item | MOVE -> [Items]
  El Men's Underwear - SOSAM Refit | cat #19 "Armour" | T2 category~separator fuzzy [Armour] shared=armour | MOVE -> [Armour Conversions]
  El Men's Underwear | cat none | T4 no rule, category, or keyword matched | stay
  Countess Ensemble BHUNP | cat #21 "Clothing and Accessories" | T2 category~separator fuzzy [Clothing and Accessories] shared=clothing | stay
  DX Azur Lane St. Louis CBBE - 3BA - BHUNP | cat #21 "Clothing and Accessories" | T2 category~separator fuzzy [Clothing and Accessories] shared=clothing | stay
  Vtaw Wardrobe 5 - CBBE SE - CBBE SMP - CBBE 3BA - BodySlide | cat #21 "Clothing and Accessories" | T2 category~separator fuzzy [Clothing and Accessories] shared=clothing | stay
  Vtaw Wardrobe 4 - CBBE - BHUNP - BodySlide with 3BBB Support | cat #21 "Clothing and Accessories" | T2 category~separator fuzzy [Clothing and Accessories] shared=clothing | stay
  Converse Shoes UNP-CBBE SSE Bodyslide | cat #21 "Clothing and Accessories" | T2 category~separator fuzzy [Clothing and Accessories] shared=clothing | stay
  Ankle Boots - CBBE BodySlide | cat #21 "Clothing and Accessories" | T2 category~separator fuzzy [Clothing and Accessories] shared=clothing | stay
  Catsuits and Corsets by 1Nye (3BA) | cat #21 "Clothing and Accessories" | T2 category~separator fuzzy [Clothing and Accessories] shared=clothing | stay
  DX RedRibbon CBBE Physics 3BA BHUNP | cat #21 "Clothing and Accessories" | T2 category~separator fuzzy [Clothing and Accessories] shared=clothing | stay
  Obi's Greaser Outfit 3BA 4k | cat #21 "Clothing and Accessories" | T2 category~separator fuzzy [Clothing and Accessories] shared=clothing | stay
  Ata High Heels | cat #21 "Clothing and Accessories" | T2 category~separator fuzzy [Clothing and Accessories] shared=clothing | stay
  More Varied Clothes | cat #21 "Clothing and Accessories" | T2 category~separator fuzzy [Clothing and Accessories] shared=clothing | stay
  Common Clothing Expansion - Common Clothes and Armors Integration - SkyPatched | cat #34 "Patches" | T4 no rule, category, or keyword matched | stay
  Common Clothing Expansion - CBBE 3BA | cat #21 "Clothing and Accessories" | T2 category~separator fuzzy [Clothing and Accessories] shared=clothing | stay
  Common Clothing Expansion | cat #21 "Clothing and Accessories" | T2 category~separator fuzzy [Clothing and Accessories] shared=clothing | stay
  Blue Jeans Plus Volume 3 Recolor and Port | cat #21 "Clothing and Accessories" | T2 category~separator fuzzy [Clothing and Accessories] shared=clothing | stay
  TBOS Hepsy Jeans SSE | cat none | T4 no rule, category, or keyword matched | stay
  Artesian Cloaks of Skyrim | cat #34 "Patches" | T4 no rule, category, or keyword matched | stay
  Divine Daedric Cloaks - Skypatched | cat #34 "Patches" | T4 no rule, category, or keyword matched | stay
  Divine and Daedric Cloaks | cat #21 "Clothing and Accessories" | T2 category~separator fuzzy [Clothing and Accessories] shared=clothing | stay
  Cloaks of Lace for Lady SSE | cat #21 "Clothing and Accessories" | T2 category~separator fuzzy [Clothing and Accessories] shared=clothing | stay
  Nirn Necessities - My patches SE by Xtudo - Non-HDT Optimized Textures Backpack Satchel Scarf Cape Cloak Gaiter | cat none | T4 no rule, category, or keyword matched | stay
  Nirn Necessities - SMP Accessories | cat #21 "Clothing and Accessories" | T2 category~separator fuzzy [Clothing and Accessories] shared=clothing | stay
  Jennes Thigh Boots- -BHUNP 3BBB- -CBBE 3BBB- | cat #21 "Clothing and Accessories" | T2 category~separator fuzzy [Clothing and Accessories] shared=clothing | stay
  Vertigo Thigh High Boots - CBBE 3BA | cat #21 "Clothing and Accessories" | T2 category~separator fuzzy [Clothing and Accessories] shared=clothing | stay
  IceStorm NG ShoesPack(clothes) | cat none | T4 no rule, category, or keyword matched | stay
  Myrtles Heels SSE - with Optional Heels Sound | cat #21 "Clothing and Accessories" | T2 category~separator fuzzy [Clothing and Accessories] shared=clothing | stay
  N.U.D.E. powered by Underwear.dll | cat #21 "Clothing and Accessories" | T2 category~separator fuzzy [Clothing and Accessories] shared=clothing | stay
  Underwear.dll urbon's Edit - SOSAM Refit | cat #19 "Armour" | T2 category~separator fuzzy [Armour] shared=armour | MOVE -> [Armour Conversions]
  Underwear.dll | cat #30 "Immersion" | T2 category~separator fuzzy [Immersion] shared=immersion | MOVE -> [AI & Immersion]
  The Ghoulish Pendant | cat #6 "Items and Objects - Player" | T2 category~separator fuzzy [Items and Objects - Player] shared=item | MOVE -> [Items]
  Gemling Queen Jewelry SE USSEP Circlet Fix | cat #8 "Models and Textures" | family: follows master [Unofficial Skyrim Special Edition Patch - USSEP] | MOVE -> [Essential Bug Fixes]
  Gemling Queen Jewelry SE | cat #8 "Models and Textures" | T4 no rule, category, or keyword matched | stay
  Opulent Robe Retexture 2K SE | cat #8 "Models and Textures" | T4 no rule, category, or keyword matched | stay
  Farm Hat 01 Clipping Fix | cat #42 "Bug Fixes" | T2 category~separator fuzzy [Bug Fixes] shared=bug+fixe | MOVE -> [Essential Bug Fixes]
  JS Circlet Replacer | cat #21 "Clothing and Accessories" | T2 category~separator fuzzy [Clothing and Accessories] shared=clothing | stay
  Cathedral - Armory - CBBE BodySlide Patch | cat #12 "Weapons and Armour" | family: follows master [Cathedral - Armory] | MOVE -> [Weapons, Armour, Clothing, and Clutter Fixes]
  Cathedral Armory - Fur Shader - HIMBO Bodyslides | cat #19 "Armour" | T2 category~separator fuzzy [Armour] shared=armour | MOVE -> [Armour Conversions]
  Cathedral Armory - Fur Shader | cat none | T4 no rule, category, or keyword matched | stay
  Cathedral - Armory | cat #12 "Weapons and Armour" | T2 category~separator fuzzy [Weapons and Armour] shared=weapon+armour | MOVE -> [Weapons, Armour, Clothing, and Clutter Fixes]
  Busy Follower Framework | cat #43 "Followers & Companions" | T2 category~separator fuzzy [Followers & Companions] shared=follower | MOVE -> [Follower Compatibility Patches]
  Nether's Follower Framework | cat #43 "Followers & Companions" | T2 category~separator fuzzy [Followers & Companions] shared=follower | MOVE -> [Follower Compatibility Patches]
  Go On Ahead | cat #7 "Miscellaneous" | T4 no rule, category, or keyword matched | stay
  Horde - A Light-Weight SKSE Follower Management System | cat #43 "Followers & Companions" | T2 category~separator fuzzy [Followers & Companions] shared=follower | MOVE -> [Follower Compatibility Patches]
  Willow Card Collector | cat #39 "Collectables, Treasure Hunts, and Puzzles" | T2 category==separator [Collectables, Treasure Hunts, and Puzzles] | MOVE -> [Collectables, Treasure Hunts, and Puzzles]
  Riley Steel Follower SE | cat none | T4 no rule, category, or keyword matched | stay
  Simply Open Source Voice Pack | cat none | T4 no rule, category, or keyword matched | stay
  Pantheon - Anja Iceheart - Nord Frost Witch | cat #43 "Followers & Companions" | T2 category~separator fuzzy [Followers & Companions] shared=follower | MOVE -> [Follower Compatibility Patches]
  NeusKharp Female Followers HPH and EDM Full Custom 3BA AiO ESPFE | cat none | T3 keyword [3ba] | MOVE -> [Skin & Body]
  Mana Vault Follower Resource Pool CBBE 3BA | cat none | T3 keyword [cbbe] | MOVE -> [Skin & Body]
  Gwenifyr - Custom-voiced Breton Female Follower | cat #43 "Followers & Companions" | T2 category~separator fuzzy [Followers & Companions] shared=follower | MOVE -> [Follower Compatibility Patches]
  All Female Housecarls - Essential And Slightly Improved | cat #43 "Followers & Companions" | T2 category~separator fuzzy [Followers & Companions] shared=follower | MOVE -> [Follower Compatibility Patches]
  !Beefcake Adventurers | cat none | T4 no rule, category, or keyword matched | stay
  Twins of Windhelm - Nord Followers | cat #43 "Followers & Companions" | T2 category~separator fuzzy [Followers & Companions] shared=follower | MOVE -> [Follower Compatibility Patches]
  Masculine Housecarls | cat #9 "NPC" | T2 category~separator fuzzy [NPC] shared=npc | MOVE -> [NPCs and Behaviour]
  Shang-Chi and Jason Statham with you in Skyrim | cat #43 "Followers & Companions" | T2 category~separator fuzzy [Followers & Companions] shared=follower | MOVE -> [Follower Compatibility Patches]
  Duneborne Followers | cat #43 "Followers & Companions" | T2 category~separator fuzzy [Followers & Companions] shared=follower | MOVE -> [Follower Compatibility Patches]
  All in one pack Schwarzenegger | cat #43 "Followers & Companions" | T2 category~separator fuzzy [Followers & Companions] shared=follower | MOVE -> [Follower Compatibility Patches]
  Dead and Daedric Guardians | cat none | T4 no rule, category, or keyword matched | stay
  Relationship Dialogue Overhaul (RDO) NPCs - a replacer | cat #9 "NPC" | T2 category~separator fuzzy [NPC] shared=npc | MOVE -> [NPCs and Behaviour]
  Relationship Dialogue Overhaul - Update and MCM | cat #34 "Patches" | T3 keyword [mcm] | MOVE -> [Interface - HUD]
  Relationship Dialogue Overhaul - RDO SE | cat #30 "Immersion" | T2 category~separator fuzzy [Immersion] shared=immersion | MOVE -> [AI & Immersion]
  Positive Undressed Reactions ESL | cat #30 "Immersion" | T2 category~separator fuzzy [Immersion] shared=immersion | MOVE -> [AI & Immersion]
  Naked Comments Overhaul | cat #30 "Immersion" | T2 category~separator fuzzy [Immersion] shared=immersion | MOVE -> [AI & Immersion]
  Dynamic Dialogue Replacer | cat none | T4 no rule, category, or keyword matched | stay
  Vanilla Civil War Dialogue Fix | cat #42 "Bug Fixes" | T2 category~separator fuzzy [Bug Fixes] shared=bug+fixe | MOVE -> [Essential Bug Fixes]
  Cheeky Kids | cat #30 "Immersion" | T2 category~separator fuzzy [Immersion] shared=immersion | MOVE -> [AI & Immersion]
  Collision Dialogue Overhaul | cat #30 "Immersion" | T2 category~separator fuzzy [Immersion] shared=immersion | MOVE -> [AI & Immersion]
  Race Compatibility Dialogue SSE | cat #10 "Races, Classes, and Birthsigns" | T2 category~separator fuzzy [Races, Classes, and Birthsigns] shared=race | MOVE -> [Races]
  Phantom Horse - New Phantom Mounts | cat #33 "Creatures and Mounts" | T4 no rule, category, or keyword matched | stay
  Phantom Horse | cat #27 "Magic - Spells & Enchantments" | T2 category~separator fuzzy [Magic - Spells & Enchantments] shared=magic+spell+enchantment | MOVE -> [Magic, Spells, and Enchantments]
  The Four Horses of the Apocalypse SSE port | cat #33 "Creatures and Mounts" | T4 no rule, category, or keyword matched | stay
  Dragonborn Pastures | cat #37 "Locations -  New" | T2 category~separator fuzzy [Locations -  New] shared=location | MOVE -> [Locations]
  Witcher Horse Expansion | cat #33 "Creatures and Mounts" | T4 no rule, category, or keyword matched | stay
  Equestrian - An SC Horses Overhaul | cat #30 "Immersion" | T2 category~separator fuzzy [Immersion] shared=immersion | MOVE -> [AI & Immersion]
  Craftable Saddles from Witcher 3 | cat #33 "Creatures and Mounts" | T4 no rule, category, or keyword matched | stay
  Skeletal Revenants- Mihail Monsters and Animals (SE-AE version) (''undead'') | cat #33 "Creatures and Mounts" | T4 no rule, category, or keyword matched | stay
  Majestic Dragons - Larger and immersive proportions | cat #33 "Creatures and Mounts" | T4 no rule, category, or keyword matched | stay
  GoT The Black Dread Skull Replacer | cat #8 "Models and Textures" | T4 no rule, category, or keyword matched | stay
  Drogon Alduin - Xila's Monstrrous GoT Dragons | cat none | T4 no rule, category, or keyword matched | stay
  Rhaegal Paarthurnax - Monstrrous GoT Dragons | cat none | T4 no rule, category, or keyword matched | stay
  GoT Dragons Textures - Fixed Soul Absorb And Optimized | cat #8 "Models and Textures" | T4 no rule, category, or keyword matched | stay
  GoT Dragons 16K-8K - Cleaned and Upscaled Textures (Game of Thrones) | cat none | T4 no rule, category, or keyword matched | stay
  HOTD - Meleys as Odahviing | cat #8 "Models and Textures" | T4 no rule, category, or keyword matched | stay
  HotD Dragons - Arrax and Vermax | cat #8 "Models and Textures" | T4 no rule, category, or keyword matched | stay
  HotD Dragons - Season 2 | cat none | T4 no rule, category, or keyword matched | stay
  HotD Dragons - Caraxes | cat #8 "Models and Textures" | T4 no rule, category, or keyword matched | stay
  HotD Dragons-Textures | cat none | T4 no rule, category, or keyword matched | stay
  GoT Dragons-Textures | cat #8 "Models and Textures" | T4 no rule, category, or keyword matched | stay
  HotD and GoT Dragons Standalone | cat none | T4 no rule, category, or keyword matched | stay
  Kojaks Inquisitive Dragons | cat none | T4 no rule, category, or keyword matched | stay
  Incubated Eggs SE (esl) | cat #33 "Creatures and Mounts" | T4 no rule, category, or keyword matched | stay
  Dragon Nests Of Skyrim | cat none | T4 no rule, category, or keyword matched | stay
  Dragon Nests and Eggs | cat none | T4 no rule, category, or keyword matched | stay
  Dragonactorscript infinite loop fix (FOMOD Repatch if using Dragonwar) | cat #42 "Bug Fixes" | T2 category~separator fuzzy [Bug Fixes] shared=bug+fixe | MOVE -> [Essential Bug Fixes]
  Mount Anthor Dragon Fix | cat #42 "Bug Fixes" | T2 category~separator fuzzy [Bug Fixes] shared=bug+fixe | MOVE -> [Essential Bug Fixes]
  Dragon War - Rescaled | cat none | T4 no rule, category, or keyword matched | stay
  Dragon War - Rebalanced | cat #33 "Creatures and Mounts" | T4 no rule, category, or keyword matched | stay
  Dragon War - A Dragon Overhaul | cat #33 "Creatures and Mounts" | T4 no rule, category, or keyword matched | stay
  Pelagius's Wildlife AI - Skypatcher | cat #33 "Creatures and Mounts" | T3 keyword [skypatcher] | MOVE -> [Extension Frameworks - Engines Patches]
  Giant Club Variety- Mihail Weapons and Shields (SE-AE version) | cat #20 "Weapons" | T2 category==separator [Weapons] | MOVE -> [Weapons]
  The Killer Rabbit of Caerbannog- 2023 Easter Special (SE-AE version) | cat #33 "Creatures and Mounts" | T4 no rule, category, or keyword matched | stay
  New Dogs Replacers SE | cat #23 "Followers & Companions - Creatures" | T2 category~separator fuzzy [Followers & Companions - Creatures] shared=follower | MOVE -> [Follower Compatibility Patches]
  DMT's All Dogs Go To Sovngarde V3 Pet Overhaul | cat #31 "Overhauls" | T4 no rule, category, or keyword matched | stay
  Dog Followers are Huskies - No Barking - Silent Stealth | cat #23 "Followers & Companions - Creatures" | T2 category~separator fuzzy [Followers & Companions - Creatures] shared=follower | MOVE -> [Follower Compatibility Patches]
  Realistic Bears Project | cat none | T4 no rule, category, or keyword matched | stay
  Bears of the North Patches | cat none | T4 no rule, category, or keyword matched | stay
  Bears of the North | cat #8 "Models and Textures" | T4 no rule, category, or keyword matched | stay
  Wolves of Cyrodiil - My optimized textures SE by Xtudo | cat #8 "Models and Textures" | T4 no rule, category, or keyword matched | stay
  Wolves of Cyrodiil - Mihail Monsters and Animals (SE-AE version) | cat #33 "Creatures and Mounts" | T4 no rule, category, or keyword matched | stay
  Diverse Dog Textures - SPID | cat #8 "Models and Textures" | T3 keyword [spid] | MOVE -> [Extension Frameworks - Engines Patches]
  Dynamic Animal Variants (1.2.2) | cat #8 "Models and Textures" | T4 no rule, category, or keyword matched | stay
  Dream's Unique Dogs SE | cat #8 "Models and Textures" | T4 no rule, category, or keyword matched | stay
  High-Res Dartwing (Dragonfly) Texture | cat #8 "Models and Textures" | T4 no rule, category, or keyword matched | stay
  Simply Bigger Giants and Mammoths (With fixed hitboxes) | cat #22 "Visuals and Graphics" | T2 category~separator fuzzy [Visuals and Graphics] shared=visual | MOVE -> [Visual Control]
  Mammoth babies for the Mournful Giant | cat #33 "Creatures and Mounts" | T4 no rule, category, or keyword matched | stay
  Baby Mammoths - Mihail Monsters and Animals (SE-AE version) | cat #33 "Creatures and Mounts" | T4 no rule, category, or keyword matched | stay
  Mammoth Expansion - Mihail Monsters and Animals (SE-AE version) (''megafauna'') | cat #33 "Creatures and Mounts" | T4 no rule, category, or keyword matched | stay
  HD Reworked Mammoths 4K | cat #8 "Models and Textures" | T4 no rule, category, or keyword matched | stay
  Piglet - The courageous piggy companion - CC | cat #23 "Followers & Companions - Creatures" | T2 category~separator fuzzy [Followers & Companions - Creatures] shared=follower | MOVE -> [Follower Compatibility Patches]
  Baby Dragon - A Pet Follower | cat #43 "Followers & Companions" | T2 category~separator fuzzy [Followers & Companions] shared=follower | MOVE -> [Follower Compatibility Patches]
  Fenrir the frost wolf sse | cat #43 "Followers & Companions" | T2 category~separator fuzzy [Followers & Companions] shared=follower | MOVE -> [Follower Compatibility Patches]
  Better Males Remesh for Skyrim SE | cat #8 "Models and Textures" | T4 no rule, category, or keyword matched | stay
  Male Feet Replacer | cat #5 "Body, Face, and Hair" | T2 category~separator fuzzy [Body, Face, and Hair] shared=body | MOVE -> [Skin & Body]
  SOS Light Body that can use SOS Full Texture - FINALLY | cat none | T4 no rule, category, or keyword matched | stay
  No Ugly Skinny Offset for Males | cat #17 "Animation" | T2 category~separator fuzzy [Animation] shared=animation | MOVE -> [Animations]
  The New Gentleman - Wet Schlongs | cat #5 "Body, Face, and Hair" | T2 category~separator fuzzy [Body, Face, and Hair] shared=body | MOVE -> [Skin & Body]
  Relatable male body hair pattern | cat #5 "Body, Face, and Hair" | T2 category~separator fuzzy [Body, Face, and Hair] shared=body | MOVE -> [Skin & Body]
  Heartbreaker SAM Light -SOSAM Patch | cat #8 "Models and Textures" | T3 keyword [sosam] | stay
  Heartbreaker - Male CS Advanced Skin | cat #8 "Models and Textures" | T4 no rule, category, or keyword matched | stay
  MOXIE - Masculine Skinblend (Male Skin) | cat #5 "Body, Face, and Hair" | T2 category~separator fuzzy [Body, Face, and Hair] shared=body | MOVE -> [Skin & Body]
  SavrenX Himbo to SAM and Reverse | cat none | T3 keyword [himbo] | stay
  SOSAM - Bodyslide Support | cat none | T3 keyword [sosam] | stay
  BnP male skin schlong normal fix | cat #5 "Body, Face, and Hair" | T2 category~separator fuzzy [Body, Face, and Hair] shared=body | MOVE -> [Skin & Body]
  SavrenX Schlong of SAM | cat none | T3 keyword [schlong] | stay
  Schlongs of Skyrim AE | cat none | T3 keyword [schlong] | stay
  Slightly Refined Hands for HIMBO | cat #8 "Models and Textures" | T3 keyword [himbo] | stay
  Tempered Skins for Males - SOS Full Version | cat #8 "Models and Textures" | T4 no rule, category, or keyword matched | stay
  REALORE MEN'S Skin Texture | cat none | T4 no rule, category, or keyword matched | stay
  BnP male skin (Replacer+Player version) | cat none | T4 no rule, category, or keyword matched | stay
  Highly Improved Male Body Overhaul | cat #5 "Body, Face, and Hair" | T2 category~separator fuzzy [Body, Face, and Hair] shared=body | MOVE -> [Skin & Body]
  SLSB_Billyy_Animations v | cat none | T4 no rule, category, or keyword matched | stay
  From the Deeps SE | cat none | T4 no rule, category, or keyword matched | stay
  SexLab Madness | cat none | T4 no rule, category, or keyword matched | stay
  Cool Drugs | cat #41 "Alchemy" | T2 category==separator [Alchemy] | MOVE -> [Alchemy]
  Cannabis Skyrim SE | cat #30 "Immersion" | T2 category~separator fuzzy [Immersion] shared=immersion | MOVE -> [AI & Immersion]
  The Circle of Lust | cat #37 "Locations -  New" | T2 category~separator fuzzy [Locations -  New] shared=location | MOVE -> [Locations]
  Toys Packs - Love Music LoveCum | cat #17 "Animation" | T2 category~separator fuzzy [Animation] shared=animation | MOVE -> [Animations]
  Toys Voices | cat none | T4 no rule, category, or keyword matched | stay
  Toys and Love | cat #17 "Animation" | T2 category~separator fuzzy [Animation] shared=animation | MOVE -> [Animations]
  TBPainterly Cum Texture | cat none | T4 no rule, category, or keyword matched | stay
  Calyps's adult toys chest SE (ported) NSFW | cat #21 "Clothing and Accessories" | T2 category~separator fuzzy [Clothing and Accessories] shared=clothing | MOVE -> [Clothing and Jewelry]
  Intelligent Voiced Dirty Talk SE | cat none | T4 no rule, category, or keyword matched | stay
  dse-buttplug | cat none | T4 no rule, category, or keyword matched | stay
  Sex Grants Experience | cat #25 "Skills and Leveling" | T2 category~separator fuzzy [Skills and Leveling] shared=skill | MOVE -> [Skills & Perks]
  BBR - a hundred NSFW collectible cards | cat none | T4 no rule, category, or keyword matched | stay
  SL Solutions Revisited Voicepack | cat none | T4 no rule, category, or keyword matched | stay
  SexLab Solutions | cat none | T4 no rule, category, or keyword matched | stay
  Follow me for Sex | cat none | T4 no rule, category, or keyword matched | stay
  Automated SLSB Conversions | cat none | T4 no rule, category, or keyword matched | stay
  Billyy's SLAL Animations | cat none | T4 no rule, category, or keyword matched | stay
  Billyy's SLAL Animations 8.2 | cat none | T4 no rule, category, or keyword matched | stay
  Cobalt Animation Spanking Pack SE | cat none | T4 no rule, category, or keyword matched | stay
  KomAnim AIO SSE | cat none | T4 no rule, category, or keyword matched | stay
  FunnyBizness | cat none | T4 no rule, category, or keyword matched | stay
  SexLab Random Sex NG | cat none | T4 no rule, category, or keyword matched | stay
  Horny Creatures of Skyrim SE | cat none | T4 no rule, category, or keyword matched | stay
  SexLab More Nasty Critters Patches | cat none | T4 no rule, category, or keyword matched | stay
  Baka ABC Beast Cocks | cat none | T4 no rule, category, or keyword matched | stay
  More Nasty Critters | cat none | T4 no rule, category, or keyword matched | stay
  SexLab Dragons | cat none | T4 no rule, category, or keyword matched | stay
  Animal SOS ABC SE | cat none | T4 no rule, category, or keyword matched | stay
  [Predator] MME Milk Harness | cat none | T4 no rule, category, or keyword matched | stay
  SexLab Creature Framework | cat none | T4 no rule, category, or keyword matched | stay
  SexLab Aroused Creatures SE | cat none | T4 no rule, category, or keyword matched | stay
  OSL Aroused | cat #30 "Immersion" | T2 category~separator fuzzy [Immersion] shared=immersion | MOVE -> [AI & Immersion]
  Sensual Needs for Flower Girls or SexLab or Ostim | cat #30 "Immersion" | T2 category~separator fuzzy [Immersion] shared=immersion | MOVE -> [AI & Immersion]
  SexLab Framework PPLUS | cat none | T4 no rule, category, or keyword matched | stay
  SexLab Framework PPLUS NG | cat none | T4 no rule, category, or keyword matched | stay
  SexLab Framework AE | cat none | T4 no rule, category, or keyword matched | stay
  Mu Joint Fix | cat none | T4 no rule, category, or keyword matched | stay
  XP32 Maximum Skeleton Special Extended - Fixed Scripts | cat #17 "Animation" | T2 category~separator fuzzy [Animation] shared=animation | MOVE -> [Animations]
  XP32 Maximum Skeleton Special Extended | cat #17 "Animation" | T2 category~separator fuzzy [Animation] shared=animation | MOVE -> [Animations]
  Khajiit Paw (Digitigrade looking feet) | cat none | T4 no rule, category, or keyword matched | stay
  Khajiit Fluffy Fur Body HIMBO and 3BA | cat none | T3 keyword [himbo] | MOVE -> [Male Body Additions]
  Muscular Khajiit Textures and Skeleton | cat #8 "Models and Textures" | T4 no rule, category, or keyword matched | stay
  Fluffy Khajiit 2 Himbo | cat none | T3 keyword [himbo] | MOVE -> [Male Body Additions]
  Fluffy Khajiit CBBE 3BA | cat #5 "Body, Face, and Hair" | T2 category~separator fuzzy [Body, Face, and Hair] shared=body | MOVE -> [Skin & Body]
  Masculine Khajiit Textures (Grey Cat and Leopard) [Vanilla] | cat none | T4 no rule, category, or keyword matched | stay
  Feminine Khajiit Textures (Grey Cat and Leopard) [CBBE] | cat none | T3 keyword [cbbe] | MOVE -> [Skin & Body]
  fae's Presets for OBody | cat #5 "Body, Face, and Hair" | T2 category~separator fuzzy [Body, Face, and Hair] shared=body | MOVE -> [Skin & Body]
  OWrong Bodies - 3BA Bodyslide presets for OBody | cat none | T3 keyword [bodyslide] | stay
  Preset Pack For Aedra Race and Daedra Race | cat #5 "Body, Face, and Hair" | T2 category~separator fuzzy [Body, Face, and Hair] shared=body | MOVE -> [Skin & Body]
  Creation Club CBBE 3BA | cat #19 "Armour" | T2 category~separator fuzzy [Armour] shared=armour | MOVE -> [Armour Conversions]
  Aetherial girl CBBE 3BA bodyslide preset | cat #43 "Followers & Companions" | T2 category~separator fuzzy [Followers & Companions] shared=follower | MOVE -> [Follower Compatibility Patches]
  Realistic Racial Body Diversity - OBody NG Config (CBBE 3BA - HIMBO) | cat #5 "Body, Face, and Hair" | T2 category~separator fuzzy [Body, Face, and Hair] shared=body | MOVE -> [Skin & Body]
  Young Wolverine- A RaceMenu Preset | cat none | T3 keyword [racemenu] | MOVE -> [Character Creation]
  The Wolverine - A RaceMenu Preset | cat none | T3 keyword [racemenu] | MOVE -> [Character Creation]
  Shield-Brother Physique - SerketHetyt's HIMBO Bodyslide Preset | cat #5 "Body, Face, and Hair" | T2 category~separator fuzzy [Body, Face, and Hair] shared=body | MOVE -> [Skin & Body]
  Vrayth's Racemenu Presets - Male and Female - EFM - High Poly Head | cat #5 "Body, Face, and Hair" | T2 category~separator fuzzy [Body, Face, and Hair] shared=body | MOVE -> [Skin & Body]
  Pride of Skyrim 11 - High Poly Head Male Presets Vol. 2 | cat none | T4 no rule, category, or keyword matched | stay
  HIMBOSAM - A male body preset | cat #5 "Body, Face, and Hair" | T2 category~separator fuzzy [Body, Face, and Hair] shared=body | MOVE -> [Skin & Body]
  Skyrim Outfit Equipment System NG | cat #21 "Clothing and Accessories" | T2 category~separator fuzzy [Clothing and Accessories] shared=clothing | MOVE -> [Clothing and Jewelry]
  OBody HotSwap - CBPC presets for OBody | cat #30 "Immersion" | T2 category~separator fuzzy [Immersion] shared=immersion | MOVE -> [AI & Immersion]
  OBody Next Generation | cat #30 "Immersion" | T2 category~separator fuzzy [Immersion] shared=immersion | MOVE -> [AI & Immersion]
  [Predator] HP Head SMP | cat none | T4 no rule, category, or keyword matched | stay
  [Dint999] Magic Nails (SE) | cat none | T4 no rule, category, or keyword matched | stay
  Diamond Skin - RS Children | cat #9 "NPC" | T2 category~separator fuzzy [NPC] shared=npc | MOVE -> [NPCs and Behaviour]
  Face Discoloration Fix | cat #42 "Bug Fixes" | T2 category~separator fuzzy [Bug Fixes] shared=bug+fixe | MOVE -> [Essential Bug Fixes]
  BnP teeth overhaul | cat #5 "Body, Face, and Hair" | T2 category~separator fuzzy [Body, Face, and Hair] shared=body | stay
  Koralina's Face Details for COtR | cat #5 "Body, Face, and Hair" | T2 category~separator fuzzy [Body, Face, and Hair] shared=body | stay
  Complexions for CotR | cat #5 "Body, Face, and Hair" | T2 category~separator fuzzy [Body, Face, and Hair] shared=body | stay
  BnP - COTR Teeth Overhaul | cat #31 "Overhauls" | T3 keyword [cotr] | stay
  BnP - COtR faces | cat #5 "Body, Face, and Hair" | T2 category~separator fuzzy [Body, Face, and Hair] shared=body | stay
  High Poly COTR | cat #31 "Overhauls" | T3 keyword [cotr] | stay
  COTR Overhaul | cat #31 "Overhauls" | T3 keyword [cotr] | stay
  COtR - HQ Characters creation addon for RM | cat #31 "Overhauls" | T3 keyword [cotr] | stay
  High Poly Head SE | cat none | T4 no rule, category, or keyword matched | stay
  Female Hands Redone 3BA Patch for CBBE | cat #5 "Body, Face, and Hair" | family: follows master [Female Hands Redone] | stay
  Female Hands Redone | cat #5 "Body, Face, and Hair" | T2 category~separator fuzzy [Body, Face, and Hair] shared=body | stay
  BnP - Child Skin | cat #5 "Body, Face, and Hair" | T2 category~separator fuzzy [Body, Face, and Hair] shared=body | stay
  Reverie | cat #5 "Body, Face, and Hair" | T2 category~separator fuzzy [Body, Face, and Hair] shared=body | stay
  BnP female skin (Replacer+Player version) | cat none | T4 no rule, category, or keyword matched | stay
  BodySlide and Outfit Studio | cat #13 "Utilities" | T2 category==separator [Utilities] | MOVE -> [Utilities]
  CBBE 3BA | cat #5 "Body, Face, and Hair" | T2 category~separator fuzzy [Body, Face, and Hair] shared=body | stay
  Caliente's Beautiful Bodies Enhancer -CBBE- | cat #5 "Body, Face, and Hair" | T2 category~separator fuzzy [Body, Face, and Hair] shared=body | stay
  Flex SMP | cat none | T4 no rule, category, or keyword matched | stay
  Goofy Dragonborn Macho Walk | cat none | T4 no rule, category, or keyword matched | stay
  Loving family | cat #17 "Animation" | T2 category~separator fuzzy [Animation] shared=animation | stay
  Simple Pistol Shooting Animation by Loop(Include standalone pistol and crossbow) - SSE | cat #17 "Animation" | T2 category~separator fuzzy [Animation] shared=animation | stay
  Sleeping Expanded - Animations and NPC reactions | cat none | T4 no rule, category, or keyword matched | stay
  Paraphernalia - End of Life | cat #22 "Visuals and Graphics" | T2 category~separator fuzzy [Visuals and Graphics] shared=visual | MOVE -> [Visual Control]
  No More Swimming In Air - Fixed Floating SwimIdle | cat #17 "Animation" | T2 category~separator fuzzy [Animation] shared=animation | stay
  No Spinning Death Animation SE | cat #17 "Animation" | T2 category~separator fuzzy [Animation] shared=animation | stay
  Dynamic Animation Casting - NG | cat #17 "Animation" | T2 category~separator fuzzy [Animation] shared=animation | stay
  Animation Motion Revolution | cat #13 "Utilities" | T2 category==separator [Utilities] | MOVE -> [Utilities]
  Expressive Facial Animation -Male Edition- | cat #17 "Animation" | T2 category~separator fuzzy [Animation] shared=animation | stay
  Expressive Facial Animation -Female Edition- | cat #17 "Animation" | T2 category~separator fuzzy [Animation] shared=animation | stay
  CBPC - Physics with Collisions | cat #17 "Animation" | T2 category~separator fuzzy [Animation] shared=animation | stay
  Miggyluv's Heavy Bodyhair Nipple Fix for HIMBO 5 | cat #5 "Body, Face, and Hair" | T2 category~separator fuzzy [Body, Face, and Hair] shared=body | MOVE -> [Skin & Body]
  HIMBO V3 Bodyhair Overlays for Racemenu | cat #8 "Models and Textures" | T3 keyword [racemenu] | MOVE -> [Character Creation]
  Tramp Stamp - Racemenu Overlays - Tramp Stamp (CBBE 3BA) | cat #5 "Body, Face, and Hair" | T2 category~separator fuzzy [Body, Face, and Hair] shared=body | MOVE -> [Skin & Body]
  Attractive Female body tattoo you may love | cat #5 "Body, Face, and Hair" | T2 category~separator fuzzy [Body, Face, and Hair] shared=body | MOVE -> [Skin & Body]
  Slave Tats SE | cat none | T4 no rule, category, or keyword matched | stay
  Incaendo's Overlays | cat #5 "Body, Face, and Hair" | T2 category~separator fuzzy [Body, Face, and Hair] shared=body | MOVE -> [Skin & Body]
  UNP AND CBBE Racemenu SE Collection of Tattoos Warpaints and Overlays | cat #5 "Body, Face, and Hair" | T2 category~separator fuzzy [Body, Face, and Hair] shared=body | MOVE -> [Skin & Body]
  Lyru's Tattoo pack collection | cat #5 "Body, Face, and Hair" | T2 category~separator fuzzy [Body, Face, and Hair] shared=body | MOVE -> [Skin & Body]
  Lyru's Tattoo pack collection 2 | cat #5 "Body, Face, and Hair" | T2 category~separator fuzzy [Body, Face, and Hair] shared=body | MOVE -> [Skin & Body]
  Auds Anal AcroTats | cat none | T4 no rule, category, or keyword matched | stay
  Koralina's Makeup for COtR | cat #5 "Body, Face, and Hair" | T2 category~separator fuzzy [Body, Face, and Hair] shared=body | MOVE -> [Skin & Body]
  KML Makeup Suite - Female Eyeliners Eyeshadows Blushes | cat #5 "Body, Face, and Hair" | T2 category~separator fuzzy [Body, Face, and Hair] shared=body | MOVE -> [Skin & Body]
  Stoja's Warpaints High Resolution Makeup Kit for Skyrim (Special Edition) | cat #5 "Body, Face, and Hair" | T2 category~separator fuzzy [Body, Face, and Hair] shared=body | MOVE -> [Skin & Body]
  Extended Makeup and Features | cat #8 "Models and Textures" | T4 no rule, category, or keyword matched | stay
  Pocky's 4k human female makeup | cat #8 "Models and Textures" | T4 no rule, category, or keyword matched | stay
  Female Makeup Suite - Face - RaceMenu Overlays of Eyeliner EyeShadow Contours and Highlights - Special Edition | cat #5 "Body, Face, and Hair" | T2 category~separator fuzzy [Body, Face, and Hair] shared=body | MOVE -> [Skin & Body]
  Havok's Racemenu Makeup Overlays (Lipstick) | cat #5 "Body, Face, and Hair" | T2 category~separator fuzzy [Body, Face, and Hair] shared=body | MOVE -> [Skin & Body]
  Sakora's Make Over Kit - SKSE64 | cat #5 "Body, Face, and Hair" | T2 category~separator fuzzy [Body, Face, and Hair] shared=body | MOVE -> [Skin & Body]
  Xara's Makeup and Warpaints SE | cat #8 "Models and Textures" | T4 no rule, category, or keyword matched | stay
  Auds Goth Girls | cat #5 "Body, Face, and Hair" | T2 category~separator fuzzy [Body, Face, and Hair] shared=body | MOVE -> [Skin & Body]
  PAINTERLY - a High Res Vanilla Warpaint Retexture | cat #5 "Body, Face, and Hair" | T2 category~separator fuzzy [Body, Face, and Hair] shared=body | MOVE -> [Skin & Body]
  H.U.E - Natural Eyes | cat #8 "Models and Textures" | T4 no rule, category, or keyword matched | stay
  SUEMR SSE-Eye Mesh Fixes | cat #5 "Body, Face, and Hair" | T2 category~separator fuzzy [Body, Face, and Hair] shared=body | MOVE -> [Skin & Body]
  The Eyes of Beauty - Revamped 2k | cat #5 "Body, Face, and Hair" | T2 category~separator fuzzy [Body, Face, and Hair] shared=body | MOVE -> [Skin & Body]
  H.U.E - Handmade Unique Eyes SE 2.0 - Standalone | cat #8 "Models and Textures" | T4 no rule, category, or keyword matched | stay
  Charmers of the Reach SV Beards SE for COtR - HQ Characters creation addon | cat #5 "Body, Face, and Hair" | T2 category~separator fuzzy [Body, Face, and Hair] shared=body | MOVE -> [Skin & Body]
  Natural Pubic Hairstyles | cat #5 "Body, Face, and Hair" | T2 category~separator fuzzy [Body, Face, and Hair] shared=body | MOVE -> [Skin & Body]
  TRE Brows 2 - New Brow Textures | cat #5 "Body, Face, and Hair" | T2 category~separator fuzzy [Body, Face, and Hair] shared=body | MOVE -> [Skin & Body]
  OPubes NG - NPC Pubes Distributor | cat #5 "Body, Face, and Hair" | T2 category~separator fuzzy [Body, Face, and Hair] shared=body | MOVE -> [Skin & Body]
  Pubes Forever SSE | cat #8 "Models and Textures" | T4 no rule, category, or keyword matched | stay
  Kalilies Brows | cat #5 "Body, Face, and Hair" | T2 category~separator fuzzy [Body, Face, and Hair] shared=body | MOVE -> [Skin & Body]
  High Poly Head SV Beards | cat #5 "Body, Face, and Hair" | T2 category~separator fuzzy [Body, Face, and Hair] shared=body | MOVE -> [Skin & Body]
  Beards by Hvergelmir for High Poly Head | cat #5 "Body, Face, and Hair" | T2 category~separator fuzzy [Body, Face, and Hair] shared=body | MOVE -> [Skin & Body]
  Hvergelmir's Aesthetics - Brows | cat #5 "Body, Face, and Hair" | T2 category~separator fuzzy [Body, Face, and Hair] shared=body | MOVE -> [Skin & Body]
  Hvergelmir's Aesthetics - Beards | cat #5 "Body, Face, and Hair" | T2 category~separator fuzzy [Body, Face, and Hair] shared=body | MOVE -> [Skin & Body]
  Ultra Realistic Hair Colors Replacer | cat #5 "Body, Face, and Hair" | T2 category~separator fuzzy [Body, Face, and Hair] shared=body | MOVE -> [Skin & Body]
  Wodo's NPC Outfitter for KS Hairdos HDT SMP - ESL and Patch | cat #3 "Gameplay" | family: follows master [NPC Outfitter for KS Hairdos HDT SMP] | MOVE -> [Gameplay]
  NPC Outfitter for KS Hairdos HDT SMP | cat #3 "Gameplay" | T2 category==separator [Gameplay] | MOVE -> [Gameplay]
  3BA Collision Bodyslides for KS Hairdos - HDT SMP (Physics) | cat #5 "Body, Face, and Hair" | T2 category~separator fuzzy [Body, Face, and Hair] shared=body | MOVE -> [Skin & Body]
  KS Hairdos - HDT SMP (Physics) | cat none | T4 no rule, category, or keyword matched | stay
  [Dint999] HairPack02 SSE | cat none | T4 no rule, category, or keyword matched | stay
  [[Dint999] BDOR Hairs SSE | cat none | T4 no rule, category, or keyword matched | stay
  [Dint999] BDOR Hairs SSE | cat none | T4 no rule, category, or keyword matched | stay
  SMP Vanilla Hair Remake wigs for RS Children (SPID) | cat #5 "Body, Face, and Hair" | T2 category~separator fuzzy [Body, Face, and Hair] shared=body | MOVE -> [Skin & Body]
  SC - KS Hairdos Retextured - Physics | cat none | T4 no rule, category, or keyword matched | stay
  KS Hairdos SMP - Vanilla Replacer | cat #5 "Body, Face, and Hair" | T2 category~separator fuzzy [Body, Face, and Hair] shared=body | MOVE -> [Skin & Body]
  Random Physics Hair for NPCs | cat #5 "Body, Face, and Hair" | T2 category~separator fuzzy [Body, Face, and Hair] shared=body | MOVE -> [Skin & Body]
  Vanilla hair - Salt and Wind | cat #5 "Body, Face, and Hair" | T2 category~separator fuzzy [Body, Face, and Hair] shared=body | MOVE -> [Skin & Body]
  Vanilla hair remake SMP | cat #5 "Body, Face, and Hair" | T2 category~separator fuzzy [Body, Face, and Hair] shared=body | MOVE -> [Skin & Body]
  ApachiiSky Hair SSE | cat #5 "Body, Face, and Hair" | T2 category~separator fuzzy [Body, Face, and Hair] shared=body | MOVE -> [Skin & Body]
  SC - KS Hairdos Retextured | cat #8 "Models and Textures" | T4 no rule, category, or keyword matched | stay
  HG Hairdos SE | cat none | T4 no rule, category, or keyword matched | stay
  KS Hairdos SSE | cat none | T4 no rule, category, or keyword matched | stay
  Expressive Facegen Morphs SE | cat #5 "Body, Face, and Hair" | T2 category~separator fuzzy [Body, Face, and Hair] shared=body | MOVE -> [Skin & Body]
  Karura's Thieves Guild Refined | cat #9 "NPC" | T2 category~separator fuzzy [NPC] shared=npc | MOVE -> [NPCs and Behaviour]
  Botox For Skyrim - Textures | cat #9 "NPC" | T2 category~separator fuzzy [NPC] shared=npc | MOVE -> [NPCs and Behaviour]
  Botox For Skyrim SE | cat none | T4 no rule, category, or keyword matched | stay
  Lionheart - SerketHetyt's Mjoll Overhaul | cat #9 "NPC" | T2 category~separator fuzzy [NPC] shared=npc | MOVE -> [NPCs and Behaviour]
  Sanguis Noxius - SerketHetyt's Harkon and Valerica Overhaul | cat none | T4 no rule, category, or keyword matched | stay
  Brynjolf NPC Overhaul | cat #9 "NPC" | T2 category~separator fuzzy [NPC] shared=npc | MOVE -> [NPCs and Behaviour]
  EBD SSE - EveryBodys Different Redone for SSE | cat #9 "NPC" | T2 category~separator fuzzy [NPC] shared=npc | MOVE -> [NPCs and Behaviour]
  Beef Unending - A Civil War Replacer | cat none | T4 no rule, category, or keyword matched | stay
  Bijin Redux | cat #5 "Body, Face, and Hair" | T2 category~separator fuzzy [Body, Face, and Hair] shared=body | MOVE -> [Skin & Body]
  Better Dressed Kids - Willybach Textures SPID | cat none | T3 keyword [spid] | MOVE -> [Extension Frameworks - Engines Patches]
  Realistic RS Children Overhaul | cat none | T4 no rule, category, or keyword matched | stay
  RS Children -- Red Kid Redemption -- | cat #9 "NPC" | T2 category~separator fuzzy [NPC] shared=npc | MOVE -> [NPCs and Behaviour]
  RS Children Overhaul | cat #9 "NPC" | T2 category~separator fuzzy [NPC] shared=npc | MOVE -> [NPCs and Behaviour]
  Children of the Hist - An Argonian NPC Overhaul | cat none | T4 no rule, category, or keyword matched | stay
  Better Argonian Horns | cat none | T4 no rule, category, or keyword matched | stay
  Pandorable's big overhauls AIO | cat #9 "NPC" | T2 category~separator fuzzy [NPC] shared=npc | MOVE -> [NPCs and Behaviour]
  Pandorable's NPCs - Males 3 | cat #9 "NPC" | T2 category~separator fuzzy [NPC] shared=npc | MOVE -> [NPCs and Behaviour]
  Pandorable's NPCs - Males 2 | cat #9 "NPC" | T2 category~separator fuzzy [NPC] shared=npc | MOVE -> [NPCs and Behaviour]
  Pandorable's NPCs - Males | cat #9 "NPC" | T2 category~separator fuzzy [NPC] shared=npc | MOVE -> [NPCs and Behaviour]
  Pandorable's NPCs - Dragonborn | cat #9 "NPC" | T2 category~separator fuzzy [NPC] shared=npc | MOVE -> [NPCs and Behaviour]
  Pandorable's NPCs - Dawnguard | cat #9 "NPC" | T2 category~separator fuzzy [NPC] shared=npc | MOVE -> [NPCs and Behaviour]
  Pandorable's NPCs | cat #9 "NPC" | T2 category~separator fuzzy [NPC] shared=npc | MOVE -> [NPCs and Behaviour]
  Kalilies NPCs AI Overhaul Patch | cat #9 "NPC" | family: follows master [AI Overhaul SSE] | MOVE -> [AI & Immersion]
  High Fantasy Pack- Mihail Monsters and Animals (SE-AE version) | cat #33 "Creatures and Mounts" | T4 no rule, category, or keyword matched | stay
  Sea Giants and Ice Titans- Mihail Monsters and Animals (SE-AE version) | cat #33 "Creatures and Mounts" | T4 no rule, category, or keyword matched | stay
  Dragonlings- Mihail Monsters and Animals (SE-AE version) | cat #33 "Creatures and Mounts" | T4 no rule, category, or keyword matched | stay
  Cliff Racers Fly So High- Mihail Monsters and Animals (SE-AE version) | cat #33 "Creatures and Mounts" | T4 no rule, category, or keyword matched | stay
  (ESL) Rats for Skeevers Replacement SE | cat none | T4 no rule, category, or keyword matched | stay
  Radiant Atronachs | cat #22 "Visuals and Graphics" | T2 category~separator fuzzy [Visuals and Graphics] shared=visual | MOVE -> [Visual Control]
  Unaggressive Dragon Priests Fix | cat #42 "Bug Fixes" | T2 category~separator fuzzy [Bug Fixes] shared=bug+fixe | MOVE -> [Essential Bug Fixes]
  Insects Begone REDUX | cat #7 "Miscellaneous" | T4 no rule, category, or keyword matched | stay
  Butterfly Improved by zzjay - SE | cat #8 "Models and Textures" | T4 no rule, category, or keyword matched | stay
  Butterflies Land True | cat #42 "Bug Fixes" | T2 category~separator fuzzy [Bug Fixes] shared=bug+fixe | MOVE -> [Essential Bug Fixes]
  Tiny Torchbugs and Bitsy Bees | cat #30 "Immersion" | T2 category~separator fuzzy [Immersion] shared=immersion | MOVE -> [AI & Immersion]
  Ice Wraith Teeth Collision Fixes (FOMOD check for Repatch) | cat #42 "Bug Fixes" | T2 category~separator fuzzy [Bug Fixes] shared=bug+fixe | MOVE -> [Essential Bug Fixes]
  SSS-CT - Slaughterfish Stay Submerged - Collision Tweak (Savage Skyrim Patch available) | cat #33 "Creatures and Mounts" | T4 no rule, category, or keyword matched | stay
  Transparent and refracting Icicle and Frost Atronach | cat #26 "Environmental" | T4 no rule, category, or keyword matched | stay
  Blackreach Tentacle Mesh Fix | cat #8 "Models and Textures" | T4 no rule, category, or keyword matched | stay
  Rotten Corpses SE | cat #30 "Immersion" | T2 category~separator fuzzy [Immersion] shared=immersion | MOVE -> [AI & Immersion]
  SRW0 Undead | cat #8 "Models and Textures" | T4 no rule, category, or keyword matched | stay
  Dragon.Priest.by.Kajuan | cat #8 "Models and Textures" | T4 no rule, category, or keyword matched | stay
  WiZkiD Hagraven Clutter and Bones | cat #8 "Models and Textures" | T4 no rule, category, or keyword matched | stay
  Realistic Skin Shaders - Falmer and Hagravens | cat #8 "Models and Textures" | T4 no rule, category, or keyword matched | stay
  Skeleton Replacer HD | cat #8 "Models and Textures" | T4 no rule, category, or keyword matched | stay
  Night Mother | cat #8 "Models and Textures" | T4 no rule, category, or keyword matched | stay
  RUSTIC DAEDRA - Special Edition | cat #33 "Creatures and Mounts" | T4 no rule, category, or keyword matched | stay
  RUSTIC SPRIGGAN - Special Edition | cat #8 "Models and Textures" | T4 no rule, category, or keyword matched | stay
  RUSTIC DEATH HOUND and GARGOYLE - Special Edition | cat #8 "Models and Textures" | T4 no rule, category, or keyword matched | stay
  Giants Are GIANTS | cat #30 "Immersion" | T2 category~separator fuzzy [Immersion] shared=immersion | MOVE -> [AI & Immersion]
  Dongo Giants - a Game of Thrones inspired Giant replacer | cat none | T4 no rule, category, or keyword matched | stay
  New Female Giant Dressed | cat #33 "Creatures and Mounts" | T4 no rule, category, or keyword matched | stay
  New Spriggan Matron | cat #33 "Creatures and Mounts" | T4 no rule, category, or keyword matched | stay
  New Spriggans SFW | cat #33 "Creatures and Mounts" | T4 no rule, category, or keyword matched | stay
  New Wispmother | cat #33 "Creatures and Mounts" | T4 no rule, category, or keyword matched | stay
  New Flame Atronach | cat #33 "Creatures and Mounts" | T4 no rule, category, or keyword matched | stay
  New Earth Mother Spriggan | cat none | T4 no rule, category, or keyword matched | stay
  Mihail's Rabbit Replacers - Optimized Textures | cat #33 "Creatures and Mounts" | T4 no rule, category, or keyword matched | stay
  Optimized Meshes - Rabbit Replacer- Mihail Monsters and Animals (SE-AE version) | cat #33 "Creatures and Mounts" | T4 no rule, category, or keyword matched | stay
  Rabbit Replacer- Mihail Monsters and Animals (SE-AE version) | cat #33 "Creatures and Mounts" | T4 no rule, category, or keyword matched | stay
  Roosters- Mihail Monsters and Animals (SE-AE version) (''chicken'') | cat #33 "Creatures and Mounts" | T4 no rule, category, or keyword matched | stay
  Troll Variance | cat none | T4 no rule, category, or keyword matched | stay
  Trolls of Cyrodiil - My optimized textures SE by Xtudo | cat #8 "Models and Textures" | T4 no rule, category, or keyword matched | stay
  Trolls of Cyrodiil - Mihail Monsters and Animals (SE-AE version) | cat #33 "Creatures and Mounts" | T4 no rule, category, or keyword matched | stay
  Kanjs - Troll and Santa Troll | cat #8 "Models and Textures" | T4 no rule, category, or keyword matched | stay
  Trolls SE | cat #33 "Creatures and Mounts" | T4 no rule, category, or keyword matched | stay
  Falmer Overhaul - New models and textures | cat #8 "Models and Textures" | T4 no rule, category, or keyword matched | stay
  Bellyaches Animal and Creature Pack Revamp | cat #8 "Models and Textures" | T4 no rule, category, or keyword matched | stay
  Skyrim RE-Vision | cat #30 "Immersion" | T2 category~separator fuzzy [Immersion] shared=immersion | MOVE -> [AI & Immersion]
  A Festive Christmas - SSE Conversion | cat #8 "Models and Textures" | T4 no rule, category, or keyword matched | stay
  Holidays Cathedral Wreath | cat #8 "Models and Textures" | T4 no rule, category, or keyword matched | stay
  Holidays Happy Little Trees Patch | cat #34 "Patches" | family: follows master [Happy Little Trees] | MOVE -> [Core Tree Engine & Skeletons]
  Holidays 4K-2K - Cleaned and Upscaled Textures | cat #30 "Immersion" | T2 category~separator fuzzy [Immersion] shared=immersion | MOVE -> [AI & Immersion]
  Fixed Script for Holidays | cat #30 "Immersion" | T2 category~separator fuzzy [Immersion] shared=immersion | MOVE -> [AI & Immersion]
  Holidays Lanterns ENB Light | cat #22 "Visuals and Graphics" | T2 category~separator fuzzy [Visuals and Graphics] shared=visual | MOVE -> [Visual Control]
  Holidays | cat none | T4 no rule, category, or keyword matched | stay
  Civil War Repairs | cat #2 "Buildings" | T4 no rule, category, or keyword matched | stay
  After the Civil War - Siege Damage Repairs | cat none | T4 no rule, category, or keyword matched | stay
  LOD Mesh Fixes for DynDOLOD | cat #8 "Models and Textures" | T4 no rule, category, or keyword matched | stay
  HFs - Slightly improved ugly bridges | cat #8 "Models and Textures" | T4 no rule, category, or keyword matched | stay
  Cubemap Reflections | cat #48 "VR" | T4 no rule, category, or keyword matched | stay
  Remove Bethesda Logo Among Other Things | cat #15 "User Interface" | T2 category~separator fuzzy [User Interface] shared=interface | MOVE -> [Interface - Controls]
  No More Hay Beds SSE | cat #8 "Models and Textures" | T4 no rule, category, or keyword matched | stay
  RUDL - Removing Unpleasant Details from Logs | cat #26 "Environmental" | T4 no rule, category, or keyword matched | stay
  ElSopa HD - Unique Hand Painted Road Signs SE | cat #8 "Models and Textures" | T4 no rule, category, or keyword matched | stay
  WiZkiD Specific Signs | cat #22 "Visuals and Graphics" | T2 category~separator fuzzy [Visuals and Graphics] shared=visual | MOVE -> [Visual Control]
  WiZkiD Signs | cat #8 "Models and Textures" | T4 no rule, category, or keyword matched | stay
  Iconic's Crown of Barenziah | cat #8 "Models and Textures" | T4 no rule, category, or keyword matched | stay
  Animated Embers | cat #8 "Models and Textures" | T4 no rule, category, or keyword matched | stay
  Nordic Carving - Wallbaskets SE | cat #35 "Items and Objects - World" | T2 category~separator fuzzy [Items and Objects - World] shared=item | MOVE -> [Items]
  Parallax Mesh Patch Collection | cat #8 "Models and Textures" | T4 no rule, category, or keyword matched | stay
  YAR - Yuril's Additional Resources - Parallax | cat #32 "Modders Resources" | T2 category~separator fuzzy [Modders Resources] shared=modder | MOVE -> [Unofficial Skyrim Modders Patch Emporium]
  Winterhold College Gate Glow Restored - Cut Content Restoration | cat #8 "Models and Textures" | T4 no rule, category, or keyword matched | stay
  Dwemer Pocket Dimension | cat #24 "Player homes" | T2 category==separator [Player homes] | stay
  Project Legacy | cat #24 "Player homes" | T2 category==separator [Player homes] | stay
  Dwemer Armory | cat #14 "Cheats and God items" | T2 category~separator fuzzy [Cheats and God items] shared=item | MOVE -> [Items]
  The Scarlett - A Buildable Ship (SE) | cat #24 "Player homes" | T2 category==separator [Player homes] | stay
  Levelers Tower | cat #24 "Player homes" | T2 category==separator [Player homes] | stay
  Skyrim - Settlement Builder - Expansion Pack | cat #35 "Items and Objects - World" | T2 category~separator fuzzy [Items and Objects - World] shared=item | MOVE -> [Items]
  Skyrim - Settlement Builder | cat #24 "Player homes" | T2 category==separator [Player homes] | stay
  General Stores Sorting and Cloud Storage in Blackthorn Manor | cat #34 "Patches" | T4 no rule, category, or keyword matched | stay
  Blackthorn - A Buildable Town in The Rift (SE) | cat #24 "Player homes" | T2 category==separator [Player homes] | stay
  Dimensional Rift Home | cat #24 "Player homes" | T2 category==separator [Player homes] | stay
  Snow Globe House CTD Fix | cat none | T4 no rule, category, or keyword matched | stay
  Spirit of Saturalia - A Christmas Quest - Snow Globe House | cat #11 "Quests and Adventures" | T2 category~separator fuzzy [Quests and Adventures] shared=quest | MOVE -> [New Lands and Quests]
  Snow Globe House AE | cat #24 "Player homes" | T2 category==separator [Player homes] | stay
  Havardr | cat #24 "Player homes" | T2 category==separator [Player homes] | stay
  Silverstead Prebuilt Patch | cat none | T4 no rule, category, or keyword matched | stay
  Silverstead - Botox Patch | cat #9 "NPC" | family: follows master [Silverstead (SE)] | stay
  Silverstead Grass Patch | cat #34 "Patches" | T4 no rule, category, or keyword matched | stay
  Silverstead (SE) | cat #24 "Player homes" | T2 category==separator [Player homes] | stay
  Morskom Estate Retexture | cat #8 "Models and Textures" | T4 no rule, category, or keyword matched | stay
  Mörskom Estate | cat none | T4 no rule, category, or keyword matched | stay
  Tranquil Windstad | cat #24 "Player homes" | T2 category==separator [Player homes] | stay
  HS Player Homes - Severin Manor | cat #24 "Player homes" | T2 category==separator [Player homes] | stay
  HS Player Homes - Vlindrel Hall | cat none | T4 no rule, category, or keyword matched | stay
  Hjertesten Hall - Player Home and Settlement | cat #24 "Player homes" | T2 category==separator [Player homes] | stay
  HS Player Homes - Proudspire Manor | cat #24 "Player homes" | T2 category==separator [Player homes] | stay
  Lakeview Manor Upgrades Enhanced Edition | cat #24 "Player homes" | T2 category==separator [Player homes] | stay
  HS Player Homes - Hjerim | cat #24 "Player homes" | T2 category==separator [Player homes] | stay
  Breezehome Fully Upgraded for Group Bathing | cat none | T4 no rule, category, or keyword matched | stay
  Breezehome Fully Upgradable | cat #24 "Player homes" | T2 category==separator [Player homes] | stay
  Mannequin Designs | cat #8 "Models and Textures" | T4 no rule, category, or keyword matched | stay
  Mannequin Management | cat #42 "Bug Fixes" | T2 category~separator fuzzy [Bug Fixes] shared=bug+fixe | MOVE -> [Essential Bug Fixes]
  Hearthfires Houses Building Fix | cat #42 "Bug Fixes" | T2 category~separator fuzzy [Bug Fixes] shared=bug+fixe | MOVE -> [Essential Bug Fixes]
  Hearthfire Building Materials God Chests | cat #14 "Cheats and God items" | T2 category~separator fuzzy [Cheats and God items] shared=item | MOVE -> [Items]
  Dragonborn - Solstheim Boat Travel | cat #30 "Immersion" | T2 category~separator fuzzy [Immersion] shared=immersion | MOVE -> [AI & Immersion]
  Skyrim Teleportations | cat none | T4 no rule, category, or keyword matched | stay
  Bat Travel Vampire Power | cat #27 "Magic - Spells & Enchantments" | T2 category~separator fuzzy [Magic - Spells & Enchantments] shared=magic+spell+enchantment | MOVE -> [Magic, Spells, and Enchantments]
  LvxMagicks - Eclipse - Airship - Flying - Alpha | cat #24 "Player homes" | T2 category==separator [Player homes] | MOVE -> [Player Homes]
  Liminal Portals | cat #27 "Magic - Spells & Enchantments" | T2 category~separator fuzzy [Magic - Spells & Enchantments] shared=magic+spell+enchantment | MOVE -> [Magic, Spells, and Enchantments]
  Paraglider Replacers 2k-4k | cat #8 "Models and Textures" | T4 no rule, category, or keyword matched | stay
  Paraglider Auto-Equip Tarhiel's Gale | cat #3 "Gameplay" | T2 category==separator [Gameplay] | MOVE -> [Gameplay]
  Skyrim's Paraglider | cat #17 "Animation" | T2 category~separator fuzzy [Animation] shared=animation | MOVE -> [Animations]
  (ESP-ESL) Dwarven Motorcycle and other Vehicles SE | cat #33 "Creatures and Mounts" | T4 no rule, category, or keyword matched | stay
  HFs - Wagon Wheel | cat #8 "Models and Textures" | T4 no rule, category, or keyword matched | stay
  Carriages HD UHD Wood Texture Replacer | cat none | T4 no rule, category, or keyword matched | stay
  Carriages HD UHD | cat #8 "Models and Textures" | T4 no rule, category, or keyword matched | stay
  Road Signs Fast Travel - Base Object Swapper | cat #30 "Immersion" | T2 category~separator fuzzy [Immersion] shared=immersion | MOVE -> [AI & Immersion]
  New Sails for Sailable Ships | cat #8 "Models and Textures" | T4 no rule, category, or keyword matched | stay
  Sailable Ship VR and SE | cat #30 "Immersion" | T2 category~separator fuzzy [Immersion] shared=immersion | MOVE -> [AI & Immersion]
  Flying Mod Rework | cat #3 "Gameplay" | T2 category==separator [Gameplay] | MOVE -> [Gameplay]
  Flying Mod Beta by porroone and Flying Mod Overhaul by Indefiance (Converted for SSE) | cat none | T4 no rule, category, or keyword matched | stay
  Blacksmith Forge and Anvil Variants - Base Object Swapper | cat #8 "Models and Textures" | T3 keyword [base object swapper] | MOVE -> [Extension Frameworks - Engines Patches]
  Torches Cast Shadows SE | cat #30 "Immersion" | T2 category~separator fuzzy [Immersion] shared=immersion | MOVE -> [AI & Immersion]
  Rally's Smithy | cat #8 "Models and Textures" | T4 no rule, category, or keyword matched | stay
  Skyland Blacksmith Texture Overhaul | cat #22 "Visuals and Graphics" | T2 category~separator fuzzy [Visuals and Graphics] shared=visual | MOVE -> [Visual Control]
  Inferno - Fire Effects Redux | cat #8 "Models and Textures" | T4 no rule, category, or keyword matched | stay
  TB's Improved Smoke | cat #8 "Models and Textures" | T4 no rule, category, or keyword matched | stay
  Smoking Torches and Candles SSE | cat #22 "Visuals and Graphics" | T2 category~separator fuzzy [Visuals and Graphics] shared=visual | MOVE -> [Visual Control]
  Remove Blurry Snowflakes | cat #26 "Environmental" | T4 no rule, category, or keyword matched | stay
  Paraphernalia - Ambience | cat #22 "Visuals and Graphics" | T2 category~separator fuzzy [Visuals and Graphics] shared=visual | MOVE -> [Visual Control]
  EmbersXD Torch Edit | cat #8 "Models and Textures" | T4 no rule, category, or keyword matched | stay
  Embers XD | cat #8 "Models and Textures" | T4 no rule, category, or keyword matched | stay
  Collectible Dragonling Eggs - SkyPatched | cat #39 "Collectables, Treasure Hunts, and Puzzles" | family: follows master [Collectible Dragonling Eggs] | stay
  Collectible Dragonling Eggs | cat #39 "Collectables, Treasure Hunts, and Puzzles" | T2 category==separator [Collectables, Treasure Hunts, and Puzzles] | stay
  More Underwater Treasures | cat none | T4 no rule, category, or keyword matched | stay
  Meridia's Luxon Beacon Replacer | cat #8 "Models and Textures" | T4 no rule, category, or keyword matched | stay
  Dawnbreaker Pedestal Meridia Retexture | cat none | T4 no rule, category, or keyword matched | stay
  Azura Statue Improved + ENB Particle Light | cat #8 "Models and Textures" | T3 keyword [enb] | MOVE -> [ENB]
  Statue of Kynareth | cat #8 "Models and Textures" | T4 no rule, category, or keyword matched | stay
  LeanWolf's Better-Shaped Talos with Greatsword | cat #8 "Models and Textures" | T4 no rule, category, or keyword matched | stay
  Stunning Statues of Skyrim | cat #8 "Models and Textures" | T4 no rule, category, or keyword matched | stay
  JS Shrines of the Divines SE | cat #8 "Models and Textures" | T4 no rule, category, or keyword matched | stay
  Daedric Shrines - All in One | cat #26 "Environmental" | T4 no rule, category, or keyword matched | stay
  Raven Rock Bathhouse and Raven Rock Reborn Patch (ESL) | cat #37 "Locations -  New" | family: follows master [Raven Rock Bathhouse] | stay
  Raven Rock Bathhouse | cat none | T4 no rule, category, or keyword matched | stay
  Greater Skaal Village | cat #18 "Cities, Towns, Villages, and Hamlets" | T2 category~separator fuzzy [Cities, Towns, Villages, and Hamlets] shared=citie+town+village | MOVE -> [Expanded Cities, Towns, and Villages]
  Raven Rock Building Tweaks | cat #2 "Buildings" | T4 no rule, category, or keyword matched | stay
  Skooma Pipes | cat #30 "Immersion" | T2 category~separator fuzzy [Immersion] shared=immersion | MOVE -> [AI & Immersion]
  Raven Rock Architecture Retexture - 4K - Optimized | cat #8 "Models and Textures" | T4 no rule, category, or keyword matched | stay
  Raven Rock Reborn | cat #18 "Cities, Towns, Villages, and Hamlets" | T2 category~separator fuzzy [Cities, Towns, Villages, and Hamlets] shared=citie+town+village | MOVE -> [Expanded Cities, Towns, and Villages]
  Winterhold Bathhouse | cat none | T4 no rule, category, or keyword matched | stay
  Winterhold Restored - Parallax Meshes | cat #34 "Patches" | T4 no rule, category, or keyword matched | stay
  Winterhold Restored and Enhanced | cat none | T4 no rule, category, or keyword matched | stay
  Winterhold Restored | cat #18 "Cities, Towns, Villages, and Hamlets" | T2 category~separator fuzzy [Cities, Towns, Villages, and Hamlets] shared=citie+town+village | MOVE -> [Expanded Cities, Towns, and Villages]
  Windhelm Lighthouse (Bug Fixes) | cat #42 "Bug Fixes" | T2 category~separator fuzzy [Bug Fixes] shared=bug+fixe | MOVE -> [Essential Bug Fixes]
  Windhelm Lighthouse (New) | cat #30 "Immersion" | T2 category~separator fuzzy [Immersion] shared=immersion | MOVE -> [AI & Immersion]
  Windhelm Bridge Revived - Upscaled Textures | cat none | T4 no rule, category, or keyword matched | stay
  Windhelm Bridge Revived - Patches and Add-ons | cat none | family: follows master [Windhelm Bridge Revived] | MOVE -> [Locations]
  Windhelm Bridge Revived | cat #38 "Locations - Vanilla" | T2 category~separator fuzzy [Locations - Vanilla] shared=location | MOVE -> [Locations]
  Riton Windhelm | cat #8 "Models and Textures" | T4 no rule, category, or keyword matched | stay
  patch for jk's palace of the kings | cat #8 "Models and Textures" | T4 no rule, category, or keyword matched | stay
  JK's Palace of the Kings | cat #2 "Buildings" | T4 no rule, category, or keyword matched | stay
  Cannabis Whiterun Road test | cat none | T4 no rule, category, or keyword matched | stay
  Cannabis Whiterun Road | cat #22 "Visuals and Graphics" | T2 category~separator fuzzy [Visuals and Graphics] shared=visual | MOVE -> [Visual Control]
  The Great Porch in Skyrim - Standalone (ESL) | cat #30 "Immersion" | T2 category~separator fuzzy [Immersion] shared=immersion | MOVE -> [AI & Immersion]
  4K SMIM Whiterun Bench | cat #8 "Models and Textures" | T4 no rule, category, or keyword matched | stay
  Turquaz Floor - Whiterun Mosaic | cat #18 "Cities, Towns, Villages, and Hamlets" | T2 category~separator fuzzy [Cities, Towns, Villages, and Hamlets] shared=citie+town+village | MOVE -> [Expanded Cities, Towns, and Villages]
  Rainbow Pebble Whiterun Road -Parallax | cat none | T4 no rule, category, or keyword matched | stay
  Warmaiden Reforged | cat #2 "Buildings" | T4 no rule, category, or keyword matched | stay
  Ivy - Whiterun - Well Overhaul | cat #18 "Cities, Towns, Villages, and Hamlets" | T2 category~separator fuzzy [Cities, Towns, Villages, and Hamlets] shared=citie+town+village | MOVE -> [Expanded Cities, Towns, and Villages]
  Whiterun Horse Statue - Market Placement and Patches | cat #34 "Patches" | T4 no rule, category, or keyword matched | stay
  Whiterun Horse Statue | cat none | T4 no rule, category, or keyword matched | stay
  2K Whiterun Stockade | cat none | T4 no rule, category, or keyword matched | stay
  Jk's Rb and Eek Dragonsreach patch | cat none | T4 no rule, category, or keyword matched | stay
  JK's and Redbag's Dragonsreach Patch | cat #34 "Patches" | family: follows master [RedBag's Dragonsreach - SE] | MOVE -> [Locations]
  JK's Dragonsreach | cat #2 "Buildings" | T4 no rule, category, or keyword matched | stay
  RedBag's Dragonsreach - SE | cat #38 "Locations - Vanilla" | T2 category~separator fuzzy [Locations - Vanilla] shared=location | MOVE -> [Locations]
  Tomato's Whiterun | cat none | T4 no rule, category, or keyword matched | stay
  JK's Whiterun Outskirts - Parallax Wall Fix | cat #34 "Patches" | family: follows master [JK's Whiterun Outskirts] | MOVE -> [Expanded Cities, Towns, and Villages]
  JK's Whiterun Outskirts | cat #18 "Cities, Towns, Villages, and Hamlets" | T2 category~separator fuzzy [Cities, Towns, Villages, and Hamlets] shared=citie+town+village | MOVE -> [Expanded Cities, Towns, and Villages]
  Witcherun A Verdant Whiterun Overhaul Fixes | cat none | T4 no rule, category, or keyword matched | stay
  Witcherun - A Verdant Whiterun Overhaul | cat none | T4 no rule, category, or keyword matched | stay
  Whiterun Roof Repair | cat #8 "Models and Textures" | T4 no rule, category, or keyword matched | stay
  Hanging Moss to Climbing Roses - Base Object Swapper | cat #18 "Cities, Towns, Villages, and Hamlets" | T2 category~separator fuzzy [Cities, Towns, Villages, and Hamlets] shared=citie+town+village | MOVE -> [Expanded Cities, Towns, and Villages]
  JK's Solitude Outskirts | cat #18 "Cities, Towns, Villages, and Hamlets" | T2 category~separator fuzzy [Cities, Towns, Villages, and Hamlets] shared=citie+town+village | MOVE -> [Expanded Cities, Towns, and Villages]
  Solitude Docks Updated | cat #18 "Cities, Towns, Villages, and Hamlets" | T2 category~separator fuzzy [Cities, Towns, Villages, and Hamlets] shared=citie+town+village | MOVE -> [Expanded Cities, Towns, and Villages]
  Art's Solitude Streets | cat #8 "Models and Textures" | T4 no rule, category, or keyword matched | stay
  Lights Out. Solitude Lighthouse Fix | cat #42 "Bug Fixes" | T2 category~separator fuzzy [Bug Fixes] shared=bug+fixe | MOVE -> [Essential Bug Fixes]
  Sconces of Solitude - Unique Solitude Braziers - Base Object Swapper | cat #8 "Models and Textures" | T3 keyword [base object swapper] | MOVE -> [Extension Frameworks - Engines Patches]
  3D Solitude Market Trellis Expansion | cat #8 "Models and Textures" | T4 no rule, category, or keyword matched | stay
  3D Solitude Market Trellis | cat #8 "Models and Textures" | T4 no rule, category, or keyword matched | stay
  Solitude Watchtower | cat #2 "Buildings" | T4 no rule, category, or keyword matched | stay
  Solitude Dome Paintings SSE | cat #8 "Models and Textures" | T4 no rule, category, or keyword matched | stay
  HD Textures for Solitude and Temple Frescoes | cat #8 "Models and Textures" | T4 no rule, category, or keyword matched | stay
  Solitude and Temple Frescoes - mesh fix and cubemap patch | cat #8 "Models and Textures" | family: follows master [Solitude and Temple Frescoes SSE] | MOVE -> [Locations]
  Solitude and Temple Frescoes SSE | cat #38 "Locations - Vanilla" | T2 category~separator fuzzy [Locations - Vanilla] shared=location | MOVE -> [Locations]
  Parallax Roofs for Solitude | cat #8 "Models and Textures" | T4 no rule, category, or keyword matched | stay
  Blue Palace Roof - Parallax | cat #8 "Models and Textures" | T4 no rule, category, or keyword matched | stay
  Thay's Blue Palace Overhaul | cat #2 "Buildings" | T4 no rule, category, or keyword matched | stay
  Novigrad my Solitude | cat #18 "Cities, Towns, Villages, and Hamlets" | T2 category~separator fuzzy [Cities, Towns, Villages, and Hamlets] shared=citie+town+village | MOVE -> [Expanded Cities, Towns, and Villages]
  Royal Wooden Floor RETEXTURE FOR Mrf's Solitude | cat #8 "Models and Textures" | T4 no rule, category, or keyword matched | stay
  Mrf's Solitude | cat #8 "Models and Textures" | T4 no rule, category, or keyword matched | stay
  Solitude farmhouses rework | cat #8 "Models and Textures" | T4 no rule, category, or keyword matched | stay
  Riften Bathhouse and JK's Bee and Barb Patch - ESL Flagged | cat #37 "Locations -  New" | family: follows master [RIften Bathhouse] | stay
  RIften Bathhouse | cat none | T4 no rule, category, or keyword matched | stay
  ALT - Riften Well | cat #8 "Models and Textures" | T4 no rule, category, or keyword matched | stay
  Riften Gate Restored | cat #38 "Locations - Vanilla" | T2 category~separator fuzzy [Locations - Vanilla] shared=location | MOVE -> [Locations]
  HS Riften - Temple of Mara | cat #38 "Locations - Vanilla" | T2 category~separator fuzzy [Locations - Vanilla] shared=location | MOVE -> [Locations]
  HS Riften - The Pawned Prawn | cat #38 "Locations - Vanilla" | T2 category~separator fuzzy [Locations - Vanilla] shared=location | MOVE -> [Locations]
  HS Riften - Elgrim's Elixirs | cat #38 "Locations - Vanilla" | T2 category~separator fuzzy [Locations - Vanilla] shared=location | MOVE -> [Locations]
  JKs Ragged Flagon Water Fix | cat #42 "Bug Fixes" | T2 category~separator fuzzy [Bug Fixes] shared=bug+fixe | MOVE -> [Essential Bug Fixes]
  JK's The Ragged Flagon | cat #2 "Buildings" | T4 no rule, category, or keyword matched | stay
  RYFTEN DOWN - A little addition to the Riften canal | cat none | T4 no rule, category, or keyword matched | stay
  Riften Towers | cat none | T4 no rule, category, or keyword matched | stay
  Rustling Riften Leaves SE-ParallaxR'd | cat #26 "Environmental" | T4 no rule, category, or keyword matched | stay
  Rustling Riften Leaves SE | cat #26 "Environmental" | T4 no rule, category, or keyword matched | stay
  Mayhem In Riften | cat #18 "Cities, Towns, Villages, and Hamlets" | T2 category~separator fuzzy [Cities, Towns, Villages, and Hamlets] shared=citie+town+village | MOVE -> [Expanded Cities, Towns, and Villages]
  Riften of Reverie SE - 8K - Parallax | cat #8 "Models and Textures" | T4 no rule, category, or keyword matched | stay
  Redbag's Morthal Fixes | cat #34 "Patches" | family: follows master [RedBag's Morthal - SE] | MOVE -> [Expanded Cities, Towns, and Villages]
  Redbag's Morthal - Texture Fixes | cat #34 "Patches" | family: follows master [RedBag's Morthal - SE] | MOVE -> [Expanded Cities, Towns, and Villages]
  RedBag's Morthal Patches- FOMOD | cat #34 "Patches" | family: follows master [RedBag's Morthal - SE] | MOVE -> [Expanded Cities, Towns, and Villages]
  RedBag's Morthal - SE | cat #18 "Cities, Towns, Villages, and Hamlets" | T2 category~separator fuzzy [Cities, Towns, Villages, and Hamlets] shared=citie+town+village | MOVE -> [Expanded Cities, Towns, and Villages]
  TB's Photorealistic Markarth Roads | cat #8 "Models and Textures" | T4 no rule, category, or keyword matched | stay
  Understone Keep Swept | cat #7 "Miscellaneous" | T4 no rule, category, or keyword matched | stay
  JK's Silver-Blood Inn | cat #2 "Buildings" | T4 no rule, category, or keyword matched | stay
  JK's Temple of Dibella | cat #2 "Buildings" | T4 no rule, category, or keyword matched | stay
  JK's The Hag's Cure | cat #2 "Buildings" | T4 no rule, category, or keyword matched | stay
  JK's Arnleif and Sons Trading Company | cat #2 "Buildings" | T4 no rule, category, or keyword matched | stay
  Seifu's PBR Preem Pipeworks - Part 2a - Bronze 2K | cat none | T4 no rule, category, or keyword matched | stay
  Seifu's PBR Preem Dwarven Pipeworks - HD Models and Textures | cat none | T4 no rule, category, or keyword matched | stay
  Seifu's PREEM Dwarven Pipeworks Redux | cat #8 "Models and Textures" | T4 no rule, category, or keyword matched | stay
  Seifu's Skyrim Rene Vol. I - Resources | cat #8 "Models and Textures" | T4 no rule, category, or keyword matched | stay
  Stony AF Markarth - Dwemer Pipework Reworked 2K | cat #8 "Models and Textures" | T4 no rule, category, or keyword matched | stay
  Stony AF Markarth and Dwemer Ruins - Retextures - 2K - 4K - Parallax | cat #8 "Models and Textures" | T4 no rule, category, or keyword matched | stay
  Markarth Entrance Overhaul Fixed | cat #38 "Locations - Vanilla" | T2 category~separator fuzzy [Locations - Vanilla] shared=location | MOVE -> [Locations]
  Markarth - City of Stone | cat #18 "Cities, Towns, Villages, and Hamlets" | T2 category~separator fuzzy [Cities, Towns, Villages, and Hamlets] shared=citie+town+village | MOVE -> [Expanded Cities, Towns, and Villages]
  Markarth Fixed AF | cat none | T4 no rule, category, or keyword matched | stay
  Falkreath Bathhouse | cat none | T4 no rule, category, or keyword matched | stay
  RedBag's Falkreath - Patch Collection | cat #34 "Patches" | family: follows master [RedBag's Falkreath] | MOVE -> [Expanded Cities, Towns, and Villages]
  RedBag's Falkreath - Pinewatch Addon | cat #18 "Cities, Towns, Villages, and Hamlets" | family: follows master [RedBag's Falkreath] | MOVE -> [Expanded Cities, Towns, and Villages]
  RedBag's Falkreath | cat #18 "Cities, Towns, Villages, and Hamlets" | T2 category~separator fuzzy [Cities, Towns, Villages, and Hamlets] shared=citie+town+village | MOVE -> [Expanded Cities, Towns, and Villages]
  RogueUnicorn - City Trees | cat none | T4 no rule, category, or keyword matched | stay
  Thrones of Skyrim | cat #7 "Miscellaneous" | T4 no rule, category, or keyword matched | stay
  Thrones Expanded | cat #7 "Miscellaneous" | T4 no rule, category, or keyword matched | stay
  The Blackest Reaches USSEP patch | cat none | family: follows master [Unofficial Skyrim Special Edition Patch - USSEP] | MOVE -> [Essential Bug Fixes]
  The Blackest Reaches | cat #26 "Environmental" | T4 no rule, category, or keyword matched | stay
  JK's Septimus Signus's Outpost | cat #2 "Buildings" | T4 no rule, category, or keyword matched | stay
  JK's Fort Dawnguard | cat #2 "Buildings" | T4 no rule, category, or keyword matched | stay
  Gonzeh - Shor's Stone Overhaul - Spaghetti Patch | cat #31 "Overhauls" | T4 no rule, category, or keyword matched | stay
  Spaghetti's Towns - Shor's Stone | cat #18 "Cities, Towns, Villages, and Hamlets" | T2 category~separator fuzzy [Cities, Towns, Villages, and Hamlets] shared=citie+town+village | MOVE -> [Expanded Cities, Towns, and Villages]
  Gonzeh - Shor's Stone Overhaul | cat none | T4 no rule, category, or keyword matched | stay
  Cotn Dawnstar Updated meshes | cat #45 "Crafting" | T2 category==separator [Crafting] | MOVE -> [Crafting]
  Cities of the North Optimized Meshes | cat #8 "Models and Textures" | T4 no rule, category, or keyword matched | stay
  Cities of the North - Dawnstar - Retexture | cat #8 "Models and Textures" | T4 no rule, category, or keyword matched | stay
  Cities of the North - Dawnstar | cat #18 "Cities, Towns, Villages, and Hamlets" | T2 category~separator fuzzy [Cities, Towns, Villages, and Hamlets] shared=citie+town+village | MOVE -> [Expanded Cities, Towns, and Villages]
  RedBag's Rorikstead - Enhanced | cat none | T4 no rule, category, or keyword matched | stay
  RedBag's Rorikstead | cat #18 "Cities, Towns, Villages, and Hamlets" | T2 category~separator fuzzy [Cities, Towns, Villages, and Hamlets] shared=citie+town+village | MOVE -> [Expanded Cities, Towns, and Villages]
  Ivy - Riverwood Well Addon | cat #18 "Cities, Towns, Villages, and Hamlets" | T2 category~separator fuzzy [Cities, Towns, Villages, and Hamlets] shared=citie+town+village | MOVE -> [Expanded Cities, Towns, and Villages]
  Riverwood Revitalized my Patch | cat #31 "Overhauls" | family: follows master [Riverwood Revitalized] | MOVE -> [Expanded Cities, Towns, and Villages]
  Northern Fortifications - Riverwood | cat none | T4 no rule, category, or keyword matched | stay
  Riverwood Revitalized | cat #18 "Cities, Towns, Villages, and Hamlets" | T2 category~separator fuzzy [Cities, Towns, Villages, and Hamlets] shared=citie+town+village | MOVE -> [Expanded Cities, Towns, and Villages]
  Riverwood Mushroom Village | cat #18 "Cities, Towns, Villages, and Hamlets" | T2 category~separator fuzzy [Cities, Towns, Villages, and Hamlets] shared=citie+town+village | MOVE -> [Expanded Cities, Towns, and Villages]
  Falls of Ivarstead | cat #26 "Environmental" | T4 no rule, category, or keyword matched | stay
  Thuldor's Ivarstead - Riften Stone Alternate Texture | cat #18 "Cities, Towns, Villages, and Hamlets" | T2 category~separator fuzzy [Cities, Towns, Villages, and Hamlets] shared=citie+town+village | MOVE -> [Expanded Cities, Towns, and Villages]
  Thuldor's Ivarstead - Farmhouse Roofs | cat #34 "Patches" | T4 no rule, category, or keyword matched | stay
  Thuldor's Ivarstead Patch Hub | cat none | family: follows master [Thuldor's Ivarstead] | MOVE -> [Expanded Cities, Towns, and Villages]
  Distinct Thuldor's Ivarstead | cat #34 "Patches" | T4 no rule, category, or keyword matched | stay
  Thuldor's Ivarstead - Tweaks and Addons | cat #18 "Cities, Towns, Villages, and Hamlets" | family: follows master [Thuldor's Ivarstead] | MOVE -> [Expanded Cities, Towns, and Villages]
  Thuldor's Ivarstead | cat #18 "Cities, Towns, Villages, and Hamlets" | T2 category~separator fuzzy [Cities, Towns, Villages, and Hamlets] shared=citie+town+village | MOVE -> [Expanded Cities, Towns, and Villages]
  Rodryk's Dragon Bridge Retexture 2K | cat #8 "Models and Textures" | T4 no rule, category, or keyword matched | stay
  Rodryk's Dragon Bridge | cat #18 "Cities, Towns, Villages, and Hamlets" | T2 category~separator fuzzy [Cities, Towns, Villages, and Hamlets] shared=citie+town+village | MOVE -> [Expanded Cities, Towns, and Villages]
  JK's Sky Haven Temple | cat #2 "Buildings" | T4 no rule, category, or keyword matched | stay
  JK's High Hrothgar | cat #2 "Buildings" | T4 no rule, category, or keyword matched | stay
  Jets Resources | cat #32 "Modders Resources" | T2 category~separator fuzzy [Modders Resources] shared=modder | MOVE -> [Unofficial Skyrim Modders Patch Emporium]
  Stroti's Mushroom House Resource | cat #32 "Modders Resources" | T2 category~separator fuzzy [Modders Resources] shared=modder | MOVE -> [Unofficial Skyrim Modders Patch Emporium]
  HS Resources | cat none | T4 no rule, category, or keyword matched | stay
  Orc Strongholds - Largashbur | cat #18 "Cities, Towns, Villages, and Hamlets" | T2 category~separator fuzzy [Cities, Towns, Villages, and Hamlets] shared=citie+town+village | stay
  TB's Better Plaster - A 4K Retexture | cat #8 "Models and Textures" | T4 no rule, category, or keyword matched | stay
  SSE Thieves Guild Overhaul w General Stores | cat none | T4 no rule, category, or keyword matched | stay
  General Stores - Auto Sorting Cloud Storage Resource for packrats SE Convert | cat #32 "Modders Resources" | T2 category~separator fuzzy [Modders Resources] shared=modder | MOVE -> [Unofficial Skyrim Modders Patch Emporium]
  Auto Open Doors | cat #30 "Immersion" | T2 category~separator fuzzy [Immersion] shared=immersion | MOVE -> [AI & Immersion]
  Kanjs - Nordic Puzzle Door Animated | cat #8 "Models and Textures" | T4 no rule, category, or keyword matched | stay
  Glorious Doors of Skyrim (GDOS) | cat #8 "Models and Textures" | T4 no rule, category, or keyword matched | stay
  BURP - Spell Tomes (SkyPatched) | cat #34 "Patches" | T4 no rule, category, or keyword matched | stay
  ParallaxR-burpst | cat #22 "Visuals and Graphics" | T2 category~separator fuzzy [Visuals and Graphics] shared=visual | MOVE -> [Visual Control]
  BURP Spell Tomes Patches | cat #34 "Patches" | T4 no rule, category, or keyword matched | stay
  BURP Spell Tomes-ParallaxR-textures | cat #22 "Visuals and Graphics" | T2 category~separator fuzzy [Visuals and Graphics] shared=visual | MOVE -> [Visual Control]
  BURP Spell Tomes | cat #8 "Models and Textures" | T4 no rule, category, or keyword matched | stay
  Iconic's Alduin's Wall Retexture (16K-8K-4K) | cat #8 "Models and Textures" | T4 no rule, category, or keyword matched | stay
  Kanjs - Books AIO Animated (SkyPatched) | cat none | T4 no rule, category, or keyword matched | stay
  Kanjs - Books All In One | cat #8 "Models and Textures" | T4 no rule, category, or keyword matched | stay
  Book Covers Skyrim - SkyPatched Missing Books | cat none | T4 no rule, category, or keyword matched | stay
  Book Covers Skyrim - Lost Library REDUX 4K-2K | cat #39 "Collectables, Treasure Hunts, and Puzzles" | T2 category==separator [Collectables, Treasure Hunts, and Puzzles] | MOVE -> [Collectables, Treasure Hunts, and Puzzles]
  Book Covers Skyrim - Lost Library | cat #8 "Models and Textures" | T4 no rule, category, or keyword matched | stay
  Book Covers Skyrim - SkyPatched | cat #8 "Models and Textures" | T4 no rule, category, or keyword matched | stay
  Book Covers Skyrim | cat #8 "Models and Textures" | T4 no rule, category, or keyword matched | stay
  Books of Skyrim SE - Redux | cat #31 "Overhauls" | T4 no rule, category, or keyword matched | stay
  Books of Skyrim SE | cat #7 "Miscellaneous" | T4 no rule, category, or keyword matched | stay
  HP Lovecraft Books (SSE) | cat #39 "Collectables, Treasure Hunts, and Puzzles" | T2 category==separator [Collectables, Treasure Hunts, and Puzzles] | MOVE -> [Collectables, Treasure Hunts, and Puzzles]
  Randomized Standing Stones - Base Object Swapper | cat #3 "Gameplay" | T2 category==separator [Gameplay] | MOVE -> [Gameplay]
  Standing Stone the Lover | cat #26 "Environmental" | T4 no rule, category, or keyword matched | stay
  Menhir - Standing Stones of Skyrim | cat #3 "Gameplay" | T2 category==separator [Gameplay] | MOVE -> [Gameplay]
  Ryn's Standing Stones | cat #30 "Immersion" | T2 category~separator fuzzy [Immersion] shared=immersion | MOVE -> [AI & Immersion]
  Andromeda - Unique Standing Stones of Skyrim | cat #3 "Gameplay" | T2 category==separator [Gameplay] | MOVE -> [Gameplay]
  Dynamic Impacts | cat none | T4 no rule, category, or keyword matched | stay
  Throw Stone -- Simple Distraction Tool | cat #28 "Stealth" | T4 no rule, category, or keyword matched | stay
  Surrender - Enemies Yield and Comply with Your Demands | cat #3 "Gameplay" | T2 category==separator [Gameplay] | MOVE -> [Gameplay]
  HFs - Archery target remodel - Diverse BOS | cat #8 "Models and Textures" | T4 no rule, category, or keyword matched | stay
  Diverse Archery Targets - Base Object Swapper | cat none | T3 keyword [base object swapper] | MOVE -> [Extension Frameworks - Engines Patches]
  Archery Target Retexture 2k | cat #8 "Models and Textures" | T4 no rule, category, or keyword matched | stay
  Jabber's 2K Archery Targets | cat #8 "Models and Textures" | T4 no rule, category, or keyword matched | stay
  HFs - StrongBox Diverse Model Swapper | cat none | T4 no rule, category, or keyword matched | stay
  LockMaster - Lock Doors Containers and Usable Skeleton Key | cat #3 "Gameplay" | T2 category==separator [Gameplay] | MOVE -> [Gameplay]
  Amazing Lockpicks - Enhancements | cat #34 "Patches" | T4 no rule, category, or keyword matched | stay
  Amazing Lockpicks Radiance Alternative EAL | cat #28 "Stealth" | T4 no rule, category, or keyword matched | stay
  Amazing Lockpicks - Radiance | cat #28 "Stealth" | T4 no rule, category, or keyword matched | stay
  Amazing Lockpicks Additions Alternative EAL | cat #28 "Stealth" | T4 no rule, category, or keyword matched | stay
  Amazing Lockpicks - Additions | cat #28 "Stealth" | T4 no rule, category, or keyword matched | stay
  Amazing Lockpicks Alternative EAL | cat #31 "Overhauls" | T4 no rule, category, or keyword matched | stay
  Amazing Lockpicks | cat #31 "Overhauls" | T4 no rule, category, or keyword matched | stay
  Skeleton Key is a Key SE | cat #7 "Miscellaneous" | T4 no rule, category, or keyword matched | stay
  Security Overhaul SKSE - Extra Locks | cat #8 "Models and Textures" | T4 no rule, category, or keyword matched | stay
  Security Overhaul SKSE - Regional Locks | cat #30 "Immersion" | T2 category~separator fuzzy [Immersion] shared=immersion | MOVE -> [AI & Immersion]
  Security Overhaul SKSE - Add-ons | cat none | T4 no rule, category, or keyword matched | stay
  Security Overhaul SKSE - Lock Variations | cat #8 "Models and Textures" | T4 no rule, category, or keyword matched | stay
  Better Chests | cat #8 "Models and Textures" | T4 no rule, category, or keyword matched | stay
  ElSopa - Safe And Strongbox Redone | cat #8 "Models and Textures" | T4 no rule, category, or keyword matched | stay
  Complete Alchemy & Cooking Overhaul | cat #41 "Alchemy" | T2 category==separator [Alchemy] | stay
  Gold Bar - Replacer - Pfuscher | cat #8 "Models and Textures" | T4 no rule, category, or keyword matched | stay
  Pocket Crafting Shop SSE | cat #14 "Cheats and God items" | T2 category~separator fuzzy [Cheats and God items] shared=item | MOVE -> [Items]
  Diverse Tanning Racks - Base Object Swapper | cat #30 "Immersion" | T2 category~separator fuzzy [Immersion] shared=immersion | MOVE -> [AI & Immersion]
  Crossbow Integration (Including Creation Club) | cat #3 "Gameplay" | T2 category==separator [Gameplay] | MOVE -> [Gameplay]
  Eld-beri II - NPC Support (Spid Distribution file) | cat none | T3 keyword [spid] | MOVE -> [Extension Frameworks - Engines Patches]
  Eld-beri II - Lanterns Reworked | cat #8 "Models and Textures" | T4 no rule, category, or keyword matched | stay
  Quick Beri - Wearable particle light lanterns SPIDified (CS and ENB) | cat #21 "Clothing and Accessories" | T2 category~separator fuzzy [Clothing and Accessories] shared=clothing | MOVE -> [Clothing and Jewelry]
  Eld-beri II - Full Particle Light lantern mod (CS LLF or ENB Light) | cat #21 "Clothing and Accessories" | T2 category~separator fuzzy [Clothing and Accessories] shared=clothing | MOVE -> [Clothing and Jewelry]
  Scarcity SE - Less Loot Mod - SkyPatcher | cat #3 "Gameplay" | T2 category==separator [Gameplay] | MOVE -> [Gameplay]
  Scarcity SE - Less Loot Mod | cat none | T4 no rule, category, or keyword matched | stay
  Stacks of Septims - 3D Coin Piles - My patches SE by Xtudo | cat none | T4 no rule, category, or keyword matched | stay
  Stacks of Septims - 3d Coin Piles | cat #8 "Models and Textures" | T4 no rule, category, or keyword matched | stay
  Buy Lumber In Larger Stacks | cat #7 "Miscellaneous" | T4 no rule, category, or keyword matched | stay
  Weapons Armor Clothing and Clutter Fixes - SkyPatcher | cat #34 "Patches" | T3 keyword [skypatcher] | MOVE -> [Extension Frameworks - Engines Patches]
  Weapons Armor Clothing and Clutter Fixes | cat none | T4 no rule, category, or keyword matched | stay
  Harmonized Race Heights | cat #5 "Body, Face, and Hair" | T2 category~separator fuzzy [Body, Face, and Hair] shared=body | MOVE -> [Skin & Body]
  MW Elevated Heights SkyPatched - No ESP | cat #10 "Races, Classes, and Birthsigns" | T2 category~separator fuzzy [Races, Classes, and Birthsigns] shared=race | stay
  The Timelost Dwemer SE - ESSENTIALS PATCHER | cat #34 "Patches" | family: follows master [Essentials] | MOVE -> [Essentials]
  Lively's Deep Elf Race Patches | cat #34 "Patches" | T4 no rule, category, or keyword matched | stay
  The Timelost Dwemer - A Deep Elf Race SE 2.302 | cat #10 "Races, Classes, and Birthsigns" | T2 category~separator fuzzy [Races, Classes, and Birthsigns] shared=race | stay
  Lossless Race Change | cat #3 "Gameplay" | T2 category==separator [Gameplay] | MOVE -> [Gameplay]
  Angel And Fallen Race 3.0 (The Old Dragons) | cat #10 "Races, Classes, and Birthsigns" | T2 category~separator fuzzy [Races, Classes, and Birthsigns] shared=race | stay
  Aedra Race - Powers Once Lost | cat #10 "Races, Classes, and Birthsigns" | T2 category~separator fuzzy [Races, Classes, and Birthsigns] shared=race | stay
  Dynamic Wind Skyrim | cat #26 "Environmental" | T4 no rule, category, or keyword matched | stay
  Vibrant Weapons EAE - Enchantment Lights | cat #27 "Magic - Spells & Enchantments" | T2 category~separator fuzzy [Magic - Spells & Enchantments] shared=magic+spell+enchantment | MOVE -> [Magic, Spells, and Enchantments]
  slightly Better Dust aka Dust not Clouds | cat #8 "Models and Textures" | T4 no rule, category, or keyword matched | stay
  Realistic Dust (formerly Less Noticeable Dust SE) | cat #8 "Models and Textures" | T4 no rule, category, or keyword matched | stay
  Ugly Shine Wet Gloss begone R.A.S.S. Fix | cat #42 "Bug Fixes" | T2 category~separator fuzzy [Bug Fixes] shared=bug+fixe | MOVE -> [Essential Bug Fixes]
  RASS - NAT III Weather | cat #34 "Patches" | T4 no rule, category, or keyword matched | stay
  R.A.S.S. Rain Ash And Snow Shaders - Wet Frost Cold Dust - Settings Loader | cat #15 "User Interface" | T2 category~separator fuzzy [User Interface] shared=interface | MOVE -> [Interface - Controls]
  R.A.S.S. - Rain Ash And Snow Shaders | cat #22 "Visuals and Graphics" | T2 category~separator fuzzy [Visuals and Graphics] shared=visual | MOVE -> [Visual Control]
  FleshFX | cat #22 "Visuals and Graphics" | T2 category~separator fuzzy [Visuals and Graphics] shared=visual | MOVE -> [Visual Control]
  RUSTIC SPRIGGAN EFFECTS | cat #8 "Models and Textures" | T4 no rule, category, or keyword matched | stay
  Universal Unwanted Effects Clearer - Visual Effects - Imagespace Modifiers - Effect Shaders - Clairvoyance | cat #42 "Bug Fixes" | T2 category~separator fuzzy [Bug Fixes] shared=bug+fixe | MOVE -> [Essential Bug Fixes]
  Optimised Scripts for Enhanced Blood Textures - SPID version | cat #22 "Visuals and Graphics" | T2 category~separator fuzzy [Visuals and Graphics] shared=visual | MOVE -> [Visual Control]
  Enhanced Blood Textures | cat #22 "Visuals and Graphics" | T2 category~separator fuzzy [Visuals and Graphics] shared=visual | MOVE -> [Visual Control]
  Arctic - Frost Effects Redux | cat #8 "Models and Textures" | T4 no rule, category, or keyword matched | stay
  Parallax Spell Impacts | cat #8 "Models and Textures" | T4 no rule, category, or keyword matched | stay
  Deadly Spell Impacts | cat #22 "Visuals and Graphics" | T2 category~separator fuzzy [Visuals and Graphics] shared=visual | MOVE -> [Visual Control]
  Eternal Flames | cat none | T4 no rule, category, or keyword matched | stay
  Candle Flame VFX Edit | cat #8 "Models and Textures" | T4 no rule, category, or keyword matched | stay
  Flame VFX Edit | cat #27 "Magic - Spells & Enchantments" | T2 category~separator fuzzy [Magic - Spells & Enchantments] shared=magic+spell+enchantment | MOVE -> [Magic, Spells, and Enchantments]
  Healing VFX Edit | cat #27 "Magic - Spells & Enchantments" | T2 category~separator fuzzy [Magic - Spells & Enchantments] shared=magic+spell+enchantment | MOVE -> [Magic, Spells, and Enchantments]
  Dragon Breath VFX Edit | cat #27 "Magic - Spells & Enchantments" | T2 category~separator fuzzy [Magic - Spells & Enchantments] shared=magic+spell+enchantment | MOVE -> [Magic, Spells, and Enchantments]
  Lightning VFX Edit | cat #27 "Magic - Spells & Enchantments" | T2 category~separator fuzzy [Magic - Spells & Enchantments] shared=magic+spell+enchantment | MOVE -> [Magic, Spells, and Enchantments]
  Cheat Room - Additions and Merchant NPC | cat #14 "Cheats and God items" | T2 category~separator fuzzy [Cheats and God items] shared=item | MOVE -> [Items]
  Cheat Room | cat none | T4 no rule, category, or keyword matched | stay
  Bradenm1's Cheat Room Legendary Edition | cat #14 "Cheats and God items" | T2 category~separator fuzzy [Cheats and God items] shared=item | MOVE -> [Items]
  Apachii Divine Elegance Store | cat #7 "Miscellaneous" | T4 no rule, category, or keyword matched | stay
  Skyrim Trading Posts Remastered - SSE | cat #37 "Locations -  New" | T2 category~separator fuzzy [Locations -  New] shared=location | stay
  Labyrinthian Shalidor's Maze Fixes | cat #38 "Locations - Vanilla" | T2 category~separator fuzzy [Locations - Vanilla] shared=location | stay
  Immersive Dawnguard Dayspring Pass SE (IDDP) | cat #30 "Immersion" | T2 category~separator fuzzy [Immersion] shared=immersion | MOVE -> [AI & Immersion]
  Gems in All Mines - SE | cat #45 "Crafting" | T2 category==separator [Crafting] | MOVE -> [Crafting]
  WENB Shades USSEP Patch | cat #34 "Patches" | family: follows master [Unofficial Skyrim Special Edition Patch - USSEP] | MOVE -> [Essential Bug Fixes]
  Artisto RWT texture tweaks for Water for ENB | cat none | T3 keyword [enb] | MOVE -> [ENB]
  Water for ENB | cat none | T3 keyword [enb] | MOVE -> [ENB]
  WAVY Waterfalls Effect | cat #30 "Immersion" | T2 category~separator fuzzy [Immersion] shared=immersion | MOVE -> [AI & Immersion]
  Natural Waterfalls Patch for Rapid Rocks | cat #8 "Models and Textures" | T4 no rule, category, or keyword matched | stay
  Rapid Rocks | cat #8 "Models and Textures" | T4 no rule, category, or keyword matched | stay
  Natural Waterfalls | cat #26 "Environmental" | T4 no rule, category, or keyword matched | stay
  Crystal Clear Frozen Lakes and Ponds | cat #22 "Visuals and Graphics" | T2 category~separator fuzzy [Visuals and Graphics] shared=visual | MOVE -> [Visual Control]
  TB's Better Foam | cat none | T4 no rule, category, or keyword matched | stay
  GKB Waves Reborn | cat #26 "Environmental" | T4 no rule, category, or keyword matched | stay
  GKB Waves | cat #22 "Visuals and Graphics" | T2 category~separator fuzzy [Visuals and Graphics] shared=visual | MOVE -> [Visual Control]
  Underwater Blackreach | cat none | T4 no rule, category, or keyword matched | stay
  Underwater Skyrim- Rivers and Lakes | cat #37 "Locations -  New" | T2 category~separator fuzzy [Locations -  New] shared=location | MOVE -> [Locations]
  Depths of Skyrim - An Underwater Overhaul SSE | cat #31 "Overhauls" | T4 no rule, category, or keyword matched | stay
  Green Water Cubemap Fix | cat #42 "Bug Fixes" | T2 category~separator fuzzy [Bug Fixes] shared=bug+fixe | MOVE -> [Essential Bug Fixes]
  Green Water Cubemap Fix GSO | cat #42 "Bug Fixes" | family: follows master [Green Water Cubemap Fix] | MOVE -> [Essential Bug Fixes]
  DROPS By Ramccoid | cat #8 "Models and Textures" | T4 no rule, category, or keyword matched | stay
  Water Blending | cat #22 "Visuals and Graphics" | T2 category~separator fuzzy [Visuals and Graphics] shared=visual | MOVE -> [Visual Control]
  Simplicity of Sea - Water Color Tweaks | cat #22 "Visuals and Graphics" | T2 category~separator fuzzy [Visuals and Graphics] shared=visual | MOVE -> [Visual Control]
  Cathedral - Water Overhaul and Bug Fixes | cat #26 "Environmental" | T4 no rule, category, or keyword matched | stay
  Water Mod | cat #22 "Visuals and Graphics" | T2 category~separator fuzzy [Visuals and Graphics] shared=visual | MOVE -> [Visual Control]
  FYX - Water Mesh Optimization | cat #8 "Models and Textures" | T4 no rule, category, or keyword matched | stay
  Skyrim Landscape and Water Fixes | cat none | T4 no rule, category, or keyword matched | stay
  XxAwesome_PotionsxX SSE - SkyPatcher | cat #35 "Items and Objects - World" | T2 category~separator fuzzy [Items and Objects - World] shared=item | MOVE -> [Items]
  HFs - Cast iron pots | cat #8 "Models and Textures" | T4 no rule, category, or keyword matched | stay
  Golden Claw - Dynamic Cubemapped | cat #8 "Models and Textures" | T4 no rule, category, or keyword matched | stay
  Praedy's Azura's Star and Realm - SE | cat #8 "Models and Textures" | T4 no rule, category, or keyword matched | stay
  Wall mounted dead animals fixes (Bears of the north patch available) | cat #8 "Models and Textures" | family: follows master [Bears of the North] | MOVE -> [Animals]
  Rally's Handcarts | cat #8 "Models and Textures" | T4 no rule, category, or keyword matched | stay
  Quality CubeMaps - HD Cube Maps Optimized | cat #8 "Models and Textures" | T4 no rule, category, or keyword matched | stay
  ElSopa - Training Dummies Redone | cat none | T4 no rule, category, or keyword matched | stay
  Pottery Recolor-The Third Set-SSE | cat #35 "Items and Objects - World" | T2 category~separator fuzzy [Items and Objects - World] shared=item | MOVE -> [Items]
  Awesome Potions Simplified by Revoith | cat none | T4 no rule, category, or keyword matched | stay
  RUSTIC ELDERSCROLL - Special Edition | cat #8 "Models and Textures" | T4 no rule, category, or keyword matched | stay
  Cultured Orc Furniture | cat #38 "Locations - Vanilla" | T2 category~separator fuzzy [Locations - Vanilla] shared=location | MOVE -> [Locations]
  4K Retextured Mage Tables | cat none | T4 no rule, category, or keyword matched | stay
  RUGNAROK - Special Edition | cat #8 "Models and Textures" | T4 no rule, category, or keyword matched | stay
  Silver Objects SMIMed - Silver - Sovngarde - Thieves Guild - Vampire | cat #8 "Models and Textures" | T4 no rule, category, or keyword matched | stay
  Still Beating Hearts | cat #8 "Models and Textures" | T4 no rule, category, or keyword matched | stay
  PELTAPALOOZA - Special Edition | cat #8 "Models and Textures" | T4 no rule, category, or keyword matched | stay
  Rally's Banners of Skyrim | cat #8 "Models and Textures" | T4 no rule, category, or keyword matched | stay
  Immersive HD Banners | cat #8 "Models and Textures" | T4 no rule, category, or keyword matched | stay
  HQ Battle Maps - 2k | cat #22 "Visuals and Graphics" | T2 category~separator fuzzy [Visuals and Graphics] shared=visual | MOVE -> [Visual Control]
  JS Purses and Septims SE | cat #8 "Models and Textures" | T4 no rule, category, or keyword matched | stay
  JS Instruments of Skyrim SE | cat #8 "Models and Textures" | T4 no rule, category, or keyword matched | stay
  JS Dragon Claws AE - Animated Gem Claws | cat #8 "Models and Textures" | T4 no rule, category, or keyword matched | stay
  JS Dragon Claws AE Anniversary Edition | cat #8 "Models and Textures" | T4 no rule, category, or keyword matched | stay
  SD's Horn Candles SE | cat #8 "Models and Textures" | T4 no rule, category, or keyword matched | stay
  Rally's Market Stalls | cat #8 "Models and Textures" | T4 no rule, category, or keyword matched | stay
  Iconic's Remastered Paragon Gems | cat #8 "Models and Textures" | T4 no rule, category, or keyword matched | stay
  Dressed Hearthfire Doll | cat #8 "Models and Textures" | T4 no rule, category, or keyword matched | stay
  Dark Brotherhood Tenets Restored - Performance Edition | cat #8 "Models and Textures" | T4 no rule, category, or keyword matched | stay
  JS Bloodstone Chalice SE | cat #8 "Models and Textures" | T4 no rule, category, or keyword matched | stay
  Metallurgy - Ingots Ore and Veins HD | cat #8 "Models and Textures" | T4 no rule, category, or keyword matched | stay
  Ore Vein Texture Fix | cat #42 "Bug Fixes" | T2 category~separator fuzzy [Bug Fixes] shared=bug+fixe | MOVE -> [Essential Bug Fixes]
  Rudy HQ - Miscellaneous SE | cat none | T4 no rule, category, or keyword matched | stay
  Kanjs - Soup and Stew AIO Animated (SkyPatched) | cat #34 "Patches" | T4 no rule, category, or keyword matched | stay
  CC's UHD Coal Piles | cat #8 "Models and Textures" | T4 no rule, category, or keyword matched | stay
  Improved Gourds | cat #8 "Models and Textures" | T4 no rule, category, or keyword matched | stay
  Kanjs - Apples - up to 4k | cat #8 "Models and Textures" | T4 no rule, category, or keyword matched | stay
  Cabbage HD - My optimized textures SE by Xtudo | cat #8 "Models and Textures" | T4 no rule, category, or keyword matched | stay
  Cabbage - A Cabbage Mod | cat #8 "Models and Textures" | T4 no rule, category, or keyword matched | stay
  Glowing Mushroom Collision Fixes | cat #42 "Bug Fixes" | T2 category~separator fuzzy [Bug Fixes] shared=bug+fixe | MOVE -> [Essential Bug Fixes]
  Arc's MeadBarrel Redux 2k-4k | cat none | T4 no rule, category, or keyword matched | stay
  Smaller Goblets Cups and Jugs - Base Object Swapper | cat #8 "Models and Textures" | T3 keyword [base object swapper] | MOVE -> [Extension Frameworks - Engines Patches]
  Diverse Foods - Base Object Swapper | cat #30 "Immersion" | T2 category~separator fuzzy [Immersion] shared=immersion | MOVE -> [AI & Immersion]
  Kanjs - Soup and Stew All In One Animated | cat #8 "Models and Textures" | T4 no rule, category, or keyword matched | stay
  Skyrim 3D Cooking | cat #8 "Models and Textures" | T4 no rule, category, or keyword matched | stay
  RUSTIC COOKING - Special Edition | cat #8 "Models and Textures" | T4 no rule, category, or keyword matched | stay
  SMIM Food Items Resize All In One | cat #8 "Models and Textures" | T4 no rule, category, or keyword matched | stay
  Realistic HD Food Remastered | cat #8 "Models and Textures" | T4 no rule, category, or keyword matched | stay
  Basic Dining Set Replacer | cat #8 "Models and Textures" | T4 no rule, category, or keyword matched | stay
  Improved Dwemer Glass | cat #8 "Models and Textures" | T4 no rule, category, or keyword matched | stay
  JS Essence Extractor SE | cat #8 "Models and Textures" | T4 no rule, category, or keyword matched | stay
  JS Dwemer Puzzle Cube SE - Glowmapped | cat #22 "Visuals and Graphics" | T2 category~separator fuzzy [Visuals and Graphics] shared=visual | MOVE -> [Visual Control]
  JS Dwemer Puzzle Cube SE | cat #8 "Models and Textures" | T4 no rule, category, or keyword matched | stay
  JS Dwarven Oil SE - 2k Textures | cat #8 "Models and Textures" | T4 no rule, category, or keyword matched | stay
  JS Dwemer Kitchenware SE | cat #8 "Models and Textures" | T4 no rule, category, or keyword matched | stay
  JS Dwemer Ichor Barrels SE - 2k Textures | cat #8 "Models and Textures" | T4 no rule, category, or keyword matched | stay
  JS Dwemer Control Cube SE - Glowmapped | cat #22 "Visuals and Graphics" | T2 category~separator fuzzy [Visuals and Graphics] shared=visual | MOVE -> [Visual Control]
  JS Dwemer Control Cube SE | cat #8 "Models and Textures" | T4 no rule, category, or keyword matched | stay
  JS Dwemer Artifacts SE - Glowmapped | cat #22 "Visuals and Graphics" | T2 category~separator fuzzy [Visuals and Graphics] shared=visual | MOVE -> [Visual Control]
  JS Dwemer Artifacts SE | cat #8 "Models and Textures" | T4 no rule, category, or keyword matched | stay
  JS Attunement Sphere and Lexicons SE - Glowmapped | cat #22 "Visuals and Graphics" | T2 category~separator fuzzy [Visuals and Graphics] shared=visual | MOVE -> [Visual Control]
  JS Attunement Sphere and Lexicons SE | cat #8 "Models and Textures" | T4 no rule, category, or keyword matched | stay
  Dwemer Ballista Crash fix | cat #42 "Bug Fixes" | T2 category~separator fuzzy [Bug Fixes] shared=bug+fixe | MOVE -> [Essential Bug Fixes]
  Dwemer Tech Glowmapped | cat #8 "Models and Textures" | T4 no rule, category, or keyword matched | stay
  Dwemer Pipework Reworked | cat #8 "Models and Textures" | T4 no rule, category, or keyword matched | stay
  4K Nordic Murals | cat #8 "Models and Textures" | T4 no rule, category, or keyword matched | stay
  RUSTIC RELIEFS | cat none | T4 no rule, category, or keyword matched | stay
  OSHA-Compliant Sovngarde Mesh Fixes - Parallax | cat #8 "Models and Textures" | T4 no rule, category, or keyword matched | stay
  CleverCharff's Sovngarde 2K - Parallax | cat none | T4 no rule, category, or keyword matched | stay
  CleverCharff's Sovngarde 4K 2K | cat none | T4 no rule, category, or keyword matched | stay
  Mrf's Castle Volkihar | cat none | T4 no rule, category, or keyword matched | stay
  Arri's Snow Elf Ruins Retexture Special Edition | cat #8 "Models and Textures" | T4 no rule, category, or keyword matched | stay
  Skyrim Remastered - Caves | cat #8 "Models and Textures" | T4 no rule, category, or keyword matched | stay
  Underground - Complex Parallax Addon | cat #8 "Models and Textures" | T4 no rule, category, or keyword matched | stay
  Underground - a dungeon texture overhaul | cat #8 "Models and Textures" | T4 no rule, category, or keyword matched | stay
  Sepolcri - A complete Burial Sites overhaul | cat #26 "Environmental" | T4 no rule, category, or keyword matched | stay
  Dungeons - Revisited | cat #36 "Dungeons" | T2 category~separator fuzzy [Dungeons] shared=dungeon | stay
  Medieval Textiles for Dovahnique's Diverse Vendor Carts | cat #8 "Models and Textures" | T4 no rule, category, or keyword matched | stay
  Dovahnique's Diverse Vendor Carts - Base Object Swapper | cat #8 "Models and Textures" | T3 keyword [base object swapper] | MOVE -> [Extension Frameworks - Engines Patches]
  Khajiit Has Tents Animated | cat #8 "Models and Textures" | T4 no rule, category, or keyword matched | stay
  Khajiit Has Tents 2k | cat #8 "Models and Textures" | T4 no rule, category, or keyword matched | stay
  4K Imperial Tents Retexture | cat none | T4 no rule, category, or keyword matched | stay
  Utenlands Nordic Tents - BOS Color Variance | cat none | T4 no rule, category, or keyword matched | stay
  Improved Farmhouse Doors | cat #8 "Models and Textures" | T4 no rule, category, or keyword matched | stay
  Festival Flags Upscaled | cat #8 "Models and Textures" | T4 no rule, category, or keyword matched | stay
  Unique Festival Ropes HQ Texture Pack | cat none | T4 no rule, category, or keyword matched | stay
  Unique Festival Ropes | cat #8 "Models and Textures" | T4 no rule, category, or keyword matched | stay
  Rally's Barsets | cat #8 "Models and Textures" | T4 no rule, category, or keyword matched | stay
  Orcish Lanterns for Orc Strongholds by Jjerem - Base Object Swapper | cat #8 "Models and Textures" | T3 keyword [base object swapper] | MOVE -> [Extension Frameworks - Engines Patches]
  ladder 3d immersion vanilla style | cat #8 "Models and Textures" | T4 no rule, category, or keyword matched | stay
  2K Stockade | cat none | T4 no rule, category, or keyword matched | stay
  FYX - 3D Stockades - Improved Collisions Parallax | cat none | T4 no rule, category, or keyword matched | stay
  FYX - 3D Stockades - Walls and Gate | cat #8 "Models and Textures" | T4 no rule, category, or keyword matched | stay
  FYX - Riften Canal and Round Posts | cat none | T4 no rule, category, or keyword matched | stay
  ALT - (B) Markarth's Forge - Parallax | cat #8 "Models and Textures" | T4 no rule, category, or keyword matched | stay
  Spice Of Life - Orc Longhouses | cat #8 "Models and Textures" | T4 no rule, category, or keyword matched | stay
  RUSTIC WINDOWS - Special Edition | cat #8 "Models and Textures" | T4 no rule, category, or keyword matched | stay
  Riften Architectural Details | cat #22 "Visuals and Graphics" | T2 category~separator fuzzy [Visuals and Graphics] shared=visual | MOVE -> [Visual Control]
  Skyrim 3D Docks and Boardwalks | cat #8 "Models and Textures" | T4 no rule, category, or keyword matched | stay
  Nordic Stonewalls Complex Parallax Material | cat none | T4 no rule, category, or keyword matched | stay
  Nordic Stonewall Terraces | cat #8 "Models and Textures" | T4 no rule, category, or keyword matched | stay
  Nordic Stonewalls | cat #8 "Models and Textures" | T4 no rule, category, or keyword matched | stay
  Riton Farmhouse parallax III | cat #8 "Models and Textures" | T4 no rule, category, or keyword matched | stay
  Unique Northern Vanilla Farmhouses - Roof remesh | cat #2 "Buildings" | T4 no rule, category, or keyword matched | stay
  Unique Northern Vanilla Farmhouses - Non Snowy Regions | cat none | T4 no rule, category, or keyword matched | stay
  TB's 8K Parallax Driftwood | cat #8 "Models and Textures" | T4 no rule, category, or keyword matched | stay
  Diverse Downed Logs - Base Object Swapper | cat #30 "Immersion" | T2 category~separator fuzzy [Immersion] shared=immersion | MOVE -> [AI & Immersion]
  Blubbos Apple Tree Replacer for JK Mods | cat #34 "Patches" | T4 no rule, category, or keyword matched | stay
  DMT's Stuie Appleseeds Apple Trees in Skyrim | cat #26 "Environmental" | T4 no rule, category, or keyword matched | stay
  Skyfall's Sleeping Hist Tree Overhaul | cat #26 "Environmental" | T4 no rule, category, or keyword matched | stay
  Blubbos Gildergreen 2023 | cat #26 "Environmental" | T4 no rule, category, or keyword matched | stay
  Fabled Aspens Ablaze | cat #34 "Patches" | T4 no rule, category, or keyword matched | stay
  Aspens Ablaze | cat #8 "Models and Textures" | T4 no rule, category, or keyword matched | stay
  Fabled Forests - Arboreal Ascension Pines Mixed Patch | cat #8 "Models and Textures" | T4 no rule, category, or keyword matched | stay
  Arboreal Ascension Improved Tree Textures 2K | cat #8 "Models and Textures" | T4 no rule, category, or keyword matched | stay
  Arboreal Ascension - Enhanced Pine Trees of Skyrim | cat #26 "Environmental" | T4 no rule, category, or keyword matched | stay
  Fabled Forests - Exclude Morthal Marsh (Plus Various Enhanced Landscape - Dead Marsh Standalone Patches) | cat #26 "Environmental" | T4 no rule, category, or keyword matched | stay
  Fabled Forests - Ivy on Trees | cat none | T4 no rule, category, or keyword matched | stay
  Fabled Forests - Floating Trees fix BOS version | cat #34 "Patches" | T4 no rule, category, or keyword matched | stay
  Fabled Forests | cat #26 "Environmental" | T4 no rule, category, or keyword matched | stay
  Another Whiterun Tree Circle - Raw Wood | cat #8 "Models and Textures" | T4 no rule, category, or keyword matched | stay
  M.O.I.S.T. - Massive Outstandingly Insane Swamp Tree | cat #26 "Environmental" | T4 no rule, category, or keyword matched | stay
  Trees Addon SE | cat #26 "Environmental" | T4 no rule, category, or keyword matched | stay
  Cover Woods SSE | cat #8 "Models and Textures" | T4 no rule, category, or keyword matched | stay
  HD Remastered Tree Bark - Happy Little Trees - 16k 8k 4k 2k | cat #8 "Models and Textures" | T4 no rule, category, or keyword matched | stay
  Happy Little Trees | cat none | T4 no rule, category, or keyword matched | stay
  Rally's Hanging Moss | cat #8 "Models and Textures" | T4 no rule, category, or keyword matched | stay
  Smaller Cathedral 3D Plants | cat #8 "Models and Textures" | T4 no rule, category, or keyword matched | stay
  Rally's Cathedral 3D Dragons Tongue | cat #8 "Models and Textures" | T4 no rule, category, or keyword matched | stay
  Cathedral 3D Plants - Darker and Desat | cat #8 "Models and Textures" | T4 no rule, category, or keyword matched | stay
  Cathedral - Mushrooms | cat #8 "Models and Textures" | T4 no rule, category, or keyword matched | stay
  Cathedral - 3D Tundra Cotton | cat #22 "Visuals and Graphics" | T2 category~separator fuzzy [Visuals and Graphics] shared=visual | MOVE -> [Visual Control]
  Cathedral - 3D Thistle | cat #22 "Visuals and Graphics" | T2 category~separator fuzzy [Visuals and Graphics] shared=visual | MOVE -> [Visual Control]
  Cathedral - 3D Sword Ferns | cat #26 "Environmental" | T4 no rule, category, or keyword matched | stay
  Cathedral - 3D Snow Berries | cat #22 "Visuals and Graphics" | T2 category~separator fuzzy [Visuals and Graphics] shared=visual | MOVE -> [Visual Control]
  Cathedral - 3D Nightshade | cat #26 "Environmental" | T4 no rule, category, or keyword matched | stay
  Reimagined Mountain Flowers - Base Object Swapper - Seasons of Skyrim | cat #8 "Models and Textures" | T3 keyword [base object swapper] | MOVE -> [Extension Frameworks - Engines Patches]
  Cathedral - 3D Mountain Flowers - Base Object Swapper | cat #26 "Environmental" | T3 keyword [base object swapper] | MOVE -> [Extension Frameworks - Engines Patches]
  Cathedral - 3D Mountain Flowers | cat #26 "Environmental" | T4 no rule, category, or keyword matched | stay
  Cathedral - 3D Lavender | cat #22 "Visuals and Graphics" | T2 category~separator fuzzy [Visuals and Graphics] shared=visual | MOVE -> [Visual Control]
  Cathedral - 3D Deathbell | cat none | T4 no rule, category, or keyword matched | stay
  Cathedral - 3D Clover Plant | cat #22 "Visuals and Graphics" | T2 category~separator fuzzy [Visuals and Graphics] shared=visual | MOVE -> [Visual Control]
  Creep Cluster Collision Fixes | cat #8 "Models and Textures" | T4 no rule, category, or keyword matched | stay
  High Quality Ivy for SD's Farmhouse Fences | cat #8 "Models and Textures" | T4 no rule, category, or keyword matched | stay
  High Quality Ivy | cat #8 "Models and Textures" | T4 no rule, category, or keyword matched | stay
  A Nirnroot | cat #8 "Models and Textures" | T4 no rule, category, or keyword matched | stay
  Vine Maple Redone | cat #8 "Models and Textures" | T4 no rule, category, or keyword matched | stay
  Gourd Plant Mesh Fix (FOMOD check for Repatch) | cat #8 "Models and Textures" | T4 no rule, category, or keyword matched | stay
  Mari's Reach Ferns - Vanilla Mesh Tweaks | cat #42 "Bug Fixes" | T2 category~separator fuzzy [Bug Fixes] shared=bug+fixe | MOVE -> [Essential Bug Fixes]
  Juniper by Mari | cat #8 "Models and Textures" | T4 no rule, category, or keyword matched | stay
  Mari's flora | cat none | T4 no rule, category, or keyword matched | stay
  Cathedral - 3D Tundra Shrubs | cat #26 "Environmental" | T4 no rule, category, or keyword matched | stay
  Plant Size Variety | cat #26 "Environmental" | T4 no rule, category, or keyword matched | stay
  ICFur's Tundra Scrubs Version 2 | cat #8 "Models and Textures" | T4 no rule, category, or keyword matched | stay
  No More Dead Shrub | cat #26 "Environmental" | T4 no rule, category, or keyword matched | stay
  Blubbo_Shrubs_Replacer_darker_Patch.zip | cat #26 "Environmental" | T4 no rule, category, or keyword matched | stay
  Blubbos Shrub Replacer | cat #26 "Environmental" | T4 no rule, category, or keyword matched | stay
  Fall Forest And Yellow Shrubs Redone | cat #8 "Models and Textures" | T4 no rule, category, or keyword matched | stay
  Cathedral - 3D Pine Shrubs | cat #26 "Environmental" | T4 no rule, category, or keyword matched | stay
  Skyrim Flora Overhaul SE | cat #8 "Models and Textures" | T4 no rule, category, or keyword matched | stay
  ProjectedDiffuse Patch Hub | cat #34 "Patches" | T4 no rule, category, or keyword matched | stay
  Paraphernalia - Snow Colour Fixes | cat #48 "VR" | T4 no rule, category, or keyword matched | stay
  Better Dynamic Snow SE - projected noise Tweak | cat #8 "Models and Textures" | T4 no rule, category, or keyword matched | stay
  Better Dynamic Snow - Complex Parallax Materials | cat #22 "Visuals and Graphics" | T2 category~separator fuzzy [Visuals and Graphics] shared=visual | MOVE -> [Visual Control]
  Better Dynamic Snow SE | cat #26 "Environmental" | T4 no rule, category, or keyword matched | stay
  Better Snowflakes - A falling snow improvement mod | cat #8 "Models and Textures" | T4 no rule, category, or keyword matched | stay
  real life snowflakes SSE | cat #22 "Visuals and Graphics" | T2 category~separator fuzzy [Visuals and Graphics] shared=visual | MOVE -> [Visual Control]
  Floating Ash Pile Fix | cat #42 "Bug Fixes" | T2 category~separator fuzzy [Bug Fixes] shared=bug+fixe | MOVE -> [Essential Bug Fixes]
  Simple Snow Improvements - Solstheim Ruins (BOS) | cat #22 "Visuals and Graphics" | T2 category~separator fuzzy [Visuals and Graphics] shared=visual | MOVE -> [Visual Control]
  Simple Snow Improvements - Snow Forts (BOS) | cat #22 "Visuals and Graphics" | T2 category~separator fuzzy [Visuals and Graphics] shared=visual | MOVE -> [Visual Control]
  Simple Snow Improvements - Skyrim Fixes (BOS) | cat #22 "Visuals and Graphics" | T2 category~separator fuzzy [Visuals and Graphics] shared=visual | MOVE -> [Visual Control]
  Simple Snow Improvements - Giant Obelisk Fixes (BOS) | cat #22 "Visuals and Graphics" | T2 category~separator fuzzy [Visuals and Graphics] shared=visual | MOVE -> [Visual Control]
  Stretched Snow Begone Definitive Edition - Stretched Snow On Walls and Buildings Fix | cat none | T4 no rule, category, or keyword matched | stay
  Icy Cave Remaster - Ice Material Patch | cat #8 "Models and Textures" | T4 no rule, category, or keyword matched | stay
  Icy Cave Remaster | cat #8 "Models and Textures" | T4 no rule, category, or keyword matched | stay
  Icy Cave Remaster Patch | cat #8 "Models and Textures" | T4 no rule, category, or keyword matched | stay
  Icy Mesh Remaster | cat #8 "Models and Textures" | T4 no rule, category, or keyword matched | stay
  Multilayer Glacier Replacer | cat #22 "Visuals and Graphics" | T2 category~separator fuzzy [Visuals and Graphics] shared=visual | MOVE -> [Visual Control]
  Glacierslab SSE | cat #8 "Models and Textures" | T4 no rule, category, or keyword matched | stay
  Skyrim 3D Rocks Gray Retexture | cat #8 "Models and Textures" | T4 no rule, category, or keyword matched | stay
  Skyrim 3D Rocks | cat #8 "Models and Textures" | T4 no rule, category, or keyword matched | stay
  Cave Rocks Improved - Parallax | cat #8 "Models and Textures" | T4 no rule, category, or keyword matched | stay
  Riton Mountain | cat none | T4 no rule, category, or keyword matched | stay
  ERM - Complex Materials | cat #8 "Models and Textures" | T4 no rule, category, or keyword matched | stay
  Enhanced Rocks and Mountains - Addon | cat #8 "Models and Textures" | T4 no rule, category, or keyword matched | stay
  ERM - Enhanced Rocks and Mountains | cat #26 "Environmental" | T4 no rule, category, or keyword matched | stay
  Skyrim 3D roads | cat none | T4 no rule, category, or keyword matched | stay
  Medieval Blended Roads | cat #8 "Models and Textures" | T4 no rule, category, or keyword matched | stay
  Misc. Blended Road Fixes | cat #42 "Bug Fixes" | T2 category~separator fuzzy [Bug Fixes] shared=bug+fixe | MOVE -> [Essential Bug Fixes]
  Blended Roads Retexture | cat none | T4 no rule, category, or keyword matched | stay
  Blended Roads | cat #8 "Models and Textures" | T4 no rule, category, or keyword matched | stay
  Skyrim Better Roads | cat #30 "Immersion" | T2 category~separator fuzzy [Immersion] shared=immersion | MOVE -> [AI & Immersion]
  Landscape Seam Fixes | cat #26 "Environmental" | T4 no rule, category, or keyword matched | stay
  Tomato's Landscape - Blended Roads CM Patch | cat #8 "Models and Textures" | family: follows master [Blended Roads] | MOVE -> [Roads & Bridges]
  Rally's Tel Mithryn | cat #8 "Models and Textures" | T4 no rule, category, or keyword matched | stay
  Rally's Riekling Outposts | cat #8 "Models and Textures" | T4 no rule, category, or keyword matched | stay
  Rally's Raven Rock | cat #8 "Models and Textures" | T4 no rule, category, or keyword matched | stay
  Rally's Solstheim - Parallax | cat #8 "Models and Textures" | T4 no rule, category, or keyword matched | stay
  Rally's Solstheim Landscapes Complex Terrain Parallax Edition 2k | cat #8 "Models and Textures" | T4 no rule, category, or keyword matched | stay
  Riton Landscape | cat none | T4 no rule, category, or keyword matched | stay
  Tomato's Complex Parallax Material Landscapes AIO - With DLCs | cat none | T4 no rule, category, or keyword matched | stay
  Atlantean Landscape | cat none | T4 no rule, category, or keyword matched | stay
  Northfire's Skidmarks SE 2K-4K | cat #8 "Models and Textures" | T4 no rule, category, or keyword matched | stay
  Skyrim Remastered - Azura and Blackreach Crystals | cat #8 "Models and Textures" | T4 no rule, category, or keyword matched | stay
  SD's Farmhouse Fences SE | cat #8 "Models and Textures" | T4 no rule, category, or keyword matched | stay
  Stones of Solitude - Better Blended Rock Piles | cat #26 "Environmental" | T4 no rule, category, or keyword matched | stay
  Terrain Parallax Blending Fix | cat #42 "Bug Fixes" | T2 category~separator fuzzy [Bug Fixes] shared=bug+fixe | MOVE -> [Essential Bug Fixes]
  Lightened Skyrim - Base Object Swapper edition | cat #42 "Bug Fixes" | T2 category~separator fuzzy [Bug Fixes] shared=bug+fixe | MOVE -> [Essential Bug Fixes]
  Rock Grass for ENB Complex Grass SE (with Guide) | cat #22 "Visuals and Graphics" | T2 category~separator fuzzy [Visuals and Graphics] shared=visual | MOVE -> [Visual Control]
  Landscape Fixes For Grass Mods | cat #26 "Environmental" | T4 no rule, category, or keyword matched | stay
  No Grassias - A Universal Grass Fix For Grass Mods | cat #26 "Environmental" | T4 no rule, category, or keyword matched | stay
  QW's Grass Patch 2 - Origins of Forest - Cathedral - Folkvangr | cat #26 "Environmental" | T4 no rule, category, or keyword matched | stay
  Folkvangr rocks, twigs and leaves remover | cat #34 "Patches" | T4 no rule, category, or keyword matched | stay
  Folkvangr - Grass and Landscape Overhaul | cat #26 "Environmental" | T4 no rule, category, or keyword matched | stay
  Origins Of Forest - 3D Forest Grass | cat #26 "Environmental" | T4 no rule, category, or keyword matched | stay
  Cathedral - 3D Pine Grass | cat #26 "Environmental" | T4 no rule, category, or keyword matched | stay
  No Grass In Objects | cat none | T4 no rule, category, or keyword matched | stay
  Whiterun Wall Rubble Fixed - meshes without seams | cat #42 "Bug Fixes" | T2 category~separator fuzzy [Bug Fixes] shared=bug+fixe | MOVE -> [Essential Bug Fixes]
  Whiterun Mesh Fixes (Wizkid Hall of dead patch available) | cat #42 "Bug Fixes" | T2 category~separator fuzzy [Bug Fixes] shared=bug+fixe | MOVE -> [Essential Bug Fixes]
  Dlizzio's Mesh Fixes | cat #42 "Bug Fixes" | T2 category~separator fuzzy [Bug Fixes] shared=bug+fixe | MOVE -> [Essential Bug Fixes]
  Assorted Mesh Fixes | cat #42 "Bug Fixes" | T2 category~separator fuzzy [Bug Fixes] shared=bug+fixe | MOVE -> [Essential Bug Fixes]
  Shores of Skyrim - Base Object Swapper | cat #30 "Immersion" | T2 category~separator fuzzy [Immersion] shared=immersion | MOVE -> [AI & Immersion]
  Diverse Windmill Sails - Base Object Swapper | cat #30 "Immersion" | T2 category~separator fuzzy [Immersion] shared=immersion | MOVE -> [AI & Immersion]
  Voeille's Soul Cairn HD Expansion Parallax | cat #8 "Models and Textures" | T4 no rule, category, or keyword matched | stay
  Soul Cairn HD | cat #8 "Models and Textures" | T4 no rule, category, or keyword matched | stay
  Skyrim 3D Windmill | cat #8 "Models and Textures" | T4 no rule, category, or keyword matched | stay
  Skyrim 3D High Hrothgar Steps | cat #8 "Models and Textures" | T4 no rule, category, or keyword matched | stay
  L.V.X Magick's - Boats | cat #30 "Immersion" | T2 category~separator fuzzy [Immersion] shared=immersion | MOVE -> [AI & Immersion]
  Ships and boats of Tamriel | cat #32 "Modders Resources" | T2 category~separator fuzzy [Modders Resources] shared=modder | MOVE -> [Unofficial Skyrim Modders Patch Emporium]
  Shaders of Solstheim - Ash and Moss | cat #22 "Visuals and Graphics" | T2 category~separator fuzzy [Visuals and Graphics] shared=visual | MOVE -> [Visual Control]
  Stalhrim Source | cat #8 "Models and Textures" | T4 no rule, category, or keyword matched | stay
  Praedy's Blackreach deposits glowing rocks and falmer cave ceiling glow | cat #8 "Models and Textures" | T4 no rule, category, or keyword matched | stay
  Blackreach Overhaul | cat #31 "Overhauls" | T4 no rule, category, or keyword matched | stay
  SMIM Up Furniture Smooth Dark 2K | cat #8 "Models and Textures" | T4 no rule, category, or keyword matched | stay
  High Poly Project - My fixes SE-AE by Xtudo | cat #8 "Models and Textures" | T4 no rule, category, or keyword matched | stay
  High Poly Project | cat #8 "Models and Textures" | T4 no rule, category, or keyword matched | stay
  Forgotten Retex Project | cat #8 "Models and Textures" | T4 no rule, category, or keyword matched | stay
  Ruins Clutter Improved - Fixes | cat #8 "Models and Textures" | T4 no rule, category, or keyword matched | stay
  Ruins Clutter Improved SE | cat none | T4 no rule, category, or keyword matched | stay
  Static Mesh improvement Mod - SMIM - Quality Addon | cat #8 "Models and Textures" | T4 no rule, category, or keyword matched | stay
  Static Mesh Improvement Mod | cat #8 "Models and Textures" | T4 no rule, category, or keyword matched | stay
  Reverb Interior Sounds Expansion | cat #49 "Audio" | T2 category~separator fuzzy [Audio] shared=audio | stay
  Immersive Sounds Compendium - SkyPatched | cat #34 "Patches" | T4 no rule, category, or keyword matched | stay
  Audio Overhaul - Immersive Sounds Integration (AOS - ISC Compatibility Patch) | cat #49 "Audio" | T2 category~separator fuzzy [Audio] shared=audio | stay
  Immersive Sounds - Compendium | cat #49 "Audio" | T2 category~separator fuzzy [Audio] shared=audio | stay
  Audio Overhaul for Skyrim (4.1.2) | cat #49 "Audio" | T2 category~separator fuzzy [Audio] shared=audio | stay
  Acoustic Space Improvement Fixes - SkyPatcher | cat #42 "Bug Fixes" | T2 category~separator fuzzy [Bug Fixes] shared=bug+fixe | MOVE -> [Essential Bug Fixes]
  Acoustic Space Improvement Fixes | cat #49 "Audio" | T2 category~separator fuzzy [Audio] shared=audio | stay
  Auto Audio Switch | cat #49 "Audio" | T2 category~separator fuzzy [Audio] shared=audio | stay
  Sound Record Distributor | cat #49 "Audio" | T2 category~separator fuzzy [Audio] shared=audio | stay
  NAT.ENB - ENB PRESET v3.1.1C | cat #44 "Presets - ENB and ReShade" | T2 category~separator fuzzy [Presets - ENB and ReShade] shared=preset | MOVE -> [OBody and Bodyslide Presets]
  Rudy ENB for NAT 3 | cat #44 "Presets - ENB and ReShade" | T2 category~separator fuzzy [Presets - ENB and ReShade] shared=preset | MOVE -> [OBody and Bodyslide Presets]
  Unreal ENB | cat none | T3 keyword [enb] | MOVE -> [ENB]
  NAT Effect 11 | cat #22 "Visuals and Graphics" | T2 category~separator fuzzy [Visuals and Graphics] shared=visual | MOVE -> [Visual Control]
  Effects 11 - Community Shaders | cat none | T3 keyword [community shaders] | stay
  Native Mesh Light Flicker Fix | cat none | T4 no rule, category, or keyword matched | stay
  Horizon Fix | cat #22 "Visuals and Graphics" | T2 category~separator fuzzy [Visuals and Graphics] shared=visual | MOVE -> [Visual Control]
  Smoother Skies | cat #8 "Models and Textures" | T4 no rule, category, or keyword matched | stay
  Wetness Effects | cat #22 "Visuals and Graphics" | T2 category~separator fuzzy [Visuals and Graphics] shared=visual | MOVE -> [Visual Control]
  Upscaling - Community Shaders | cat #22 "Visuals and Graphics" | T2 category~separator fuzzy [Visuals and Graphics] shared=visual | MOVE -> [Visual Control]
  Terrain Variation | cat none | T4 no rule, category, or keyword matched | stay
  Terrain Helper | cat #7 "Miscellaneous" | T4 no rule, category, or keyword matched | stay
  Terrain Blending - Community Shaders | cat none | T3 keyword [community shaders] | stay
  Screen Space Global Illumination (SSGI) - Community Shaders | cat #22 "Visuals and Graphics" | T2 category~separator fuzzy [Visuals and Graphics] shared=visual | MOVE -> [Visual Control]
  Light Placer | cat #13 "Utilities" | T2 category==separator [Utilities] | MOVE -> [Utilities]
  Hair Specular - Community Shaders | cat #22 "Visuals and Graphics" | T2 category~separator fuzzy [Visuals and Graphics] shared=visual | MOVE -> [Visual Control]
  Skylighting - Community Shaders | cat none | T3 keyword [community shaders] | stay
  Cloud Shadows | cat none | T4 no rule, category, or keyword matched | stay
  Community Shaders Expanded (CSX) | cat none | T3 keyword [community shaders] | stay
  Community Shaders | cat none | T3 keyword [community shaders] | stay
  Open Shaders | cat #22 "Visuals and Graphics" | T2 category~separator fuzzy [Visuals and Graphics] shared=visual | MOVE -> [Visual Control]
  NAT III Weather - From Dusk Till Dawn - Every Cloud Different - SLFR - Bizarre Shadow Fix - Compatibility Patch | cat none | family: follows master [From Dusk Till Dawn] | MOVE -> [Weather Systems]
  ETHEREAL CLOUDS - Special Edition | cat #8 "Models and Textures" | T4 no rule, category, or keyword matched | stay
  Rally's Celestial Canvas | cat #8 "Models and Textures" | T4 no rule, category, or keyword matched | stay
  DALC Fix Preset | cat #42 "Bug Fixes" | T2 category~separator fuzzy [Bug Fixes] shared=bug+fixe | MOVE -> [Essential Bug Fixes]
  E.C.D. Every Cloud Different NAT Add On | cat none | T4 no rule, category, or keyword matched | stay
  Skygazer Moons SSE - Masser and Secunda HD Textures - WITH GLOW | cat none | T4 no rule, category, or keyword matched | stay
  ETHEREAL COSMOS - Special Edition | cat #22 "Visuals and Graphics" | T2 category~separator fuzzy [Visuals and Graphics] shared=visual | MOVE -> [Visual Control]
  Skyrim Textures Redone - Stars | cat #8 "Models and Textures" | T4 no rule, category, or keyword matched | stay
  Shooting Stars SE - Remove Leaflet | cat none | T4 no rule, category, or keyword matched | stay
  Shooting Stars 2K SE - Cleaned and Upscaled Textures | cat #30 "Immersion" | T2 category~separator fuzzy [Immersion] shared=immersion | MOVE -> [AI & Immersion]
  Shooting Stars SE | cat #26 "Environmental" | T4 no rule, category, or keyword matched | stay
  Moons And Stars - Sky Overhaul | cat #30 "Immersion" | T2 category~separator fuzzy [Immersion] shared=immersion | MOVE -> [AI & Immersion]
  Aurora Fix | cat #42 "Bug Fixes" | T2 category~separator fuzzy [Bug Fixes] shared=bug+fixe | MOVE -> [Essential Bug Fixes]
  Dynamic Wind Framework - SKSE Plugin | cat #13 "Utilities" | T2 category==separator [Utilities] | MOVE -> [Utilities]
  Rainbows Remade | cat none | T4 no rule, category, or keyword matched | stay
  Splashes Of Storms | cat #30 "Immersion" | T2 category~separator fuzzy [Immersion] shared=immersion | MOVE -> [AI & Immersion]
  Distant Rolling Thunder | cat #49 "Audio" | T2 category~separator fuzzy [Audio] shared=audio | MOVE -> [Audio Fixes & Overhauls]
  Storm Lightning for SSE and VR (Minty Lightning 2019) | cat #26 "Environmental" | T4 no rule, category, or keyword matched | stay
  Picta Series - Improved Sky Meshes | cat #8 "Models and Textures" | T4 no rule, category, or keyword matched | stay
  Solar Lens Flare Redux (SLFR) | cat #22 "Visuals and Graphics" | T2 category~separator fuzzy [Visuals and Graphics] shared=visual | MOVE -> [Visual Control]
  Azurite Weathers III - Enhanced | cat #22 "Visuals and Graphics" | T2 category~separator fuzzy [Visuals and Graphics] shared=visual | MOVE -> [Visual Control]
  Azurite Weathers - MCM and Settings Loader | cat #15 "User Interface" | T2 category~separator fuzzy [User Interface] shared=interface | MOVE -> [Interface - Controls]
  Azurite Weathers - Alluring Sunsets and Sunrises | cat #22 "Visuals and Graphics" | T2 category~separator fuzzy [Visuals and Graphics] shared=visual | MOVE -> [Visual Control]
  Ambient Templates for Lighting Mods | cat #22 "Visuals and Graphics" | T2 category~separator fuzzy [Visuals and Graphics] shared=visual | MOVE -> [Visual Control]
  Sky Reflection Fix | cat #42 "Bug Fixes" | T2 category~separator fuzzy [Bug Fixes] shared=bug+fixe | MOVE -> [Essential Bug Fixes]
  NAT.CS - From Dusk Till Dawn | cat none | T4 no rule, category, or keyword matched | stay
  From Dusk Till Dawn | cat #26 "Environmental" | T4 no rule, category, or keyword matched | stay
  NAT.CS III | cat #22 "Visuals and Graphics" | T2 category~separator fuzzy [Visuals and Graphics] shared=visual | MOVE -> [Visual Control]
  NAT.ENB III - Natural and Atmospheric Tamriel ENB 3.1.1C | cat #44 "Presets - ENB and ReShade" | T2 category~separator fuzzy [Presets - ENB and ReShade] shared=preset | MOVE -> [OBody and Bodyslide Presets]
  Enter the College of Winterhold without joining | cat #30 "Immersion" | T2 category~separator fuzzy [Immersion] shared=immersion | MOVE -> [AI & Immersion]
  College of Winterhold - Glowing Symbols | cat none | T4 no rule, category, or keyword matched | stay
  College of Winterhold Quest Start Fixes | cat #42 "Bug Fixes" | T2 category~separator fuzzy [Bug Fixes] shared=bug+fixe | MOVE -> [Essential Bug Fixes]
  Magic Student (WIChangeLocation04) Quest Fix | cat #42 "Bug Fixes" | T2 category~separator fuzzy [Bug Fixes] shared=bug+fixe | MOVE -> [Essential Bug Fixes]
  King Olaf's Fire Festival Not Ending Fix | cat #42 "Bug Fixes" | T2 category~separator fuzzy [Bug Fixes] shared=bug+fixe | MOVE -> [Essential Bug Fixes]
  Dark Brotherhood for Good Guys | cat none | T4 no rule, category, or keyword matched | stay
  Guild Master's Armor First Person Texture Fix | cat #42 "Bug Fixes" | T2 category~separator fuzzy [Bug Fixes] shared=bug+fixe | MOVE -> [Essential Bug Fixes]
  Revealing Rune | cat #11 "Quests and Adventures" | T2 category~separator fuzzy [Quests and Adventures] shared=quest | MOVE -> [New Lands and Quests]
  Localized Thieves Guild Jobs | cat #11 "Quests and Adventures" | T2 category~separator fuzzy [Quests and Adventures] shared=quest | MOVE -> [New Lands and Quests]
  Brynjolf has Time for You SE | cat #9 "NPC" | T2 category~separator fuzzy [NPC] shared=npc | MOVE -> [NPCs and Behaviour]
  Dustman's Cairn Farkas Scene Fix | cat #42 "Bug Fixes" | T2 category~separator fuzzy [Bug Fixes] shared=bug+fixe | MOVE -> [Essential Bug Fixes]
  The Companions - Don't be a Milk Drinker | cat #11 "Quests and Adventures" | T2 category~separator fuzzy [Quests and Adventures] shared=quest | MOVE -> [New Lands and Quests]
  Proving Honor Companions Quest Progression Fix | cat #42 "Bug Fixes" | T2 category~separator fuzzy [Bug Fixes] shared=bug+fixe | MOVE -> [Essential Bug Fixes]
  Finding Susanna Alive | cat #42 "Bug Fixes" | T2 category~separator fuzzy [Bug Fixes] shared=bug+fixe | MOVE -> [Essential Bug Fixes]
  Blood on the Ice Redux - Re-Voiced | cat #11 "Quests and Adventures" | T2 category~separator fuzzy [Quests and Adventures] shared=quest | MOVE -> [New Lands and Quests]
  Blood on the Ice Redux - Voiced ESP-FE | cat #11 "Quests and Adventures" | T2 category~separator fuzzy [Quests and Adventures] shared=quest | MOVE -> [New Lands and Quests]
  Blood on the Ice Redux SE | cat #11 "Quests and Adventures" | T2 category~separator fuzzy [Quests and Adventures] shared=quest | MOVE -> [New Lands and Quests]
  Stormcloaks For Good Guys-LESS RACIST | cat none | T4 no rule, category, or keyword matched | stay
  Namira for Good Guys | cat #11 "Quests and Adventures" | T2 category~separator fuzzy [Quests and Adventures] shared=quest | MOVE -> [New Lands and Quests]
  Boethiah for Good Guys | cat #11 "Quests and Adventures" | T2 category~separator fuzzy [Quests and Adventures] shared=quest | MOVE -> [New Lands and Quests]
  Scare my Enemy Bug Fix | cat #42 "Bug Fixes" | T2 category~separator fuzzy [Bug Fixes] shared=bug+fixe | MOVE -> [Essential Bug Fixes]
  Source of Stalhrim Quest Fix | cat #42 "Bug Fixes" | T2 category~separator fuzzy [Bug Fixes] shared=bug+fixe | MOVE -> [Essential Bug Fixes]
  Favor Quests Separated | cat #11 "Quests and Adventures" | T2 category~separator fuzzy [Quests and Adventures] shared=quest | MOVE -> [New Lands and Quests]
  Quests Are In Skyrim | cat #11 "Quests and Adventures" | T2 category~separator fuzzy [Quests and Adventures] shared=quest | MOVE -> [New Lands and Quests]
  Wild Horses Quest Markers (CC) | cat #11 "Quests and Adventures" | T2 category~separator fuzzy [Quests and Adventures] shared=quest | MOVE -> [New Lands and Quests]
  Helgen UV Tweaks | cat #8 "Models and Textures" | T4 no rule, category, or keyword matched | stay
  Helgen Reborn's Keepers of Hattu Retexture SE | cat #19 "Armour" | T2 category~separator fuzzy [Armour] shared=armour | MOVE -> [Armour Conversions]
  Unique Helgen Reborn | cat #18 "Cities, Towns, Villages, and Hamlets" | T2 category~separator fuzzy [Cities, Towns, Villages, and Hamlets] shared=citie+town+village | MOVE -> [Expanded Cities, Towns, and Villages]
  Helgen Reborn | cat none | T4 no rule, category, or keyword matched | stay
  Paarthurnax - Quest Expansion | cat #11 "Quests and Adventures" | T2 category~separator fuzzy [Quests and Adventures] shared=quest | MOVE -> [New Lands and Quests]
  Don't Rush Me - Riften (No Brynjolf and Maul Forcegreets) | cat #3 "Gameplay" | T2 category==separator [Gameplay] | MOVE -> [Gameplay]
  Even Better Quest Objectives - Quests Are In Skyrim Patch | cat #34 "Patches" | family: follows master [Even Better Quest Objectives SE] | MOVE -> [AI & Immersion]
  Even Better Quest Objectives SE | cat #30 "Immersion" | T2 category~separator fuzzy [Immersion] shared=immersion | MOVE -> [AI & Immersion]
  Fort Knox | cat #37 "Locations -  New" | T2 category~separator fuzzy [Locations -  New] shared=location | MOVE -> [Locations]
  Alternate Banners and Uniforms for Phenderix Magic World - Manantis | cat #8 "Models and Textures" | T4 no rule, category, or keyword matched | stay
  Phenderix Magic World - The Magical World of Manantis | cat #37 "Locations -  New" | T2 category~separator fuzzy [Locations -  New] shared=location | MOVE -> [Locations]
  Sweet Roll Hut SE | cat #2 "Buildings" | T4 no rule, category, or keyword matched | stay
  Olenveld | cat #37 "Locations -  New" | T2 category~separator fuzzy [Locations -  New] shared=location | MOVE -> [Locations]
  DynDOLOD Modders Resource Fixes | cat #42 "Bug Fixes" | T2 category~separator fuzzy [Bug Fixes] shared=bug+fixe | MOVE -> [Essential Bug Fixes]
  Far Object LOD Improvement Project SSE | cat #32 "Modders Resources" | T2 category~separator fuzzy [Modders Resources] shared=modder | MOVE -> [Unofficial Skyrim Modders Patch Emporium]
  Lod Model Library for DynDOLOD | cat #8 "Models and Textures" | T4 no rule, category, or keyword matched | stay
  DynDOLOD DLL NG and Scripts | cat #13 "Utilities" | T2 category==separator [Utilities] | MOVE -> [Utilities]
  DynDOLOD 3 Alpha | cat #13 "Utilities" | T2 category==separator [Utilities] | MOVE -> [Utilities]
  DynDOLOD Resources SE (Reinstall to Configure) | cat none | T4 no rule, category, or keyword matched | stay
  HD LODs Textures SE | cat #8 "Models and Textures" | T4 no rule, category, or keyword matched | stay
  HD Enhanced Terrain | cat #22 "Visuals and Graphics" | T2 category~separator fuzzy [Visuals and Graphics] shared=visual | MOVE -> [Visual Control]
  ENB Extender and Helper Skyrim | cat #44 "Presets - ENB and ReShade" | T2 category~separator fuzzy [Presets - ENB and ReShade] shared=preset | MOVE -> [OBody and Bodyslide Presets]
  Dynamic Gamma SKSE | cat #22 "Visuals and Graphics" | T2 category~separator fuzzy [Visuals and Graphics] shared=visual | stay
  KonsumE AE | cat none | T4 no rule, category, or keyword matched | stay
  KreatE | cat #22 "Visuals and Graphics" | T2 category~separator fuzzy [Visuals and Graphics] shared=visual | stay
  IMAGINATOR - Visual Control Device for Skyrim | cat #22 "Visuals and Graphics" | T2 category~separator fuzzy [Visuals and Graphics] shared=visual | stay
  Likeness | cat none | T4 no rule, category, or keyword matched | stay
  Producing Unique Personas of Skyrim (PUPS) | cat #9 "NPC" | T2 category~separator fuzzy [NPC] shared=npc | MOVE -> [NPCs and Behaviour]
  S.L.U.R I Sswaye's Luxuriously Unlocked Racemenu for customraces | cat none | T3 keyword [racemenu] | stay
  RaceMenu High Heels (Height Fixes) | cat #13 "Utilities" | T2 category==separator [Utilities] | MOVE -> [Utilities]
  RaceMenu Selector of Skins - Unique Player Character | cat #5 "Body, Face, and Hair" | T2 category~separator fuzzy [Body, Face, and Hair] shared=body | MOVE -> [Skin & Body]
  Dynamic Body Distribution - DBD | cat #8 "Models and Textures" | T4 no rule, category, or keyword matched | stay
  EFM SE - Racemenu plugin | cat #5 "Body, Face, and Hair" | T2 category~separator fuzzy [Body, Face, and Hair] shared=body | MOVE -> [Skin & Body]
  RaceCompatibility with fixes for SSE | cat #32 "Modders Resources" | T2 category~separator fuzzy [Modders Resources] shared=modder | MOVE -> [Unofficial Skyrim Modders Patch Emporium]
  Race Compatibility SKSE | cat none | T4 no rule, category, or keyword matched | stay
  RaceMenu Anniversary Edition | cat none | T3 keyword [racemenu] | stay
  Starlit Lakes Loading Screens | cat #15 "User Interface" | T2 category~separator fuzzy [User Interface] shared=interface | MOVE -> [Interface - Controls]
  Loading Menu Overhaul | cat #15 "User Interface" | T2 category~separator fuzzy [User Interface] shared=interface | MOVE -> [Interface - Controls]
  Improved Loading Screen Colors | cat #22 "Visuals and Graphics" | T2 category~separator fuzzy [Visuals and Graphics] shared=visual | MOVE -> [Visual Control]
  Argonian Loading Screen Fix | cat #22 "Visuals and Graphics" | T2 category~separator fuzzy [Visuals and Graphics] shared=visual | MOVE -> [Visual Control]
  Vampire Loading Screen Eye Fix | cat #42 "Bug Fixes" | T2 category~separator fuzzy [Bug Fixes] shared=bug+fixe | MOVE -> [Essential Bug Fixes]
  SmoothCam | cat #3 "Gameplay" | T2 category==separator [Gameplay] | MOVE -> [Gameplay]
  A Matter of Time - Edge UI Patch | cat #15 "User Interface" | T2 category~separator fuzzy [User Interface] shared=interface | MOVE -> [Interface - Controls]
  A Matter of Time - A HUD clock widget | cat #15 "User Interface" | T2 category~separator fuzzy [User Interface] shared=interface | MOVE -> [Interface - Controls]
  Dragon's Eye Minimap | cat #15 "User Interface" | T2 category~separator fuzzy [User Interface] shared=interface | MOVE -> [Interface - Controls]
  Modex - A Mod Explorer Menu (AddItemMenu) | cat none | T4 no rule, category, or keyword matched | stay
  Skyrim Cheat Engine | cat #14 "Cheats and God items" | T2 category~separator fuzzy [Cheats and God items] shared=item | MOVE -> [Items]
  AddItemMenu AE | cat none | T4 no rule, category, or keyword matched | stay
  AddItemMenuSE AE Fixed | cat none | family: follows master [AddItemMenu - NG] | MOVE -> [Utilities]
  AddItemMenu - NG | cat #13 "Utilities" | T2 category==separator [Utilities] | MOVE -> [Utilities]
  AddItemMenu - Ultimate Mod Explorer | cat #13 "Utilities" | T2 category==separator [Utilities] | MOVE -> [Utilities]
  Another AddItem Mod - 2026 | cat none | T4 no rule, category, or keyword matched | stay
  dMenu | cat none | T4 no rule, category, or keyword matched | stay
  MCM Menu Redone | cat #15 "User Interface" | T2 category~separator fuzzy [User Interface] shared=interface | MOVE -> [Interface - Controls]
  PrismaUI Teleport Menu | cat #15 "User Interface" | T2 category~separator fuzzy [User Interface] shared=interface | MOVE -> [Interface - Controls]
  Prisma Mod Configuration Manager - PMCM | cat #15 "User Interface" | T2 category~separator fuzzy [User Interface] shared=interface | MOVE -> [Interface - Controls]
  SkyPrompt | cat #15 "User Interface" | T2 category~separator fuzzy [User Interface] shared=interface | MOVE -> [Interface - Controls]
  Prisma UI - Next-Gen Web UI Framework | cat #15 "User Interface" | T2 category~separator fuzzy [User Interface] shared=interface | MOVE -> [Interface - Controls]
  Infinity UI | cat #13 "Utilities" | T2 category==separator [Utilities] | MOVE -> [Utilities]
  Stay At The System Page NG | cat #34 "Patches" | T4 no rule, category, or keyword matched | stay
  Favorites Menu Effects Description | cat #15 "User Interface" | T2 category~separator fuzzy [User Interface] shared=interface | MOVE -> [Interface - Controls]
  Untarnished UI | cat #15 "User Interface" | T2 category~separator fuzzy [User Interface] shared=interface | MOVE -> [Interface - Controls]
  Dear Diary Dark Mode - SkyUI Menus Replacer SE | cat #15 "User Interface" | T2 category~separator fuzzy [User Interface] shared=interface | MOVE -> [Interface - Controls]
  Crafting Categories for SkyUI | cat #15 "User Interface" | T2 category~separator fuzzy [User Interface] shared=interface | MOVE -> [Interface - Controls]
  SkyUI - Ghost Item Bug Fix | cat #15 "User Interface" | T2 category~separator fuzzy [User Interface] shared=interface | MOVE -> [Interface - Controls]
  NL_MCM - A Modular MCM Framework | cat #32 "Modders Resources" | T2 category~separator fuzzy [Modders Resources] shared=modder | MOVE -> [Unofficial Skyrim Modders Patch Emporium]
  SkyUI | cat none | T3 keyword [skyui] | MOVE -> [Interface - HUD]
  STATUS | cat #32 "Modders Resources" | T2 category~separator fuzzy [Modders Resources] shared=modder | MOVE -> [Unofficial Skyrim Modders Patch Emporium]
  MCM Helper | cat none | T3 keyword [mcm] | MOVE -> [Interface - HUD]
  SSIRT v4.1 | cat #15 "User Interface" | T2 category~separator fuzzy [User Interface] shared=interface | MOVE -> [Interface - Controls]
  UIExtensions | cat #15 "User Interface" | T2 category~separator fuzzy [User Interface] shared=interface | MOVE -> [Interface - Controls]
  Console Commander - Add and Execute Console Commands - SKSE Menu Framework | cat #15 "User Interface" | T2 category~separator fuzzy [User Interface] shared=interface | MOVE -> [Interface - Controls]
  L.v.x Magick's - Complete Bleak Falls Barrow Instantly | cat #13 "Utilities" | T2 category==separator [Utilities] | MOVE -> [Utilities]
  Mfg Fix NG | cat #13 "Utilities" | T2 category==separator [Utilities] | MOVE -> [Utilities]
  Mfg Fix | cat #42 "Bug Fixes" | T2 category~separator fuzzy [Bug Fixes] shared=bug+fixe | MOVE -> [Essential Bug Fixes]
  More Informative Console | cat #15 "User Interface" | T2 category~separator fuzzy [User Interface] shared=interface | MOVE -> [Interface - Controls]
  Extended UI | cat #15 "User Interface" | T2 category~separator fuzzy [User Interface] shared=interface | MOVE -> [Interface - Controls]
  ConsolePlusPlus | cat #15 "User Interface" | T2 category~separator fuzzy [User Interface] shared=interface | MOVE -> [Interface - Controls]
  ConsoleUtil Extended | cat #13 "Utilities" | T2 category==separator [Utilities] | MOVE -> [Utilities]
  ConsoleUtilSSE NG | cat #13 "Utilities" | T2 category==separator [Utilities] | MOVE -> [Utilities]
  Autorun | cat #13 "Utilities" | T2 category==separator [Utilities] | MOVE -> [Utilities]
  Simple edge glow fixes - VR | cat none | T4 no rule, category, or keyword matched | stay
  Animated Static Reload Fix - NG | cat #42 "Bug Fixes" | T2 category~separator fuzzy [Bug Fixes] shared=bug+fixe | MOVE -> [Essential Bug Fixes]
  Unofficial Material Fix | cat #42 "Bug Fixes" | T2 category~separator fuzzy [Bug Fixes] shared=bug+fixe | stay
  Faster Decompression | cat #13 "Utilities" | T2 category==separator [Utilities] | MOVE -> [Utilities]
  DPI Scaling Fix | cat #42 "Bug Fixes" | T2 category~separator fuzzy [Bug Fixes] shared=bug+fixe | stay
  No Edge Glow - Magic and Transformations UPDATED ESL | cat #22 "Visuals and Graphics" | T2 category~separator fuzzy [Visuals and Graphics] shared=visual | MOVE -> [Visual Control]
  Universal (SKSE) Rim Lighting Fix | cat #42 "Bug Fixes" | T2 category~separator fuzzy [Bug Fixes] shared=bug+fixe | stay
  Serana's Hood Fix | cat #42 "Bug Fixes" | T2 category~separator fuzzy [Bug Fixes] shared=bug+fixe | stay
  Motionless Rocks Killing People Fix | cat none | T4 no rule, category, or keyword matched | stay
  dunPOISoldiersRaidOnStart Script Tweak | cat #42 "Bug Fixes" | T2 category~separator fuzzy [Bug Fixes] shared=bug+fixe | stay
  High Gate Ruins Puzzle Reset Fix | cat #42 "Bug Fixes" | T2 category~separator fuzzy [Bug Fixes] shared=bug+fixe | stay
  Rock Traps Trigger Fixes (FOMOD MAY NEED TO REPATCH) | cat #42 "Bug Fixes" | T2 category~separator fuzzy [Bug Fixes] shared=bug+fixe | stay
  Universal Cured Serana Eye Fix | cat #42 "Bug Fixes" | T2 category~separator fuzzy [Bug Fixes] shared=bug+fixe | stay
  Bound Dagger CTD Fix | cat none | T4 no rule, category, or keyword matched | stay
  Fixed Bound Sword and Dagger Collision | cat #48 "VR" | T4 no rule, category, or keyword matched | stay
  Chillwind Depths CTD Fix | cat #42 "Bug Fixes" | T2 category~separator fuzzy [Bug Fixes] shared=bug+fixe | stay
  Barter Limit Fix | cat #42 "Bug Fixes" | T2 category~separator fuzzy [Bug Fixes] shared=bug+fixe | stay
  Disable Character Lighting | cat #42 "Bug Fixes" | T2 category~separator fuzzy [Bug Fixes] shared=bug+fixe | stay
  Clean up the physics outfit - Collision Reset | cat #17 "Animation" | T2 category~separator fuzzy [Animation] shared=animation | MOVE -> [Animations]
  Animals Report No Crime - SkyPatcher | cat #3 "Gameplay" | T2 category==separator [Gameplay] | MOVE -> [Gameplay]
  FileAccess Interface for Skyrim SE Scripts - FISSES | cat #32 "Modders Resources" | T2 category~separator fuzzy [Modders Resources] shared=modder | MOVE -> [Unofficial Skyrim Modders Patch Emporium]
  Creation Club (Rare Curios) - Poison Apple texture swap fix | cat none | family: follows master [Creation Club - Rare Curios] | MOVE -> [Creation Club]
  No Stagger Mod | cat #48 "VR" | T4 no rule, category, or keyword matched | stay
  Stuck on Screen Load Door Prompt Fix | cat #42 "Bug Fixes" | T2 category~separator fuzzy [Bug Fixes] shared=bug+fixe | stay
  Load Screen Shading Fix | cat #42 "Bug Fixes" | T2 category~separator fuzzy [Bug Fixes] shared=bug+fixe | stay
  Modern Clap Bug Fix | cat #42 "Bug Fixes" | T2 category~separator fuzzy [Bug Fixes] shared=bug+fixe | stay
  World Encounter Hostility Fix -Performance Version | cat #42 "Bug Fixes" | T2 category~separator fuzzy [Bug Fixes] shared=bug+fixe | stay
  Freed Prisoner Uses Items | cat #34 "Patches" | T4 no rule, category, or keyword matched | stay
  FUS RO DON'T - PushActorAway Crash Prevention Script Tweak | cat #42 "Bug Fixes" | T2 category~separator fuzzy [Bug Fixes] shared=bug+fixe | stay
  SCROTE BSA Version | cat #42 "Bug Fixes" | T2 category~separator fuzzy [Bug Fixes] shared=bug+fixe | stay
  Save Unbaker | cat #13 "Utilities" | T2 category==separator [Utilities] | MOVE -> [Utilities]
  Navigator - Navmesh Fixes | cat none | T4 no rule, category, or keyword matched | stay
  Optimized MagicPlayEffectShaderOnHitScript | cat #42 "Bug Fixes" | T2 category~separator fuzzy [Bug Fixes] shared=bug+fixe | stay
  OnMagicEffectApply Replacer | cat #42 "Bug Fixes" | T2 category~separator fuzzy [Bug Fixes] shared=bug+fixe | stay
  CritterSpawn Congestion Fix | cat #42 "Bug Fixes" | T2 category~separator fuzzy [Bug Fixes] shared=bug+fixe | stay
  WE05 Script Fix | cat #42 "Bug Fixes" | T2 category~separator fuzzy [Bug Fixes] shared=bug+fixe | stay
  Keywords Fixed | cat none | T4 no rule, category, or keyword matched | stay
  Zero Bounty Hostility Fix | cat #42 "Bug Fixes" | T2 category~separator fuzzy [Bug Fixes] shared=bug+fixe | stay
  Rogue's Gallery | cat #32 "Modders Resources" | T2 category~separator fuzzy [Modders Resources] shared=modder | MOVE -> [Unofficial Skyrim Modders Patch Emporium]
  Beard Mask Fix | cat #42 "Bug Fixes" | T2 category~separator fuzzy [Bug Fixes] shared=bug+fixe | stay
  Bard Instrumentals Mostly - Sing Rarely | cat #49 "Audio" | T2 category~separator fuzzy [Audio] shared=audio | MOVE -> [Audio Fixes & Overhauls]
  Creation Club Asset Patch | cat #42 "Bug Fixes" | T2 category~separator fuzzy [Bug Fixes] shared=bug+fixe | stay
  Unlimited Bookshelves | cat #24 "Player homes" | T2 category==separator [Player homes] | MOVE -> [Player Homes]
  Unofficial Skyrim Creation Club Content Patches | cat none | T4 no rule, category, or keyword matched | stay
  Unofficial Skyrim Modder's Patch - USMP SE | cat #42 "Bug Fixes" | T2 category~separator fuzzy [Bug Fixes] shared=bug+fixe | MOVE -> [Essential Bug Fixes]
  Script Optimization and Fixes Compilation | cat #42 "Bug Fixes" | T2 category~separator fuzzy [Bug Fixes] shared=bug+fixe | MOVE -> [Essential Bug Fixes]
  Ultimate Optimized Scripts Compilation | cat #42 "Bug Fixes" | T2 category~separator fuzzy [Bug Fixes] shared=bug+fixe | MOVE -> [Essential Bug Fixes]
  Unofficial Skyrim Special Edition Patch - USSEP | cat #42 "Bug Fixes" | T2 category~separator fuzzy [Bug Fixes] shared=bug+fixe | MOVE -> [Essential Bug Fixes]
  USSEP Nemesis Patch | cat #42 "Bug Fixes" | family: follows master [Unofficial Skyrim Special Edition Patch - USSEP] | MOVE -> [Essential Bug Fixes]
  Payload Interpreter | cat none | T4 no rule, category, or keyword matched | stay
  AnimObject Swapper | cat #13 "Utilities" | T2 category==separator [Utilities] | MOVE -> [Utilities]
  Open Animation Replacer - RaySense | cat #17 "Animation" | T2 category~separator fuzzy [Animation] shared=animation | MOVE -> [Animations]
  Open Animation Replacer | cat #13 "Utilities" | T2 category==separator [Utilities] | MOVE -> [Utilities]
  Auto Skeleton Patch - Universal Behaviour Runtime | cat #17 "Animation" | T2 category~separator fuzzy [Animation] shared=animation | MOVE -> [Animations]
  A-Pose Bug Fix - Universal Behavior Runtime | cat #42 "Bug Fixes" | T2 category~separator fuzzy [Bug Fixes] shared=bug+fixe | MOVE -> [Essential Bug Fixes]
  Paired Animation Improvements | cat #17 "Animation" | T2 category~separator fuzzy [Animation] shared=animation | MOVE -> [Animations]
  Animation Queue Fix | cat #42 "Bug Fixes" | T2 category~separator fuzzy [Bug Fixes] shared=bug+fixe | MOVE -> [Essential Bug Fixes]
  Pandora Behaviour Engine Plus | cat none | T3 keyword [pandora] | MOVE -> [Animations]
  JContainers NG | cat #32 "Modders Resources" | T2 category~separator fuzzy [Modders Resources] shared=modder | MOVE -> [Unofficial Skyrim Modders Patch Emporium]
  JContainersNG | cat none | T3 keyword [jcontainers] | MOVE -> [Extension Frameworks - Engines Patches]
  JContainers SE-new | cat #32 "Modders Resources" | T2 category~separator fuzzy [Modders Resources] shared=modder | MOVE -> [Unofficial Skyrim Modders Patch Emporium]
  JContainers-master | cat none | T3 keyword [jcontainers] | MOVE -> [Extension Frameworks - Engines Patches]
  SKSE - Real Time Script Profiler | cat none | T4 no rule, category, or keyword matched | stay
  Native EditorID Fix | cat #42 "Bug Fixes" | T2 category~separator fuzzy [Bug Fixes] shared=bug+fixe | MOVE -> [Essential Bug Fixes]
  MIF - Mu Impact Framework | cat #32 "Modders Resources" | T2 category~separator fuzzy [Modders Resources] shared=modder | MOVE -> [Unofficial Skyrim Modders Patch Emporium]
  Description Framework | cat #15 "User Interface" | T2 category~separator fuzzy [User Interface] shared=interface | MOVE -> [Interface - Controls]
  Enchantment Art Extender | cat none | T4 no rule, category, or keyword matched | stay
  Fuz Ro D-oh - Silent Voice | cat #7 "Miscellaneous" | T4 no rule, category, or keyword matched | stay
  Yes Im Sure | cat #15 "User Interface" | T2 category~separator fuzzy [User Interface] shared=interface | MOVE -> [Interface - Controls]
  Whose Quest Is It Anyway | cat #15 "User Interface" | T2 category~separator fuzzy [User Interface] shared=interface | MOVE -> [Interface - Controls]
  Stagger Effect Fix | cat #42 "Bug Fixes" | T2 category~separator fuzzy [Bug Fixes] shared=bug+fixe | MOVE -> [Essential Bug Fixes]
  Media Keys Fix SKSE | cat #42 "Bug Fixes" | T2 category~separator fuzzy [Bug Fixes] shared=bug+fixe | MOVE -> [Essential Bug Fixes]
  Object Categorization Framework | cat #13 "Utilities" | T2 category==separator [Utilities] | MOVE -> [Utilities]
  MergeMapper | cat #32 "Modders Resources" | T2 category~separator fuzzy [Modders Resources] shared=modder | MOVE -> [Unofficial Skyrim Modders Patch Emporium]
  Simple Offence Suppression | cat #3 "Gameplay" | T2 category==separator [Gameplay] | MOVE -> [Gameplay]
  Favorite Misc Items | cat #15 "User Interface" | T2 category~separator fuzzy [User Interface] shared=interface | MOVE -> [Interface - Controls]
  Game Settings Override | cat #13 "Utilities" | T2 category==separator [Utilities] | MOVE -> [Utilities]
  Don't send me there again (dosemetha) | cat none | T4 no rule, category, or keyword matched | stay
  Crash Logger SSE AE VR - PDB support | cat #7 "Miscellaneous" | T4 no rule, category, or keyword matched | stay
  Trainwreck - A Crash Logger | cat none | T4 no rule, category, or keyword matched | stay
  Better Combat Escape - NG | cat #42 "Bug Fixes" | T2 category~separator fuzzy [Bug Fixes] shared=bug+fixe | MOVE -> [Essential Bug Fixes]
  Better Combat Escape - SSE | cat #42 "Bug Fixes" | T2 category~separator fuzzy [Bug Fixes] shared=bug+fixe | MOVE -> [Essential Bug Fixes]
  Behavior Data Injector Universal Support | cat #13 "Utilities" | T2 category==separator [Utilities] | MOVE -> [Utilities]
  Behavior Data Injector | cat #13 "Utilities" | T2 category==separator [Utilities] | MOVE -> [Utilities]
  Dynamic String Distributor (DSD) | cat #15 "User Interface" | T2 category~separator fuzzy [User Interface] shared=interface | MOVE -> [Interface - Controls]
  Object Manipulation Overhaul | cat none | T4 no rule, category, or keyword matched | stay
  In Game Patch Creator | cat #32 "Modders Resources" | T2 category~separator fuzzy [Modders Resources] shared=modder | MOVE -> [Unofficial Skyrim Modders Patch Emporium]
  In-Game Patcher - SKSE plugin | cat #34 "Patches" | T4 no rule, category, or keyword matched | stay
  Debug Menu - In-Game Navmesh Viewer and More | cat none | T4 no rule, category, or keyword matched | stay
  Skyrim Platform - A TypeScript SDK for Skyrim | cat #13 "Utilities" | T2 category==separator [Utilities] | MOVE -> [Utilities]
  ImGui Icons | cat #15 "User Interface" | T2 category~separator fuzzy [User Interface] shared=interface | MOVE -> [Interface - Controls]
  SKSE Menu Framework | cat none | T4 no rule, category, or keyword matched | stay
  Inventory Interface Information Injector | cat #15 "User Interface" | T2 category~separator fuzzy [User Interface] shared=interface | MOVE -> [Interface - Controls]
  FormList Manipulator - FLM | cat #13 "Utilities" | T2 category==separator [Utilities] | MOVE -> [Utilities]
  Container Item Distributor | cat #13 "Utilities" | T2 category==separator [Utilities] | MOVE -> [Utilities]
  Model Swapper | cat #8 "Models and Textures" | T4 no rule, category, or keyword matched | stay
  Base Object Swapper | cat #13 "Utilities" | T2 category==separator [Utilities] | MOVE -> [Utilities]
  SkyPatcher Keyword Framework | cat #13 "Utilities" | T2 category==separator [Utilities] | MOVE -> [Utilities]
  SkyPatcher - AE | cat #13 "Utilities" | T2 category==separator [Utilities] | MOVE -> [Utilities]
  Spell Perk Item Distributor | cat #13 "Utilities" | T2 category==separator [Utilities] | MOVE -> [Utilities]
  I'm walkin' here NG | cat #15 "User Interface" | T2 category~separator fuzzy [User Interface] shared=interface | MOVE -> [Interface - Controls]
  I'm Walkin' Here NG with Pets | cat #3 "Gameplay" | T2 category==separator [Gameplay] | MOVE -> [Gameplay]
  Experience | cat #25 "Skills and Leveling" | T2 category~separator fuzzy [Skills and Leveling] shared=skill | MOVE -> [Skills & Perks]
  SSE Display Tweaks | cat #13 "Utilities" | T2 category==separator [Utilities] | MOVE -> [Utilities]
  Skyrim Priority SE AE - CPU Performance FPS Optimizer (SET AFFINITY WITH PLUGIN) | cat #13 "Utilities" | T2 category==separator [Utilities] | MOVE -> [Utilities]
  Scrambled Bugs | cat #42 "Bug Fixes" | T2 category~separator fuzzy [Bug Fixes] shared=bug+fixe | MOVE -> [Essential Bug Fixes]
  Save and Load Accelerator for SKSE Cosaves - S.L.A.C.K | cat #42 "Bug Fixes" | T2 category~separator fuzzy [Bug Fixes] shared=bug+fixe | MOVE -> [Essential Bug Fixes]
  Mum's the Word NG | cat #28 "Stealth" | T4 no rule, category, or keyword matched | stay
  NPC AI Process Position Fix - NG | cat #42 "Bug Fixes" | T2 category~separator fuzzy [Bug Fixes] shared=bug+fixe | MOVE -> [Essential Bug Fixes]
  Keyword Item Distributor | cat #13 "Utilities" | T2 category==separator [Utilities] | MOVE -> [Utilities]
  Scaleform Translation Plus Plus NG | cat #15 "User Interface" | T2 category~separator fuzzy [User Interface] shared=interface | MOVE -> [Interface - Controls]
  Recursion Monitor | cat #42 "Bug Fixes" | T2 category~separator fuzzy [Bug Fixes] shared=bug+fixe | MOVE -> [Essential Bug Fixes]
  Scrab's Papyrus Extender | cat #32 "Modders Resources" | T2 category~separator fuzzy [Modders Resources] shared=modder | MOVE -> [Unofficial Skyrim Modders Patch Emporium]
  PAPER | cat #32 "Modders Resources" | T2 category~separator fuzzy [Modders Resources] shared=modder | MOVE -> [Unofficial Skyrim Modders Patch Emporium]
  Andrealphus' Papyrus Functions | cat #32 "Modders Resources" | T2 category~separator fuzzy [Modders Resources] shared=modder | MOVE -> [Unofficial Skyrim Modders Patch Emporium]
  Papyrus Tweaks NG | cat #42 "Bug Fixes" | T2 category~separator fuzzy [Bug Fixes] shared=bug+fixe | MOVE -> [Essential Bug Fixes]
  powerofthree's Papyrus Extender | cat #32 "Modders Resources" | T2 category~separator fuzzy [Modders Resources] shared=modder | MOVE -> [Unofficial Skyrim Modders Patch Emporium]
  powerofthree's Tweaks | cat #42 "Bug Fixes" | T2 category~separator fuzzy [Bug Fixes] shared=bug+fixe | MOVE -> [Essential Bug Fixes]
  Fix Note icon for SkyUI (SKSE64 plugin) | cat none | T3 keyword [skyui] | MOVE -> [Interface - HUD]
  Bug Fixes SSE | cat #42 "Bug Fixes" | T2 category~separator fuzzy [Bug Fixes] shared=bug+fixe | MOVE -> [Essential Bug Fixes]
  Actor Limit Fix | cat #42 "Bug Fixes" | T2 category~separator fuzzy [Bug Fixes] shared=bug+fixe | MOVE -> [Essential Bug Fixes]
  SSE Engine Fixes (skse64 plugin) part 1 | cat none | T4 no rule, category, or keyword matched | stay
  Address Library for SKSE Plugins | cat #32 "Modders Resources" | T2 category~separator fuzzy [Modders Resources] shared=modder | MOVE -> [Unofficial Skyrim Modders Patch Emporium]
  Skyrim HD SE | cat none | T4 no rule, category, or keyword matched | stay
  Upscaled and Cleaned Creation Club + Anniversary | cat #8 "Models and Textures" | T4 no rule, category, or keyword matched | stay
  .1130 _ResourcePack fixes | cat #42 "Bug Fixes" | T2 category~separator fuzzy [Bug Fixes] shared=bug+fixe | MOVE -> [Essential Bug Fixes]
  Screenshot Helper - Updated - Fixed 1.5.97 - 1.6.1170 | cat none | T4 no rule, category, or keyword matched | stay
  NoDelete - Wabbajack.Customizer(read documentation on how to set up) | cat none | T4 no rule, category, or keyword matched | stay
  Wabbajack customizer | cat #13 "Utilities" | T2 category==separator [Utilities] | MOVE -> [Utilities]
  Rogue Master Detector | cat #13 "Utilities" | T2 category==separator [Utilities] | MOVE -> [Utilities]
  Unlimited Sprinting | cat #14 "Cheats and God items" | T2 category~separator fuzzy [Cheats and God items] shared=item | MOVE -> [Items]
  Achievements Mods Enabler | cat #15 "User Interface" | T2 category~separator fuzzy [User Interface] shared=interface | MOVE -> [Interface - Controls]
  Disk Cache Enabler | cat #7 "Miscellaneous" | T4 no rule, category, or keyword matched | stay
  Faster Cell Lookup | cat none | T4 no rule, category, or keyword matched | stay
  Faster File Copy | cat #13 "Utilities" | T2 category==separator [Utilities] | MOVE -> [Utilities]
  Essentials | cat none | T4 no rule, category, or keyword matched | stay
  Clean Masters | cat none | T4 no rule, category, or keyword matched | stay
  Creation Club - Wild Horses | cat none | T4 no rule, category, or keyword matched | stay
  Creation Club - Vigil Enforcer Armor Set | cat none | T4 no rule, category, or keyword matched | stay
  Creation Club - Umbra | cat none | T4 no rule, category, or keyword matched | stay
  Creation Club - Tundra Homestead | cat none | T4 no rule, category, or keyword matched | stay
  Creation Club - The Gray Cowl Returns! | cat none | T4 no rule, category, or keyword matched | stay
  Creation Club - The Contest | cat none | T4 no rule, category, or keyword matched | stay
  Creation Club - The Cause | cat none | T4 no rule, category, or keyword matched | stay
  Creation Club - Sunder & Wraithguard | cat none | T4 no rule, category, or keyword matched | stay
  Creation Club - Stendarr's Hammer | cat none | T4 no rule, category, or keyword matched | stay
  Creation Club - Staves | cat none | T4 no rule, category, or keyword matched | stay
  Creation Club - Staff of Sheogorath | cat none | T4 no rule, category, or keyword matched | stay
  Creation Club - Staff of Hasedoki | cat none | T4 no rule, category, or keyword matched | stay
  Creation Club - Spell Knight Armor | cat none | T4 no rule, category, or keyword matched | stay
  Creation Club - Shadowrend | cat none | T4 no rule, category, or keyword matched | stay
  Creation Club - Shadowfoot Sanctum | cat none | T4 no rule, category, or keyword matched | stay
  Creation Club - Saturalia Holiday Pack | cat none | T4 no rule, category, or keyword matched | stay
  Creation Club - Ruin's Edge | cat none | T4 no rule, category, or keyword matched | stay
  Creation Club - Redguard Elite Armaments | cat none | T4 no rule, category, or keyword matched | stay
  Creation Club - Plague of the Dead | cat none | T4 no rule, category, or keyword matched | stay
  Creation Club - Pets of Skyrim | cat none | T4 no rule, category, or keyword matched | stay
  Creation Club - Nordic Jewelry | cat none | T4 no rule, category, or keyword matched | stay
  Creation Club - Nix-Hound | cat none | T4 no rule, category, or keyword matched | stay
  Creation Club - Netch Leather Armor | cat none | T4 no rule, category, or keyword matched | stay
  Creation Club - Necromantic Grimoire | cat none | T4 no rule, category, or keyword matched | stay
  Creation Club - Nchuanthumz - Dwarven Home | cat none | T4 no rule, category, or keyword matched | stay
  Creation Club - Myrwatch | cat none | T4 no rule, category, or keyword matched | stay
  Creation Club - Lord's Mail | cat none | T4 no rule, category, or keyword matched | stay
  Creation Club - Horse Armor - Steel | cat none | T4 no rule, category, or keyword matched | stay
  Creation Club - Horse Armor - Elven | cat none | T4 no rule, category, or keyword matched | stay
  Creation Club - Hendraheim | cat none | T4 no rule, category, or keyword matched | stay
  Creation Club - Headman's Cleaver | cat none | T4 no rule, category, or keyword matched | stay
  Creation Club - Goldbrand | cat none | T4 no rule, category, or keyword matched | stay
  Creation Club - Goblins | cat none | T4 no rule, category, or keyword matched | stay
  Creation Club - Ghosts of the Tribunal | cat none | T4 no rule, category, or keyword matched | stay
  Creation Club - Gallows Hall | cat none | T4 no rule, category, or keyword matched | stay
  Creation Club - Forgotten Seasons | cat none | T4 no rule, category, or keyword matched | stay
  Creation Club - Fearsome Fists | cat none | T4 no rule, category, or keyword matched | stay
  Creation Club - Farming | cat none | T4 no rule, category, or keyword matched | stay
  Creation Club - Expanded Crossbow Pack | cat none | T4 no rule, category, or keyword matched | stay
  Creation Club - Elite Crossbows | cat none | T4 no rule, category, or keyword matched | stay
  Creation Club - Dwarven Plate | cat none | T4 no rule, category, or keyword matched | stay
  Creation Club - Dwarven Armored Mudcrab | cat none | T4 no rule, category, or keyword matched | stay
  Creation Club - Divine Crusader | cat none | T4 no rule, category, or keyword matched | stay
  Creation Club - Dead Man's Dread | cat none | T4 no rule, category, or keyword matched | stay
  Creation Club - Dawnfang & Duskfang | cat none | T4 no rule, category, or keyword matched | stay
  Creation Club - Civil War Champions | cat none | T4 no rule, category, or keyword matched | stay
  Creation Club - Chrysamere | cat none | T4 no rule, category, or keyword matched | stay
  Creation Club - Camping | cat none | T4 no rule, category, or keyword matched | stay
  Creation Club - Bow of Shadows | cat none | T4 no rule, category, or keyword matched | stay
  Creation Club - Bone Wolf | cat none | T4 no rule, category, or keyword matched | stay
  Creation Club - Bloodchill Manor | cat none | T4 no rule, category, or keyword matched | stay
  Creation Club - Bittercup | cat none | T4 no rule, category, or keyword matched | stay
  Creation Club - Arms of Chaos | cat none | T4 no rule, category, or keyword matched | stay
  Creation Club - Arcane Archer Pack | cat none | T4 no rule, category, or keyword matched | stay
  Creation Club - Arcane Accessories | cat none | T4 no rule, category, or keyword matched | stay
  Creation Club - Alternative Armors - Steel Soldier | cat none | T4 no rule, category, or keyword matched | stay
  Creation Club - Alternative Armors - Stalhrim Fur | cat none | T4 no rule, category, or keyword matched | stay
  Creation Club - Alternative Armors - Silver | cat none | T4 no rule, category, or keyword matched | stay
  Creation Club - Alternative Armors - Orcish Scaled | cat none | T4 no rule, category, or keyword matched | stay
  Creation Club - Alternative Armors - Orcish Plate | cat none | T4 no rule, category, or keyword matched | stay
  Creation Club - Alternative Armors - Leather | cat none | T4 no rule, category, or keyword matched | stay
  Creation Club - Alternative Armors - Iron | cat none | T4 no rule, category, or keyword matched | stay
  Creation Club - Alternative Armors - Elven Hunter | cat none | T4 no rule, category, or keyword matched | stay
  Creation Club - Alternative Armors - Ebony Plate | cat none | T4 no rule, category, or keyword matched | stay
  Creation Club - Alternative Armors - Dwarven Mail | cat none | T4 no rule, category, or keyword matched | stay
  Creation Club - Alternative Armors - Dragonscale | cat none | T4 no rule, category, or keyword matched | stay
  Creation Club - Alternative Armors - Dragon Plate | cat none | T4 no rule, category, or keyword matched | stay
  Creation Club - Alternative Armors - Daedric Plate | cat none | T4 no rule, category, or keyword matched | stay
  Creation Club - Alternative Armors - Daedric Mail | cat none | T4 no rule, category, or keyword matched | stay
  Creation Club - Adventurer's Backpack | cat none | T4 no rule, category, or keyword matched | stay
  Survival Mode - Disable Permanently | cat #7 "Miscellaneous" | T4 no rule, category, or keyword matched | stay
  Creation Club - Survival Mode | cat none | T4 no rule, category, or keyword matched | stay
  Creation Club - Saints & Seducers | cat none | T4 no rule, category, or keyword matched | stay
  Creation Club - Rare Curios | cat none | T4 no rule, category, or keyword matched | stay
  Creation Club - Fishing | cat none | T4 no rule, category, or keyword matched | stay
  Unofficial Creation Kit Patch | cat none | T4 no rule, category, or keyword matched | stay
  CK64Fixes Release 3.2 | cat #42 "Bug Fixes" | T2 category~separator fuzzy [Bug Fixes] shared=bug+fixe | MOVE -> [Essential Bug Fixes]
  SSE Creation Kit Fonixdata Lip Sync Fix | cat #32 "Modders Resources" | family: follows master [Creation Kit] | stay
  Creation Kit Platform Extended for Skyrim | cat #42 "Bug Fixes" | T2 category~separator fuzzy [Bug Fixes] shared=bug+fixe | MOVE -> [Essential Bug Fixes]
  Creation Kit (VR) | cat none | T4 no rule, category, or keyword matched | stay
  Creation Kit (AE) | cat none | T4 no rule, category, or keyword matched | stay
  Creation Kit | cat none | T4 no rule, category, or keyword matched | stay
  DLC: Dawnguard | cat none | T4 no rule, category, or keyword matched | stay
  DLC: Dragonborn | cat none | T4 no rule, category, or keyword matched | stay
  DLC: HearthFires | cat none | T4 no rule, category, or keyword matched | stay

--- constraint placement [Outputs] ---
  Output - Synthesis SFW | parent Output - Synthesis | depth 1 | load index 12 -> 13 (loads later = wins)
  Output - Synthesis | parent <none> | depth 0 | load index 13 -> 12 (loads later = wins)
  [Utilities] SkyPatcher - AE@rank 7: SINK (framework, loads early)
  [Utilities] SkyPatcher Keyword Framework@rank 8: SINK (framework, loads early)
  [Utilities] Mfg Fix NG@rank 24: SINK (framework, loads early)
  [Utilities] SkyPatcher - AE@rank 2: SINK (framework, loads early)
  [Utilities] SkyPatcher Keyword Framework@rank 2: SINK (framework, loads early)
  [Utilities] Mfg Fix NG@rank 2: SINK (framework, loads early)

--- constraint placement [Utilities] ---
  AddItemMenu - Ultimate Mod Explorer | parent AddItemMenu - NG | depth 1 | load index 27 -> 29 (loads later = wins)
  AddItemMenuSE AE Fixed | parent AddItemMenu - NG | depth 1 | load index 29 -> 28 (loads later = wins)
  AddItemMenu - NG | parent <none> | depth 0 | load index 28 -> 27 (loads later = wins)
  ConsoleUtil Extended | parent <none> | depth 0 | load index 23 -> 24 (loads later = wins)
  ConsoleUtilSSE NG | parent <none> | depth 0 | load index 22 -> 23 (loads later = wins)
  Autorun | parent <none> | depth 0 | load index 21 -> 22 (loads later = wins)
  Faster Decompression | parent <none> | depth 0 | load index 20 -> 21 (loads later = wins)
  Save Unbaker | parent <none> | depth 0 | load index 19 -> 20 (loads later = wins)
  AnimObject Swapper | parent <none> | depth 0 | load index 18 -> 19 (loads later = wins)
  Open Animation Replacer | parent <none> | depth 0 | load index 17 -> 18 (loads later = wins)
  Object Categorization Framework | parent <none> | depth 0 | load index 16 -> 17 (loads later = wins)
  Game Settings Override | parent <none> | depth 0 | load index 15 -> 16 (loads later = wins)
  Behavior Data Injector Universal Support | parent Behavior Data Injector | depth 1 | load index 14 -> 15 (loads later = wins)
  Behavior Data Injector | parent <none> | depth 0 | load index 13 -> 14 (loads later = wins)
  Skyrim Platform - A TypeScript SDK for Skyrim | parent <none> | depth 0 | load index 12 -> 13 (loads later = wins)
  FormList Manipulator - FLM | parent <none> | depth 0 | load index 11 -> 12 (loads later = wins)
  Container Item Distributor | parent <none> | depth 0 | load index 10 -> 11 (loads later = wins)
  Base Object Swapper | parent <none> | depth 0 | load index 9 -> 10 (loads later = wins)
  Spell Perk Item Distributor | parent <none> | depth 0 | load index 6 -> 9 (loads later = wins)
  SSE Display Tweaks | parent <none> | depth 0 | load index 5 -> 8 (loads later = wins)
  Skyrim Priority SE AE - CPU Performance FPS Optimizer (SET AFFINITY WITH PLUGIN) | parent <none> | depth 0 | load index 4 -> 7 (loads later = wins)
  Keyword Item Distributor | parent <none> | depth 0 | load index 3 -> 6 (loads later = wins)
  Wabbajack customizer | parent <none> | depth 0 | load index 2 -> 5 (loads later = wins)
  Rogue Master Detector | parent <none> | depth 0 | load index 1 -> 4 (loads later = wins)
  Faster File Copy | parent <none> | depth 0 | load index 0 -> 3 (loads later = wins)
  SkyPatcher - AE | parent <none> | depth 0 | load index 7 -> 2 (loads later = wins)
  SkyPatcher Keyword Framework | parent <none> | depth 0 | load index 8 -> 1 (loads later = wins)
  Mfg Fix NG | parent <none> | depth 0 | load index 24 -> 0 (loads later = wins)

--- constraint placement [Unofficial Skyrim Modders Patch Emporium] ---
  JContainers SE-new | parent JContainers NG | depth 1 | load index 8 -> 9 (loads later = wins)
  JContainers NG | parent <none> | depth 0 | load index 9 -> 8 (loads later = wins)
  [Special Load After Lighting Mods] Fixed Texture Paths for Small Things in EEK's Whiterun Interiors vs EEKs Whiterun Interiors SSE: 3 shared files -> patch must load after

--- constraint placement [Alternate Start] ---
  Alternate Perspective - Realm of Lorkhan Patch (Updated for v4) | parent Alternate Perspective - Realm of Lorkhan Patch | depth 1 | load index 8 -> 9 (loads later = wins)
  Alternate Perspective - Realm of Lorkhan Patch | parent <none> | depth 0 | load index 7 -> 8 (loads later = wins)
  Realm of Lorkhan - Bring Back the Tamriel Shards Patch | parent <none> | depth 0 | load index 6 -> 7 (loads later = wins)
  Realm of Lorkhan - Unbound Quest Fix | parent Realm of Lorkhan - Freeform Alternate Start 4 | depth 2 | load index 9 -> 6 (loads later = wins)

--- constraint placement [AI & Immersion] ---
  Kalilies NPCs AI Overhaul Patch | parent AI Overhaul SSE | depth 1 | load index 31 -> 56 (loads later = wins)
  AI Overhaul SSE - Official Patch Hub | parent AI Overhaul SSE | depth 1 | load index 53 -> 55 (loads later = wins)
  AI Overhaul SPID Patch | parent AI Overhaul SSE | depth 1 | load index 56 -> 54 (loads later = wins)
  AI Overhaul SSE | parent <none> | depth 0 | load index 55 -> 53 (loads later = wins)
  Fishermen Fish | parent <none> | depth 0 | load index 54 -> 52 (loads later = wins)
  Jaxonz Positioner Converter Remastered | parent <none> | depth 0 | load index 52 -> 51 (loads later = wins)
  Reclusive Respite - BOS Color Variance Use Those Blankets patch | parent Use Those Blankets | depth 1 | load index 51 -> 50 (loads later = wins)
  Use Those Blankets | parent <none> | depth 0 | load index 50 -> 49 (loads later = wins)
  ENB Particle Light for Wearable Lanterns | parent <none> | depth 0 | load index 49 -> 48 (loads later = wins)
  True Thane SE | parent <none> | depth 0 | load index 48 -> 47 (loads later = wins)
  Simple Actions - The floor is as good a place to sleep (or sit) as any by BralorMarr | parent <none> | depth 0 | load index 47 -> 46 (loads later = wins)
  Go to bed | parent <none> | depth 0 | load index 46 -> 45 (loads later = wins)
  Bathtubs Basins and Beyond - BiSR edit | parent <none> | depth 0 | load index 45 -> 44 (loads later = wins)
  Bathing in Skyrim | parent <none> | depth 0 | load index 44 -> 43 (loads later = wins)
  Underwear.dll | parent <none> | depth 0 | load index 43 -> 42 (loads later = wins)
  Relationship Dialogue Overhaul - RDO SE | parent <none> | depth 0 | load index 42 -> 41 (loads later = wins)
  Positive Undressed Reactions ESL | parent <none> | depth 0 | load index 41 -> 40 (loads later = wins)
  Naked Comments Overhaul | parent <none> | depth 0 | load index 40 -> 39 (loads later = wins)
  Cheeky Kids | parent <none> | depth 0 | load index 39 -> 38 (loads later = wins)
  Collision Dialogue Overhaul | parent <none> | depth 0 | load index 38 -> 37 (loads later = wins)
  Equestrian - An SC Horses Overhaul | parent <none> | depth 0 | load index 37 -> 36 (loads later = wins)
  Cannabis Skyrim SE | parent <none> | depth 0 | load index 36 -> 35 (loads later = wins)
  OSL Aroused | parent <none> | depth 0 | load index 35 -> 34 (loads later = wins)
  Sensual Needs for Flower Girls or SexLab or Ostim | parent <none> | depth 0 | load index 34 -> 33 (loads later = wins)
  OBody HotSwap - CBPC presets for OBody | parent <none> | depth 0 | load index 33 -> 32 (loads later = wins)
  OBody Next Generation | parent <none> | depth 0 | load index 32 -> 31 (loads later = wins)

--- constraint placement [Magic, Spells, and Enchantments] ---
  More Apocalypse - An expansion for Apocalypse - Magic of Skyrim | parent Apocalypse - Magic of Skyrim | depth 1 | load index 18 -> 19 (loads later = wins)
  Apocalypse - Magic of Skyrim Cleaned and Enhanced Textures | parent Apocalypse - Magic of Skyrim | depth 1 | load index 19 -> 18 (loads later = wins)
  Spell Hotbar | parent <none> | depth 0 | load index 10 -> 11 (loads later = wins)
  Acquisitive Soul Gems Multithreaded | parent <none> | depth 0 | load index 9 -> 10 (loads later = wins)
  Passive Weapon Enchantment Recharging - Enchanted Weapons Recharge Over Time | parent <none> | depth 0 | load index 8 -> 9 (loads later = wins)
  Phantom Horse - Horse Replacer Patches | parent Phantom Horse | depth 1 | load index 11 -> 8 (loads later = wins)
  [Armor and Weapons Retextures and Tweaks] Sons of Skyrim - My patches and fixes SE by Xtudo - Desaturated 2K textures vs Sentinel - Required Resources: 6 shared files -> patch must load after
  [Armor and Weapons Retextures and Tweaks] SOS V2.0 - SE by Xtudo - Fixes vs Sons of Skyrim Complex Material: 4 shared files -> patch must load after

--- constraint placement [Armor and Weapons Retextures and Tweaks] ---
  Sons of Skyrim for v2.0 - Dawnstar Guard Armor Fix | parent Sons of Skyrim | depth 1 | load index 11 -> 15 (loads later = wins)
  SOS V2.0 - SE by Xtudo - Fixes | parent Sons of Skyrim | depth 1 | load index 12 -> 14 (loads later = wins)
  Sons of Skyrim - HDT Physics for Cloaks Patch | parent Sons of Skyrim | depth 1 | load index 14 -> 12 (loads later = wins)
  Sons of Skyrim Complex Material | parent Sons of Skyrim | depth 1 | load index 15 -> 11 (loads later = wins)
  Sons of Skyrim | parent <none> | depth 0 | load index 8 -> 10 (loads later = wins)
  Sentinel Patch for Sons of Skyrim - HDT-SMP Cloaks | parent Sentinel - An Equipment Overhaul | depth 1 | load index 10 -> 8 (loads later = wins)

--- constraint placement [Clothing and Jewelry] ---
  Common Clothing Expansion - CBBE 3BA | parent Common Clothing Expansion | depth 1 | load index 27 -> 28 (loads later = wins)
  Common Clothing Expansion - Common Clothes and Armors Integration - SkyPatched | parent Common Clothing Expansion | depth 1 | load index 28 -> 27 (loads later = wins)

--- constraint placement [NPCs and Behaviour] ---
  Populated Cities Towns Villages SE Edition | parent <none> | depth 0 | load index 20 -> 21 (loads later = wins)
  Campfire - Complete Camping System (Supports Skyrim VR) | parent <none> | depth 0 | load index 19 -> 20 (loads later = wins)
  Masculine Housecarls | parent <none> | depth 0 | load index 18 -> 19 (loads later = wins)
  Relationship Dialogue Overhaul (RDO) NPCs - a replacer | parent <none> | depth 0 | load index 17 -> 18 (loads later = wins)
  Diamond Skin - RS Children | parent <none> | depth 0 | load index 16 -> 17 (loads later = wins)
  Karura's Thieves Guild Refined | parent <none> | depth 0 | load index 15 -> 16 (loads later = wins)
  Botox For Skyrim - Textures | parent <none> | depth 0 | load index 14 -> 15 (loads later = wins)
  Lionheart - SerketHetyt's Mjoll Overhaul | parent <none> | depth 0 | load index 13 -> 14 (loads later = wins)
  Brynjolf NPC Overhaul | parent <none> | depth 0 | load index 12 -> 13 (loads later = wins)
  EBD SSE - EveryBodys Different Redone for SSE | parent <none> | depth 0 | load index 11 -> 12 (loads later = wins)
  RS Children Overhaul Patch Database | parent RS Children -- Red Kid Redemption -- | depth 1 | load index 21 -> 11 (loads later = wins)
  Pandorable's NPCs - Males 2 | parent Pandorable's NPCs - Males | depth 2 | load index 6 -> 7 (loads later = wins)
  Pandorable's NPCs - Males 3 | parent Pandorable's NPCs - Males | depth 2 | load index 7 -> 6 (loads later = wins)
  Pandorable's NPCs - Dawnguard | parent Pandorable's NPCs | depth 1 | load index 3 -> 5 (loads later = wins)
  Pandorable's NPCs - Males | parent Pandorable's NPCs | depth 1 | load index 5 -> 3 (loads later = wins)
  [Dragons] GoT Dragons Textures - Fixed Soul Absorb And Optimized vs GoT Dragons-Textures: 8 shared files -> patch must load after

--- constraint placement [Dragons] ---
  RedBag's Dragonsreach - GoT The Black Dread Skull Replacer Patch | parent GoT The Black Dread Skull Replacer | depth 1 | load index 0 -> 19 (loads later = wins)
  GoT The Black Dread Skull Replacer | parent <none> | depth 0 | load index 19 -> 18 (loads later = wins)
  Drogon Alduin - Xila's Monstrrous GoT Dragons | parent <none> | depth 0 | load index 18 -> 17 (loads later = wins)
  Rhaegal Paarthurnax - Monstrrous GoT Dragons | parent <none> | depth 0 | load index 17 -> 16 (loads later = wins)
  GoT Dragons Textures - Fixed Soul Absorb And Optimized | parent GoT Dragons-Textures | depth 1 | load index 16 -> 9 (loads later = wins)
  GoT Dragons-Textures | parent <none> | depth 0 | load index 9 -> 8 (loads later = wins)
  HotD and GoT Dragons Standalone | parent <none> | depth 0 | load index 8 -> 7 (loads later = wins)
  Kojaks Inquisitive Dragons | parent <none> | depth 0 | load index 7 -> 6 (loads later = wins)
  Incubated Eggs SE (esl) | parent <none> | depth 0 | load index 6 -> 5 (loads later = wins)
  Dragon Nests Of Skyrim | parent <none> | depth 0 | load index 5 -> 4 (loads later = wins)
  Dragon Nests and Eggs | parent <none> | depth 0 | load index 4 -> 3 (loads later = wins)
  Dragon War - Rescaled | parent <none> | depth 0 | load index 3 -> 2 (loads later = wins)
  Dragon War - Rebalanced | parent <none> | depth 0 | load index 2 -> 1 (loads later = wins)
  Dragon War - A Dragon Overhaul | parent <none> | depth 0 | load index 1 -> 0 (loads later = wins)

--- constraint placement [Animals] ---
  Wall mounted dead animals fixes (Bears of the north patch available) | parent Bears of the North | depth 1 | load index 0 -> 11 (loads later = wins)
  Bears of the North Patches | parent Bears of the North | depth 1 | load index 11 -> 10 (loads later = wins)
  Bears of the North | parent <none> | depth 0 | load index 10 -> 9 (loads later = wins)
  Wolves of Cyrodiil - My optimized textures SE by Xtudo | parent <none> | depth 0 | load index 9 -> 8 (loads later = wins)
  Wolves of Cyrodiil - Mihail Monsters and Animals (SE-AE version) | parent <none> | depth 0 | load index 8 -> 7 (loads later = wins)
  Dynamic Animal Variants (1.2.2) | parent <none> | depth 0 | load index 7 -> 6 (loads later = wins)
  Dream's Unique Dogs SE | parent <none> | depth 0 | load index 6 -> 5 (loads later = wins)
  High-Res Dartwing (Dragonfly) Texture | parent <none> | depth 0 | load index 5 -> 4 (loads later = wins)
  Mammoth babies for the Mournful Giant | parent <none> | depth 0 | load index 4 -> 3 (loads later = wins)
  Baby Mammoths - Mihail Monsters and Animals (SE-AE version) | parent <none> | depth 0 | load index 3 -> 2 (loads later = wins)
  Mammoth Expansion - Mihail Monsters and Animals (SE-AE version) (''megafauna'') | parent <none> | depth 0 | load index 2 -> 1 (loads later = wins)
  HD Reworked Mammoths 4K | parent <none> | depth 0 | load index 1 -> 0 (loads later = wins)
  [Male Body Additions] Heartbreaker SAM Light -SOSAM Patch vs SavrenX Schlong of SAM: 11 shared files -> patch must load after

--- constraint placement [Ya Filthy Animal] ---
  Billyy's SLAL Animations 8.2 | parent Billyy's SLAL Animations | depth 1 | load index 16 -> 17 (loads later = wins)
  Billyy's SLAL Animations | parent <none> | depth 0 | load index 17 -> 16 (loads later = wins)
  Baka ABC Beast Cocks | parent <none> | depth 0 | load index 9 -> 10 (loads later = wins)
  SexLab More Nasty Critters Patches | parent More Nasty Critters | depth 1 | load index 10 -> 9 (loads later = wins)
  SexLab Framework PPLUS NG | parent SexLab Framework AE | depth 1 | load index 1 -> 2 (loads later = wins)
  SexLab Framework PPLUS | parent SexLab Framework AE | depth 1 | load index 2 -> 1 (loads later = wins)
  [Skin & Body] Female Hands Redone 3BA Patch for CBBE vs Female Hands Redone: 8 shared files -> patch must load after
  [Skin & Body] COtR - HQ Characters creation addon for RM vs COTR Overhaul: 81 shared files -> patch must load after
  [Skin & Body] Charmers of the Reach SV Beards SE for COtR - HQ Characters creation addon | content DAG: loads after all parents (slot 67 -> past 70)
  [Skin & Body] Female Hands Redone 3BA Patch for CBBE vs Female Hands Redone: 8 shared files -> patch must load after
  [Skin & Body] COtR - HQ Characters creation addon for RM vs COTR Overhaul: 81 shared files -> patch must load after
  [Skin & Body] Female Hands Redone 3BA Patch for CBBE vs Female Hands Redone: 8 shared files -> patch must load after
  [Skin & Body] COtR - HQ Characters creation addon for RM vs COTR Overhaul: 81 shared files -> patch must load after

--- constraint placement [Skin & Body] ---
  Charmers of the Reach SV Beards SE for COtR - HQ Characters creation addon | parent COtR - HQ Characters creation addon for RM | depth 1 | load index 21 -> 71 (loads later = wins)
  BnP - COtR faces | parent <none> | depth 0 | load index 71 -> 70 (loads later = wins)
  COtR - HQ Characters creation addon for RM | parent <none> | depth 0 | load index 68 -> 69 (loads later = wins)
  High Poly COTR | parent <none> | depth 0 | load index 70 -> 68 (loads later = wins)
  COTR Overhaul | parent <none> | depth 0 | load index 69 -> 67 (loads later = wins)
  Beards by Hvergelmir for High Poly Head | parent High Poly Head SE | depth 1 | load index 15 -> 66 (loads later = wins)
  High Poly Head SV Beards | parent High Poly Head SE | depth 1 | load index 16 -> 65 (loads later = wins)
  Vrayth's Racemenu Presets - Male and Female - EFM - High Poly Head | parent High Poly Head SE | depth 1 | load index 40 -> 64 (loads later = wins)
  High Poly Head SE | parent <none> | depth 0 | load index 67 -> 63 (loads later = wins)
  Female Hands Redone 3BA Patch for CBBE | parent Female Hands Redone | depth 1 | load index 66 -> 62 (loads later = wins)
  Female Hands Redone | parent <none> | depth 0 | load index 65 -> 61 (loads later = wins)
  BnP - Child Skin | parent <none> | depth 0 | load index 64 -> 60 (loads later = wins)
  Reverie | parent <none> | depth 0 | load index 63 -> 59 (loads later = wins)
  BnP female skin (Replacer+Player version) | parent <none> | depth 0 | load index 62 -> 58 (loads later = wins)
  CBBE 3BA | parent <none> | depth 0 | load index 61 -> 57 (loads later = wins)
  Caliente's Beautiful Bodies Enhancer -CBBE- | parent <none> | depth 0 | load index 60 -> 56 (loads later = wins)
  Convert Fallout 4 Armor into Skyrim CBBE or 3BA 3BBB Bodies TUTORIAL | parent <none> | depth 0 | load index 59 -> 55 (loads later = wins)
  [Melodic] Egyptian Accesories CBBE 3BA SE | parent <none> | depth 0 | load index 57 -> 54 (loads later = wins)
  [Melodic] Egyptian Accessory CBBE | parent <none> | depth 0 | load index 56 -> 53 (loads later = wins)
  Sharkish Piercings - BHUNP and 3BA Body Piercings | parent <none> | depth 0 | load index 55 -> 52 (loads later = wins)
  NeusKharp Female Followers HPH and EDM Full Custom 3BA AiO ESPFE | parent <none> | depth 0 | load index 54 -> 51 (loads later = wins)
  Mana Vault Follower Resource Pool CBBE 3BA | parent <none> | depth 0 | load index 53 -> 50 (loads later = wins)
  Male Feet Replacer | parent <none> | depth 0 | load index 52 -> 49 (loads later = wins)
  The New Gentleman - Wet Schlongs | parent <none> | depth 0 | load index 51 -> 48 (loads later = wins)
  Relatable male body hair pattern | parent <none> | depth 0 | load index 50 -> 47 (loads later = wins)
  MOXIE - Masculine Skinblend (Male Skin) | parent <none> | depth 0 | load index 49 -> 46 (loads later = wins)
  BnP male skin schlong normal fix | parent <none> | depth 0 | load index 48 -> 45 (loads later = wins)
  Highly Improved Male Body Overhaul | parent <none> | depth 0 | load index 47 -> 44 (loads later = wins)
  Fluffy Khajiit CBBE 3BA | parent <none> | depth 0 | load index 46 -> 43 (loads later = wins)
  Feminine Khajiit Textures (Grey Cat and Leopard) [CBBE] | parent <none> | depth 0 | load index 45 -> 42 (loads later = wins)
  fae's Presets for OBody | parent <none> | depth 0 | load index 44 -> 41 (loads later = wins)
  Preset Pack For Aedra Race and Daedra Race | parent <none> | depth 0 | load index 43 -> 40 (loads later = wins)
  Realistic Racial Body Diversity - OBody NG Config (CBBE 3BA - HIMBO) | parent <none> | depth 0 | load index 42 -> 39 (loads later = wins)
  Shield-Brother Physique - SerketHetyt's HIMBO Bodyslide Preset | parent <none> | depth 0 | load index 41 -> 38 (loads later = wins)
  HIMBOSAM - A male body preset | parent <none> | depth 0 | load index 39 -> 37 (loads later = wins)
  Miggyluv's Heavy Bodyhair Nipple Fix for HIMBO 5 | parent <none> | depth 0 | load index 38 -> 36 (loads later = wins)
  Tramp Stamp - Racemenu Overlays - Tramp Stamp (CBBE 3BA) | parent <none> | depth 0 | load index 37 -> 35 (loads later = wins)
  Attractive Female body tattoo you may love | parent <none> | depth 0 | load index 36 -> 34 (loads later = wins)
  Incaendo's Overlays | parent <none> | depth 0 | load index 35 -> 33 (loads later = wins)
  UNP AND CBBE Racemenu SE Collection of Tattoos Warpaints and Overlays | parent <none> | depth 0 | load index 34 -> 32 (loads later = wins)
  Lyru's Tattoo pack collection 2 | parent Lyru's Tattoo pack collection | depth 1 | load index 32 -> 31 (loads later = wins)
  Lyru's Tattoo pack collection | parent <none> | depth 0 | load index 33 -> 30 (loads later = wins)
  Koralina's Makeup for COtR | parent <none> | depth 0 | load index 31 -> 29 (loads later = wins)
  KML Makeup Suite - Female Eyeliners Eyeshadows Blushes | parent <none> | depth 0 | load index 30 -> 28 (loads later = wins)
  Stoja's Warpaints High Resolution Makeup Kit for Skyrim (Special Edition) | parent <none> | depth 0 | load index 29 -> 27 (loads later = wins)
  Female Makeup Suite - Face - RaceMenu Overlays of Eyeliner EyeShadow Contours and Highlights - Special Edition | parent <none> | depth 0 | load index 28 -> 26 (loads later = wins)
  Havok's Racemenu Makeup Overlays (Lipstick) | parent <none> | depth 0 | load index 27 -> 25 (loads later = wins)
  Sakora's Make Over Kit - SKSE64 | parent <none> | depth 0 | load index 26 -> 24 (loads later = wins)
  Auds Goth Girls | parent <none> | depth 0 | load index 25 -> 23 (loads later = wins)
  PAINTERLY - a High Res Vanilla Warpaint Retexture | parent <none> | depth 0 | load index 24 -> 22 (loads later = wins)
  SUEMR SSE-Eye Mesh Fixes | parent <none> | depth 0 | load index 23 -> 21 (loads later = wins)
  The Eyes of Beauty - Revamped 2k | parent <none> | depth 0 | load index 22 -> 20 (loads later = wins)
  Natural Pubic Hairstyles | parent <none> | depth 0 | load index 20 -> 19 (loads later = wins)
  TRE Brows 2 - New Brow Textures | parent <none> | depth 0 | load index 19 -> 18 (loads later = wins)
  OPubes NG - NPC Pubes Distributor | parent <none> | depth 0 | load index 18 -> 17 (loads later = wins)
  Kalilies Brows | parent <none> | depth 0 | load index 17 -> 16 (loads later = wins)
  Hvergelmir's Aesthetics - Brows | parent <none> | depth 0 | load index 14 -> 15 (loads later = wins)
  Hvergelmir's Aesthetics - Beards | parent <none> | depth 0 | load index 13 -> 14 (loads later = wins)
  Ultra Realistic Hair Colors Replacer | parent <none> | depth 0 | load index 12 -> 13 (loads later = wins)
  3BA Collision Bodyslides for KS Hairdos - HDT SMP (Physics) | parent <none> | depth 0 | load index 11 -> 12 (loads later = wins)
  SMP Vanilla Hair Remake wigs for RS Children (SPID) | parent <none> | depth 0 | load index 10 -> 11 (loads later = wins)
  KS Hairdos SMP - Vanilla Replacer | parent <none> | depth 0 | load index 9 -> 10 (loads later = wins)
  Random Physics Hair for NPCs | parent <none> | depth 0 | load index 8 -> 9 (loads later = wins)
  Vanilla hair - Salt and Wind | parent <none> | depth 0 | load index 7 -> 8 (loads later = wins)
  Vanilla hair remake SMP | parent <none> | depth 0 | load index 6 -> 7 (loads later = wins)
  ApachiiSky Hair SSE | parent <none> | depth 0 | load index 5 -> 6 (loads later = wins)
  Expressive Facegen Morphs SE | parent <none> | depth 0 | load index 4 -> 5 (loads later = wins)
  Bijin Redux Patches | parent Bijin Redux | depth 1 | load index 58 -> 4 (loads later = wins)
  [Animations] XP32 Maximum Skeleton Special Extended - Fixed Scripts vs XP32 Maximum Skeleton Special Extended: 3 shared files -> patch must load after

--- constraint placement [Player Homes] ---
  Silverstead Grass Patch | parent Silverstead (SE) | depth 1 | load index 16 -> 18 (loads later = wins)
  Silverstead Prebuilt Patch | parent Silverstead (SE) | depth 1 | load index 18 -> 16 (loads later = wins)
  LvxMagicks - Eclipse - Airship - Flying - Alpha | parent <none> | depth 0 | load index 1 -> 2 (loads later = wins)
  Unlimited Bookshelves - SkyPatcher Edition | parent Unlimited Bookshelves | depth 1 | load index 2 -> 1 (loads later = wins)
  [Expanded Cities, Towns, and Villages] Redbag's Morthal - Texture Fixes vs RedBag's Morthal - SE: 11 shared files -> patch must load after

--- constraint placement [Expanded Cities, Towns, and Villages] ---
  BURP Spell Tomes Patches | parent BURP - Spell Tomes (SkyPatched) | depth 2 | load index 50 -> 51 (loads later = wins)
  BURP - Spell Tomes (SkyPatched) | parent BURP Spell Tomes | depth 1 | load index 51 -> 50 (loads later = wins)
  Book Covers Skyrim - SkyPatched | parent Book Covers Skyrim | depth 1 | load index 43 -> 44 (loads later = wins)
  Book Covers Skyrim - Lost Library | parent Book Covers Skyrim | depth 1 | load index 44 -> 43 (loads later = wins)
  Books of Skyrim - RS Children Patch | parent Books of Skyrim SE | depth 1 | load index 37 -> 41 (loads later = wins)
  Books of Skyrim SE - Redux | parent Books of Skyrim SE | depth 1 | load index 41 -> 40 (loads later = wins)
  Books of Skyrim SE | parent <none> | depth 0 | load index 40 -> 39 (loads later = wins)
  EEKs Immersive Whiterun Asset Pack | parent EEKs Immersive Whiterun | depth 1 | load index 33 -> 38 (loads later = wins)
  EEKs Immersive Whiterun Fixes | parent EEKs Immersive Whiterun | depth 1 | load index 35 -> 37 (loads later = wins)
  EEKs Immersive Whiterun | parent <none> | depth 0 | load index 34 -> 36 (loads later = wins)
  Greater Skaal Village | parent <none> | depth 0 | load index 32 -> 35 (loads later = wins)
  Raven Rock Reborn | parent <none> | depth 0 | load index 31 -> 34 (loads later = wins)
  Winterhold Restored | parent <none> | depth 0 | load index 30 -> 33 (loads later = wins)
  Turquaz Floor - Whiterun Mosaic | parent <none> | depth 0 | load index 29 -> 32 (loads later = wins)
  Ivy - Whiterun - Well Overhaul | parent <none> | depth 0 | load index 28 -> 31 (loads later = wins)
  JK's Whiterun Outskirts - Parallax Wall Fix | parent JK's Whiterun Outskirts | depth 1 | load index 27 -> 30 (loads later = wins)
  JK's Whiterun Outskirts | parent <none> | depth 0 | load index 26 -> 29 (loads later = wins)
  Hanging Moss to Climbing Roses - Base Object Swapper | parent <none> | depth 0 | load index 25 -> 28 (loads later = wins)
  JK's Solitude Outskirts Patch Collection | parent JK's Solitude Outskirts | depth 1 | load index 36 -> 27 (loads later = wins)
  JK's Solitude Outskirts | parent <none> | depth 0 | load index 24 -> 26 (loads later = wins)
  Solitude Docks Updated | parent <none> | depth 0 | load index 23 -> 25 (loads later = wins)
  Novigrad my Solitude | parent <none> | depth 0 | load index 22 -> 24 (loads later = wins)
  Mayhem In Riften | parent <none> | depth 0 | load index 21 -> 23 (loads later = wins)
  RedBag's Morthal Patches- FOMOD | parent Redbag's Morthal Fixes | depth 2 | load index 18 -> 22 (loads later = wins)
  Redbag's Morthal - Texture Fixes | parent RedBag's Morthal - SE | depth 1 | load index 19 -> 21 (loads later = wins)
  RedBag's Morthal - SE | parent <none> | depth 0 | load index 17 -> 19 (loads later = wins)
  Markarth - City of Stone | parent <none> | depth 0 | load index 16 -> 18 (loads later = wins)
  RedBag's Falkreath - Pinewatch Addon | parent RedBag's Falkreath | depth 1 | load index 14 -> 17 (loads later = wins)
  RedBag's Falkreath - Patch Collection | parent RedBag's Falkreath | depth 1 | load index 15 -> 16 (loads later = wins)
  RedBag's Falkreath | parent <none> | depth 0 | load index 13 -> 15 (loads later = wins)
  Spaghetti's Towns - Shor's Stone | parent <none> | depth 0 | load index 12 -> 14 (loads later = wins)
  Cities of the North - Dawnstar | parent <none> | depth 0 | load index 11 -> 13 (loads later = wins)
  RedBag's Rorikstead | parent <none> | depth 0 | load index 10 -> 12 (loads later = wins)
  Ivy - Riverwood Well Addon | parent <none> | depth 0 | load index 9 -> 11 (loads later = wins)
  Riverwood Revitalized my Patch | parent Riverwood Revitalized | depth 1 | load index 8 -> 10 (loads later = wins)
  Riverwood Revitalized Sign Fix | parent Riverwood Revitalized | depth 1 | load index 39 -> 9 (loads later = wins)
  Riverwood Revitalized | parent <none> | depth 0 | load index 7 -> 8 (loads later = wins)
  Riverwood Mushroom Village | parent <none> | depth 0 | load index 6 -> 7 (loads later = wins)
  Thuldor's Ivarstead - Tweaks and Addons | parent Thuldor's Ivarstead | depth 1 | load index 3 -> 6 (loads later = wins)
  Thuldor's Ivarstead Patch Hub | parent Thuldor's Ivarstead | depth 1 | load index 4 -> 5 (loads later = wins)
  Thuldor's Ivarstead - Riften Stone Alternate Texture | parent Thuldor's Ivarstead | depth 1 | load index 5 -> 4 (loads later = wins)
  Thuldor's Ivarstead | parent <none> | depth 0 | load index 2 -> 3 (loads later = wins)
  Rodryk's Dragon Bridge - Patch Collection | parent Rodryk's Dragon Bridge | depth 1 | load index 38 -> 2 (loads later = wins)

--- constraint placement [Security] ---
  Amazing Lockpicks Additions Alternative EAL | parent Amazing Lockpicks - Additions | depth 2 | load index 9 -> 12 (loads later = wins)
  Amazing Lockpicks Alternative EAL | parent Amazing Lockpicks | depth 1 | load index 7 -> 10 (loads later = wins)
  Amazing Lockpicks - Additions | parent Amazing Lockpicks | depth 1 | load index 8 -> 9 (loads later = wins)
  Amazing Lockpicks - Radiance | parent Amazing Lockpicks | depth 1 | load index 10 -> 8 (loads later = wins)
  Amazing Lockpicks - Enhancements | parent Amazing Lockpicks | depth 1 | load index 12 -> 7 (loads later = wins)

--- constraint placement [Weapons, Armour, Clothing, and Clutter Fixes] ---
  SOS V2.0 - SE by Xtudo - Smaller Shields | parent <none> | depth 0 | load index 4 -> 5 (loads later = wins)
  SOS V2.0 - SE by Xtudo - Sentinel patch | parent <none> | depth 0 | load index 3 -> 4 (loads later = wins)
  Light Refracting Glass Armors and Weapons (reinstall fomod for other options) | parent <none> | depth 0 | load index 2 -> 3 (loads later = wins)
  Cathedral - Armory - CBBE BodySlide Patch | parent Cathedral - Armory | depth 1 | load index 1 -> 2 (loads later = wins)
  Cathedral Armory - HIMBO BodySlide Compatibility Patch | parent Cathedral - Armory | depth 1 | load index 5 -> 1 (loads later = wins)

--- constraint placement [Water] ---
  Rapid Rocks | parent <none> | depth 0 | load index 10 -> 11 (loads later = wins)
  Natural Waterfalls Patch for Rapid Rocks | parent Natural Waterfalls | depth 1 | load index 11 -> 10 (loads later = wins)
  Alternate Perspective - Skyrim Landscape and Water Fixes Patch | parent Skyrim Landscape and Water Fixes | depth 1 | load index 0 -> 1 (loads later = wins)
  Skyrim Landscape and Water Fixes | parent <none> | depth 0 | load index 1 -> 0 (loads later = wins)

--- constraint placement [Dwemer Tech] ---
  JS Attunement Sphere and Lexicons SE - Glowmapped - Improved Dwemer Glass Patch | parent JS Attunement Sphere and Lexicons SE | depth 1 | load index 1 -> 4 (loads later = wins)
  JS Attunement Sphere and Lexicons SE | parent <none> | depth 0 | load index 4 -> 3 (loads later = wins)
  Dwemer Tech Glowmapped | parent <none> | depth 0 | load index 3 -> 2 (loads later = wins)
  Dwemer Pipework Reworked - Underground Patch | parent Dwemer Pipework Reworked | depth 1 | load index 0 -> 1 (loads later = wins)
  Dwemer Pipework Reworked | parent <none> | depth 0 | load index 2 -> 0 (loads later = wins)
  [Dungeons and Ruins] Underground - Complex Parallax Addon vs Skyrim Remastered - Caves: 7 shared files -> patch must load after
  [Dungeons and Ruins] Underground - Complex Parallax Addon vs Skyrim Remastered - Caves: 7 shared files -> patch must load after

--- constraint placement [Dungeons and Ruins] ---
  Underground - Complex Parallax Addon | parent <none> | depth 0 | load index 3 -> 5 (loads later = wins)
  Arri's Snow Elf Ruins Retexture Special Edition | parent <none> | depth 0 | load index 5 -> 4 (loads later = wins)
  Skyrim Remastered - Caves | parent <none> | depth 0 | load index 4 -> 3 (loads later = wins)

--- constraint placement [Architecture - Base & Large Overhauls] ---
  Nordic Stonewall Terraces | parent <none> | depth 0 | load index 4 -> 5 (loads later = wins)
  Nordic Stonewalls Complex Parallax Material | parent Nordic Stonewalls | depth 1 | load index 5 -> 4 (loads later = wins)

--- constraint placement [Definitive Forest Overhauls & Regional Additions] ---
  Aspens Ablaze Add-On - DynDOLOD 3 -Quality | parent Aspens Ablaze | depth 1 | load index 1 -> 11 (loads later = wins)
  Aspens Ablaze Add-On - DynDOLOD 3 -Performance | parent Aspens Ablaze | depth 1 | load index 2 -> 10 (loads later = wins)
  Fabled Aspens Ablaze | parent Aspens Ablaze | depth 1 | load index 11 -> 9 (loads later = wins)
  Aspens Ablaze | parent <none> | depth 0 | load index 10 -> 8 (loads later = wins)
  Arboreal Ascension Improved Tree Textures 2K | parent <none> | depth 0 | load index 8 -> 7 (loads later = wins)
  Fabled Forests - Arboreal Ascension Pines Mixed Patch | parent Arboreal Ascension - Enhanced Pine Trees of Skyrim | depth 1 | load index 9 -> 6 (loads later = wins)
  Arboreal Ascension - Enhanced Pine Trees of Skyrim | parent <none> | depth 0 | load index 7 -> 5 (loads later = wins)
  Fabled Forests Patch Compendium | parent Fabled Forests | depth 1 | load index 0 -> 4 (loads later = wins)
  Fabled Forests - Floating Trees fix BOS version | parent Fabled Forests | depth 1 | load index 4 -> 3 (loads later = wins)
  Fabled Forests - Ivy on Trees | parent Fabled Forests | depth 1 | load index 5 -> 2 (loads later = wins)
  Fabled Forests - Exclude Morthal Marsh (Plus Various Enhanced Landscape - Dead Marsh Standalone Patches) | parent Fabled Forests | depth 1 | load index 6 -> 1 (loads later = wins)
  Fabled Forests | parent <none> | depth 0 | load index 3 -> 0 (loads later = wins)

--- constraint placement [Core Tree Engine & Skeletons] ---
  Holidays Happy Little Trees Patch | parent Happy Little Trees | depth 1 | load index 0 -> 2 (loads later = wins)
  HD Remastered Tree Bark - Happy Little Trees - 16k 8k 4k 2k | parent Happy Little Trees | depth 1 | load index 2 -> 1 (loads later = wins)
  Happy Little Trees | parent <none> | depth 0 | load index 1 -> 0 (loads later = wins)
  [Base Flora Overhauls & Replacers] Blubbo_Shrubs_Replacer_darker_Patch.zip vs Cathedral - 3D Pine Shrubs: 3 shared files -> patch must load after

--- constraint placement [Glaciers, Ice, Snow and Ash] ---
  Icy Cave Remaster Patch | parent Icy Cave Remaster | depth 1 | load index 2 -> 4 (loads later = wins)
  Icy Cave Remaster - Ice Material Patch | parent Icy Cave Remaster | depth 1 | load index 4 -> 3 (loads later = wins)
  Icy Cave Remaster | parent <none> | depth 0 | load index 3 -> 2 (loads later = wins)

--- constraint placement [Roads & Bridges] ---
  Tomato's Landscape - Blended Roads CM Patch | parent Blended Roads | depth 1 | load index 0 -> 3 (loads later = wins)
  Medieval Blended Roads | parent Blended Roads | depth 1 | load index 3 -> 1 (loads later = wins)
  Blended Roads | parent <none> | depth 0 | load index 1 -> 0 (loads later = wins)
  [Grass] QW's Grass Patch 2 - Origins of Forest - Cathedral - Folkvangr | content DAG: loads after all parents (slot 2 -> past 4)
  [General World Improvement] High Poly Project - My fixes SE-AE by Xtudo vs High Poly Project: 16 shared files -> patch must load after

--- constraint placement [General World Improvement] ---
  BLACKREACH OVERHAUL LUX PATCH Timelost Dwemer | parent Blackreach Overhaul Lux Patch | depth 2 | load index 1 -> 10 (loads later = wins)
  Blackreach Overhaul Lux Patch | parent Blackreach Overhaul | depth 1 | load index 0 -> 9 (loads later = wins)
  Blackreach Overhaul | parent <none> | depth 0 | load index 10 -> 8 (loads later = wins)
  SMIM Up Furniture Smooth Dark 2K | parent <none> | depth 0 | load index 9 -> 7 (loads later = wins)
  High Poly Project - My fixes SE-AE by Xtudo | parent High Poly Project | depth 1 | load index 8 -> 6 (loads later = wins)
  High Poly Project | parent <none> | depth 0 | load index 7 -> 5 (loads later = wins)
  Forgotten Retex Project | parent <none> | depth 0 | load index 6 -> 4 (loads later = wins)
  Ruins Clutter Improved - Fixes | parent <none> | depth 0 | load index 5 -> 3 (loads later = wins)
  Ruins Clutter Improved SE | parent <none> | depth 0 | load index 4 -> 2 (loads later = wins)
  Static Mesh improvement Mod - SMIM - Quality Addon | parent Static Mesh Improvement Mod | depth 1 | load index 3 -> 1 (loads later = wins)
  Static Mesh Improvement Mod | parent <none> | depth 0 | load index 2 -> 0 (loads later = wins)
  [Audio Fixes & Overhauls] Audio Overhaul - Immersive Sounds Integration (AOS - ISC Compatibility Patch) | content DAG: loads after all parents (slot 18 -> past 19)

--- constraint placement [Audio Fixes & Overhauls] ---
  Patches for Water for ENB - Acoustic Space Improvement Fixes - Lighting Overhauls | parent Acoustic Space Improvement Fixes | depth 2 | load index 15 -> 23 (loads later = wins)
  Acoustic Space Improvement Fixes | parent Reverb Interior Sounds Expansion | depth 1 | load index 18 -> 22 (loads later = wins)
  Reverb Interior Sounds Expansion | parent <none> | depth 0 | load index 23 -> 21 (loads later = wins)
  Audio Overhaul - Immersive Sounds Integration (AOS - ISC Compatibility Patch) | parent Audio Overhaul for Skyrim (4.1.2) | depth 1 | load index 21 -> 20 (loads later = wins)
  Immersive Sounds Compendium - SkyPatched | parent Immersive Sounds - Compendium | depth 1 | load index 22 -> 19 (loads later = wins)
  Immersive Sounds - Compendium | parent <none> | depth 0 | load index 20 -> 18 (loads later = wins)
  Audio Overhaul for Skyrim (4.1.2) | parent <none> | depth 0 | load index 19 -> 17 (loads later = wins)
  Auto Audio Switch | parent <none> | depth 0 | load index 17 -> 16 (loads later = wins)
  Heels - Sound Record Distributor (SRD) - Patch Hub | parent Sound Record Distributor | depth 1 | load index 14 -> 15 (loads later = wins)
  Sound Record Distributor | parent <none> | depth 0 | load index 16 -> 14 (loads later = wins)

--- constraint placement [ENB] ---
  Azura Statue Improved + ENB Particle Light | parent <none> | depth 0 | load index 3 -> 4 (loads later = wins)
  Artisto RWT texture tweaks for Water for ENB | parent Water for ENB | depth 1 | load index 2 -> 3 (loads later = wins)
  A Clear Map Of Skyrim - Water for ENB Patch | parent Water for ENB | depth 1 | load index 4 -> 2 (loads later = wins)

--- constraint placement [Community Shaders Mods {disable to use ENB}] ---
  Native Mesh Light Flicker Fix | parent <none> | depth 0 | load index 9 -> 10 (loads later = wins)
  Smoother Skies | parent <none> | depth 0 | load index 8 -> 9 (loads later = wins)
  Terrain Variation | parent <none> | depth 0 | load index 7 -> 8 (loads later = wins)
  Terrain Helper | parent <none> | depth 0 | load index 6 -> 7 (loads later = wins)
  Cloud Shadows | parent <none> | depth 0 | load index 3 -> 6 (loads later = wins)
  Community Shaders Expanded (CSX) | parent Community Shaders | depth 1 | load index 2 -> 5 (loads later = wins)
  Terrain Blending - Community Shaders | parent Community Shaders | depth 1 | load index 5 -> 3 (loads later = wins)
  Effects 11 - Community Shaders | parent Community Shaders | depth 1 | load index 10 -> 2 (loads later = wins)

--- constraint placement [Weather Systems] ---
  NAT III Weather - From Dusk Till Dawn - Every Cloud Different - SLFR - Bizarre Shadow Fix - Compatibility Patch | parent From Dusk Till Dawn | depth 1 | load index 0 -> 2 (loads later = wins)
  NAT.CS - From Dusk Till Dawn | parent From Dusk Till Dawn | depth 1 | load index 2 -> 1 (loads later = wins)
  From Dusk Till Dawn | parent <none> | depth 0 | load index 1 -> 0 (loads later = wins)

--- constraint placement [Vanilla Quest Fixes & Tweaks] ---
  Alternate Perspective - Helgen Reborn Patch | parent Helgen Reborn | depth 1 | load index 0 -> 1 (loads later = wins)
  Helgen Reborn | parent <none> | depth 0 | load index 1 -> 0 (loads later = wins)

--- constraint placement [New Lands and Quests] ---
  Blood on the Ice Redux - Voiced ESP-FE | parent Blood on the Ice Redux SE | depth 1 | load index 7 -> 8 (loads later = wins)
  Blood on the Ice Redux - Re-Voiced | parent Blood on the Ice Redux SE | depth 1 | load index 8 -> 7 (loads later = wins)

--- constraint placement [Visual Control] ---
  Simple Snow Improvements - Giant Obelisk Fixes (BOS) | parent Simple Snow Improvements - Skyrim Fixes (BOS) | depth 1 | load index 20 -> 21 (loads later = wins)
  Simple Snow Improvements - Skyrim Fixes (BOS) | parent <none> | depth 0 | load index 21 -> 20 (loads later = wins)
  [Character Creation] Race Compatibility SKSE - Patch Hub vs Race Compatibility SKSE: 7 shared files -> patch must load after

--- constraint placement [Character Creation] ---
  Race Compatibility SKSE - Patch Hub | parent Race Compatibility SKSE | depth 1 | load index 3 -> 5 (loads later = wins)
  Race Compatibility SKSE | parent <none> | depth 0 | load index 5 -> 4 (loads later = wins)
  RaceMenu Anniversary Edition | parent <none> | depth 0 | load index 4 -> 3 (loads later = wins)
  [Essential Bug Fixes] Better Combat Escape - NG@12 vs Better Combat Escape - SSE@11 (load order, later wins): already correct
  [Essential Bug Fixes] Mfg Fix@rank 29: SINK (framework, loads early)
  [Essential Bug Fixes] Better Combat Escape - NG@13 vs Better Combat Escape - SSE@12 (load order, later wins): already correct
  [Essential Bug Fixes] Mfg Fix@rank 0: already sunk

--- constraint placement [Essential Bug Fixes] ---
  Navigator Patch Collection | parent Navigator - Navmesh Fixes | depth 1 | load index 84 -> 98 (loads later = wins)
  Navigator - Navmesh Fixes | parent <none> | depth 0 | load index 98 -> 97 (loads later = wins)
  Optimized MagicPlayEffectShaderOnHitScript | parent <none> | depth 0 | load index 97 -> 96 (loads later = wins)
  OnMagicEffectApply Replacer | parent <none> | depth 0 | load index 96 -> 95 (loads later = wins)
  CritterSpawn Congestion Fix | parent <none> | depth 0 | load index 95 -> 94 (loads later = wins)
  WE05 Script Fix | parent <none> | depth 0 | load index 94 -> 93 (loads later = wins)
  Keywords Fixed | parent <none> | depth 0 | load index 93 -> 92 (loads later = wins)
  Zero Bounty Hostility Fix | parent <none> | depth 0 | load index 92 -> 91 (loads later = wins)
  Beard Mask Fix | parent <none> | depth 0 | load index 91 -> 90 (loads later = wins)
  Creation Club Asset Patch | parent <none> | depth 0 | load index 90 -> 89 (loads later = wins)
  eFPS - Exterior FPS boost | parent <none> | depth 0 | load index 89 -> 88 (loads later = wins)
  Grass Sampler Fix | parent <none> | depth 0 | load index 88 -> 87 (loads later = wins)
  LOD Unloading Bug Fix | parent <none> | depth 0 | load index 87 -> 86 (loads later = wins)
  DyndoLOD FX Glow Accurate Disabler - Quality of Life | parent <none> | depth 0 | load index 86 -> 85 (loads later = wins)
  Grass Cache Helper NG | parent <none> | depth 0 | load index 85 -> 84 (loads later = wins)
  Distinct Interiors Patch Collection | parent Distinct Interiors - Fixes | depth 2 | load index 80 -> 82 (loads later = wins)
  Distinct Interiors - Fixes | parent Distinct Interiors | depth 1 | load index 82 -> 81 (loads later = wins)
  Distinct Interiors | parent <none> | depth 0 | load index 81 -> 80 (loads later = wins)
  Return From A Room With A View | parent <none> | depth 0 | load index 78 -> 79 (loads later = wins)
  Flickering Meshes Fix | parent <none> | depth 0 | load index 77 -> 78 (loads later = wins)
  Dovahkiin No The Mirmulnir Fix | parent <none> | depth 0 | load index 76 -> 77 (loads later = wins)
  Combat Music Fix NG Updated | parent <none> | depth 0 | load index 75 -> 76 (loads later = wins)
  Sound Fix for Large Sector Drives | parent <none> | depth 0 | load index 74 -> 75 (loads later = wins)
  AutoCrossbow - Remesh | parent <none> | depth 0 | load index 73 -> 74 (loads later = wins)
  Mage Armor Script Fix | parent <none> | depth 0 | load index 72 -> 73 (loads later = wins)
  Farm Hat 01 Clipping Fix | parent <none> | depth 0 | load index 70 -> 72 (loads later = wins)
  Vanilla Civil War Dialogue Fix | parent <none> | depth 0 | load index 69 -> 71 (loads later = wins)
  Dragonactorscript infinite loop fix (FOMOD Repatch if using Dragonwar) | parent <none> | depth 0 | load index 68 -> 70 (loads later = wins)
  Mount Anthor Dragon Fix | parent <none> | depth 0 | load index 67 -> 69 (loads later = wins)
  Face Discoloration Fix | parent <none> | depth 0 | load index 66 -> 68 (loads later = wins)
  Unaggressive Dragon Priests Fix | parent <none> | depth 0 | load index 65 -> 67 (loads later = wins)
  Butterflies Land True | parent <none> | depth 0 | load index 64 -> 66 (loads later = wins)
  Ice Wraith Teeth Collision Fixes (FOMOD check for Repatch) | parent <none> | depth 0 | load index 63 -> 65 (loads later = wins)
  Mannequin Management | parent <none> | depth 0 | load index 62 -> 64 (loads later = wins)
  Hearthfires Houses Building Fix | parent <none> | depth 0 | load index 61 -> 63 (loads later = wins)
  Windhelm Lighthouse (Bug Fixes) | parent <none> | depth 0 | load index 60 -> 62 (loads later = wins)
  Lights Out. Solitude Lighthouse Fix | parent <none> | depth 0 | load index 59 -> 61 (loads later = wins)
  JKs Ragged Flagon Water Fix | parent <none> | depth 0 | load index 58 -> 60 (loads later = wins)
  Ugly Shine Wet Gloss begone R.A.S.S. Fix | parent <none> | depth 0 | load index 56 -> 59 (loads later = wins)
  Universal Unwanted Effects Clearer - Visual Effects - Imagespace Modifiers - Effect Shaders - Clairvoyance | parent <none> | depth 0 | load index 55 -> 58 (loads later = wins)
  Green Water Cubemap Fix GSO | parent Green Water Cubemap Fix | depth 1 | load index 52 -> 57 (loads later = wins)
  Green Water Cubemap Fix | parent <none> | depth 0 | load index 53 -> 56 (loads later = wins)
  Ore Vein Texture Fix | parent <none> | depth 0 | load index 51 -> 55 (loads later = wins)
  Glowing Mushroom Collision Fixes | parent <none> | depth 0 | load index 50 -> 54 (loads later = wins)
  Dwemer Ballista Crash fix | parent <none> | depth 0 | load index 49 -> 53 (loads later = wins)
  Mari's Reach Ferns - Vanilla Mesh Tweaks | parent <none> | depth 0 | load index 48 -> 52 (loads later = wins)
  Floating Ash Pile Fix | parent <none> | depth 0 | load index 47 -> 51 (loads later = wins)
  Misc. Blended Road Fixes | parent <none> | depth 0 | load index 46 -> 50 (loads later = wins)
  Lightened Skyrim - Base Object Swapper edition | parent <none> | depth 0 | load index 44 -> 49 (loads later = wins)
  Whiterun Wall Rubble Fixed - meshes without seams | parent <none> | depth 0 | load index 43 -> 48 (loads later = wins)
  Whiterun Mesh Fixes (Wizkid Hall of dead patch available) | parent <none> | depth 0 | load index 42 -> 47 (loads later = wins)
  Dlizzio's Mesh Fixes | parent <none> | depth 0 | load index 41 -> 46 (loads later = wins)
  Assorted Mesh Fixes | parent <none> | depth 0 | load index 40 -> 45 (loads later = wins)
  Acoustic Space Improvement Fixes - SkyPatcher | parent <none> | depth 0 | load index 39 -> 44 (loads later = wins)
  DALC Fix Preset | parent <none> | depth 0 | load index 38 -> 43 (loads later = wins)
  Aurora Fix | parent <none> | depth 0 | load index 37 -> 42 (loads later = wins)
  Sky Reflection Fix | parent <none> | depth 0 | load index 36 -> 41 (loads later = wins)
  College of Winterhold Quest Start Fixes | parent <none> | depth 0 | load index 35 -> 40 (loads later = wins)
  Magic Student (WIChangeLocation04) Quest Fix | parent <none> | depth 0 | load index 34 -> 39 (loads later = wins)
  King Olaf's Fire Festival Not Ending Fix | parent <none> | depth 0 | load index 33 -> 38 (loads later = wins)
  Guild Master's Armor First Person Texture Fix | parent <none> | depth 0 | load index 32 -> 37 (loads later = wins)
  Dustman's Cairn Farkas Scene Fix | parent <none> | depth 0 | load index 31 -> 36 (loads later = wins)
  Proving Honor Companions Quest Progression Fix | parent <none> | depth 0 | load index 30 -> 35 (loads later = wins)
  Finding Susanna Alive | parent <none> | depth 0 | load index 29 -> 34 (loads later = wins)
  Scare my Enemy Bug Fix | parent <none> | depth 0 | load index 28 -> 33 (loads later = wins)
  Source of Stalhrim Quest Fix | parent <none> | depth 0 | load index 27 -> 32 (loads later = wins)
  DynDOLOD Modders Resource Fixes | parent <none> | depth 0 | load index 26 -> 31 (loads later = wins)
  Vampire Loading Screen Eye Fix | parent <none> | depth 0 | load index 25 -> 30 (loads later = wins)
  Animated Static Reload Fix - NG | parent <none> | depth 0 | load index 23 -> 29 (loads later = wins)
  Terrain Parallax Blending Fix | parent Unofficial Skyrim Modder's Patch - USMP SE | depth 1 | load index 45 -> 28 (loads later = wins)
  Unofficial Skyrim Modders Patch - USMP - Patch Emporium | parent Unofficial Skyrim Modder's Patch - USMP SE | depth 1 | load index 79 -> 27 (loads later = wins)
  Unofficial Skyrim Modder's Patch - USMP SE | parent <none> | depth 0 | load index 22 -> 26 (loads later = wins)
  Script Optimization and Fixes Compilation | parent <none> | depth 0 | load index 21 -> 25 (loads later = wins)
  Ultimate Optimized Scripts Compilation | parent <none> | depth 0 | load index 20 -> 24 (loads later = wins)
  USSEP Nemesis Patch | parent Unofficial Skyrim Special Edition Patch - USSEP | depth 1 | load index 18 -> 23 (loads later = wins)
  WENB Shades USSEP Patch | parent Unofficial Skyrim Special Edition Patch - USSEP | depth 1 | load index 54 -> 22 (loads later = wins)
  The Blackest Reaches USSEP patch | parent Unofficial Skyrim Special Edition Patch - USSEP | depth 1 | load index 57 -> 21 (loads later = wins)
  Gemling Queen Jewelry SE USSEP Circlet Fix | parent Unofficial Skyrim Special Edition Patch - USSEP | depth 1 | load index 71 -> 20 (loads later = wins)
  A-Pose Bug Fix - Universal Behavior Runtime | parent <none> | depth 0 | load index 17 -> 18 (loads later = wins)
  Animation Queue Fix | parent <none> | depth 0 | load index 16 -> 17 (loads later = wins)
  Native EditorID Fix | parent <none> | depth 0 | load index 15 -> 16 (loads later = wins)
  Stagger Effect Fix | parent <none> | depth 0 | load index 14 -> 15 (loads later = wins)
  Media Keys Fix SKSE | parent <none> | depth 0 | load index 13 -> 14 (loads later = wins)
  Better Combat Escape - NG | parent <none> | depth 0 | load index 12 -> 13 (loads later = wins)
  Better Combat Escape - SSE | parent <none> | depth 0 | load index 11 -> 12 (loads later = wins)
  Scrambled Bugs | parent <none> | depth 0 | load index 10 -> 11 (loads later = wins)
  Save and Load Accelerator for SKSE Cosaves - S.L.A.C.K | parent <none> | depth 0 | load index 9 -> 10 (loads later = wins)
  NPC AI Process Position Fix - NG | parent <none> | depth 0 | load index 8 -> 9 (loads later = wins)
  Recursion Monitor | parent <none> | depth 0 | load index 7 -> 8 (loads later = wins)
  Papyrus Tweaks NG | parent <none> | depth 0 | load index 6 -> 7 (loads later = wins)
  powerofthree's Tweaks | parent <none> | depth 0 | load index 5 -> 6 (loads later = wins)
  Bug Fixes SSE | parent <none> | depth 0 | load index 4 -> 5 (loads later = wins)
  Actor Limit Fix | parent <none> | depth 0 | load index 3 -> 4 (loads later = wins)
  .1130 _ResourcePack fixes | parent <none> | depth 0 | load index 2 -> 3 (loads later = wins)
  CK64Fixes Release 3.2 | parent <none> | depth 0 | load index 1 -> 2 (loads later = wins)
  Creation Kit Platform Extended for Skyrim | parent <none> | depth 0 | load index 0 -> 1 (loads later = wins)
  Mfg Fix | parent <none> | depth 0 | load index 24 -> 0 (loads later = wins)

--- constraint placement [Essentials] ---
  The Timelost Dwemer SE - ESSENTIALS PATCHER | parent Essentials | depth 1 | load index 0 -> 2 (loads later = wins)
  Essentials | parent <none> | depth 0 | load index 2 -> 1 (loads later = wins)
  Clean Masters | parent <none> | depth 0 | load index 1 -> 0 (loads later = wins)

--- constraint placement [Creation Club] ---
  Creation Club (Rare Curios) - Poison Apple texture swap fix | parent Creation Club - Rare Curios | depth 1 | load index 0 -> 2 (loads later = wins)
  Creation Club - Rare Curios | parent <none> | depth 0 | load index 2 -> 1 (loads later = wins)
  Creation Club - Fishing | parent <none> | depth 0 | load index 1 -> 0 (loads later = wins)

--- constraint placement [Creation Kit (Uncheck when playing game)] ---
  Creation Kit (VR) | parent <none> | depth 0 | load index 2 -> 4 (loads later = wins)
  Creation Kit (AE) | parent <none> | depth 0 | load index 1 -> 3 (loads later = wins)
  SSE Creation Kit Fonixdata Lip Sync Fix | parent Creation Kit | depth 1 | load index 3 -> 2 (loads later = wins)
  Unofficial Creation Kit Patch | parent Creation Kit | depth 1 | load index 4 -> 1 (loads later = wins)

--- audit gate: conflict winners ---
  conflict audit complete: 0 violation(s)

--- audit gate: master order ---
  AUDIT FAIL Navigator Patch Collection loads before its master Dungeons - Revisited (load (10, 98) < (45, 0))
  AUDIT FAIL Fabled Forests Patch Compendium loads before its master Redbag's Morthal Fixes (load (41, 4) < (64, 20))
  AUDIT FAIL JK's Solitude Outskirts Patch Collection loads before its master AI Overhaul SSE (load (64, 27) < (120, 53))
  AUDIT FAIL Distinct Interiors Patch Collection loads before its master AI Overhaul SSE (load (10, 82) < (120, 53))
  AUDIT FAIL JK's Interiors Patch Collection loads before its master The Thieves Guild Ladder - Skyrim Special Edition (load (127, 0) < (132, 37))
  AUDIT FAIL Unofficial Skyrim Modders Patch - USMP - Patch Emporium loads before its master Apachii Divine Elegance Store (load (10, 27) < (50, 20))
  AUDIT FAIL Simply Bigger Giants and Mammoths (With fixed hitboxes) loads before its master Mammoth Expansion - Mihail Monsters and Animals (SE-AE version) (''megafauna'') (load (19, 57) < (99, 1))
  AUDIT FAIL COtR - HQ Characters creation addon for RM loads before its master RaceCompatibility with fixes for SSE (load (90, 69) < (126, 14))
  AUDIT FAIL Charmers of the Reach SV Beards SE for COtR - HQ Characters creation addon loads before its master RaceCompatibility with fixes for SSE (load (90, 71) < (126, 14))
  AUDIT FAIL Windhelm Lighthouse (Bug Fixes) loads before its master Windhelm Lighthouse (New) (load (10, 62) < (120, 19))
  AUDIT FAIL JK's and Redbag's Dragonsreach Patch loads before its master JK's Dragonsreach (load (50, 13) < (71, 4))
  AUDIT FAIL RedBag's Morthal Patches- FOMOD loads before its master AI Overhaul SSE (load (64, 22) < (120, 53))
  AUDIT FAIL RedBag's Falkreath - Patch Collection loads before its master Sons of Skyrim (load (64, 16) < (110, 10))
  AUDIT FAIL Riverwood Revitalized my Patch loads before its master Northern Fortifications - Riverwood (load (64, 10) < (65, 7))
  AUDIT FAIL Thuldor's Ivarstead Patch Hub loads before its master AI Overhaul SSE (load (64, 5) < (120, 53))
  AUDIT FAIL Thuldor's Ivarstead - Tweaks and Addons loads before its master AI Overhaul SSE (load (64, 6) < (120, 53))
  AUDIT FAIL Terrain Parallax Blending Fix loads before its master Blended Roads (load (10, 28) < (34, 0))
  AUDIT FAIL High Poly Project - My fixes SE-AE by Xtudo loads before its master Winterhold Restored (load (30, 6) < (64, 33))
  AUDIT FAIL NAT III Weather - From Dusk Till Dawn - Every Cloud Different - SLFR - Bizarre Shadow Fix - Compatibility Patch loads before its master NAT.ENB III - Natural and Atmospheric Tamriel ENB 3.1.1C (load (25, 2) < (91, 1))
  master-order audit complete: 19 violation(s) (0 forced by user pins)

--- plugin census (892 plugin(s) parsed) ---
  occ_skyrim_tamriel.esp (eFPS - Exterior FPS boost) esm | masters: skyrim.esm, update.esm, dawnguard.esm, hearthfires.esm, dragonborn.esm | WRLD:1
  fixlod.esp (LOD Unloading Bug Fix) esl | masters: - | MISC:1 CELL:1 QUST:1
  c.o.c.k.s - settlement builder.esp (Constructible Objects Custom Keyword Framework - Settlement Builder Patch) esl | masters: skyrim.esm, dawnguard.esm, hearthfires.esm, dragonborn.esm, lvxmagick - skyrim - settlement builder.esm, lvxmagick - skyrim - settlement builder - expansion pack - 01.esp | KYWD:1 MISC:1
  kaliliesnpcs.esp (Kalilies NPCs De-Standalone) esl | masters: skyrim.esm, update.esm, dawnguard.esm, hearthfires.esm, dragonborn.esm, unofficial skyrim special edition patch.esp | HDPT:1 ARMO:1 NPC_:1 LVLI:1 ARMA:1 OTFT:1
  ai overhaul - distinct interiors patch.esp (AI Overhaul SSE - Official Patch Hub) esl | masters: skyrim.esm, update.esm, dawnguard.esm, hearthfires.esm, dragonborn.esm, unofficial skyrim special edition patch.esp, distinct interiors.esp, ai overhaul.esp | CELL:1
  ai overhaul - rdo updated patch.esp (AI Overhaul SSE - Official Patch Hub) esl | masters: skyrim.esm, ai overhaul.esp | DIAL:1 PACK:1
  navigator - dungeons revisited patch.esp (Navigator Patch Collection) esl | masters: skyrim.esm, dungeonsrevisited.esp | NAVI:1 CELL:1
  navigator - helgen reborn patch.esp (Navigator Patch Collection) esl | masters: skyrim.esm, update.esm, dawnguard.esm, dragonborn.esm, navigator-navfixes.esl, helgen reborn.esp | NAVI:1 CELL:1
  fabled forests - natural waterfalls patch.esp (Fabled Forests Patch Compendium) esl | masters: skyrim.esm, update.esm | WRLD:1
  fabled forests - redbag morthal patch.esp (Fabled Forests Patch Compendium) esl | masters: skyrim.esm, update.esm, fabled forests.esp, redbag's morthal.esp | WRLD:1
  fabled forests - usmp patch.esp (Fabled Forests Patch Compendium) esl | masters: skyrim.esm, update.esm | WRLD:1
  rodryksdragonbridge - fixes and tweaks.esp (Rodryk's Dragon Bridge - Patch Collection) esl | masters: skyrim.esm, update.esm, rodryksdragonbridge.esp | NPC_:1 NAVI:1 CELL:1 WRLD:1 PACK:1 LCTN:1
  a clear map of skyrim.esp (A Clear Map of Skyrim and Other Worlds) esl | masters: skyrim.esm, update.esm, dawnguard.esm, dragonborn.esm | WTHR:1 WRLD:1 IMGS:1
  jaxonzenhgrab.esp (Jaxonz Positioner Converter Remastered) | masters: skyrim.esm, update.esm, dawnguard.esm, hearthfires.esm, dragonborn.esm | TXST:1 GLOB:1 MGEF:1 SPEL:1 ACTI:1 LIGH:1 MISC:1 STAT:1 PROJ:1 CELL:1 QUST:1 EFSH:1 EXPL:1 FLST:1 MESG:1
  stamina of steeds.esp (Stamina of Steeds) esl | masters: skyrim.esm | QUST:1
  distinct interiors.esp (Distinct Interiors - Fixes) | masters: skyrim.esm, update.esm, dawnguard.esm, hearthfires.esm, dragonborn.esm, unofficial skyrim special edition patch.esp | STAT:1 MSTT:1 NAVI:1 CELL:1
  distinct interiors - fps fix - cotn patch.esp (Distinct Interiors) esl | masters: skyrim.esm, distinct interiors.esp | CELL:1
  distinct interiors - fps fix.esp (Distinct Interiors) esl | masters: skyrim.esm, distinct interiors.esp | CELL:1
  distinct interiors.esp (Distinct Interiors) | masters: skyrim.esm, update.esm, dawnguard.esm, hearthfires.esm, dragonborn.esm, unofficial skyrim special edition patch.esp | KYWD:1 MGEF:1 SPEL:1 ACTI:1 BOOK:1 CONT:1 DOOR:1 STAT:1 MSTT:1 FURN:1 KEYM:1 ALCH:1 NAVI:1 CELL:1 DIAL:1 QUST:1 LCTN:1
  mrf's winterhold_dawnguard patch.esp (Mrf's white-gold winterhold) esl | masters: skyrim.esm, update.esm, dawnguard.esm, hearthfires.esm, dragonborn.esm | DOOR:1 CELL:1 WRLD:1
  snazzy interiors - the retching netch.esp (Snazzy Interiors - The Retching Netch) esm esl | masters: skyrim.esm, update.esm, dawnguard.esm, hearthfires.esm, dragonborn.esm | ACTI:1 CONT:1 DOOR:1 STAT:1 FURN:1 NPC_:1 NAVI:1 CELL:1 PACK:1 RELA:1
  decoratorhelper.esp (Decorator Helper) esl | masters: skyrim.esm, update.esm, dawnguard.esm, hearthfires.esm, dragonborn.esm | KYWD:1 MGEF:1 SPEL:1 BOOK:1 MSTT:1 CELL:1 QUST:1 EFSH:1 FLST:1 MESG:1 SNDR:1 SOPM:1
  cozy cots - bos color variance.esp (Cozy Cots - A Cot Replacer) esl | masters: skyrim.esm | FURN:1
  various dividers.esp (Divide and Conquer - A Noble Divider Replacer) esl | masters: skyrim.esm, update.esm | STAT:1
  bedroll alternative - bos color variance.esp (Bedroll Alternative - BOS Color Variance) esl | masters: skyrim.esm | STAT:1 FURN:1
  deep slumber - bos occupied locations only.esp (Deep Slumber - A Dwemer Bed Replacer) esl | masters: skyrim.esm | FURN:1
  deep slumber - new and timeworn distributed.esp (Deep Slumber - A Dwemer Bed Replacer) esl | masters: skyrim.esm | FURN:1
  ignoble beds - bos color variance.esp (Ignoble Beds - A Noble and Upper Class Bed Replacer) esl | masters: skyrim.esm | FURN:1
  sofa.esp (Divine Dragonscale Decor - A Skyrim Furniture Overhaul) esl | masters: skyrim.esm, update.esm, dawnguard.esm, hearthfires.esm, dragonborn.esm | CONT:1 STAT:1 FURN:1 CELL:1 WRLD:1
  sofa.esp (Skyrim Overhauled Furniture Assembly-SOFA-Clean) | masters: skyrim.esm, update.esm, dawnguard.esm, hearthfires.esm, dragonborn.esm | CONT:1 STAT:1 FURN:1 CELL:1 WRLD:1
  sofa-dunmerall.esp (Skyrim Overhauled Furniture Assembly-SOFA-Clean) | masters: skyrim.esm, update.esm, dragonborn.esm | STAT:1 FURN:1 CELL:1 WRLD:1 PACK:1
  rsc bos patch.esp (RS Children Patch Compendium) esl | masters: skyrim.esm, update.esm, rskyrimchildren.esm, booksofskyrim.esp | NPC_:1
  rsc hr patch.esp (RS Children Patch Compendium) esl | masters: skyrim.esm, update.esm, rskyrimchildren.esm, helgen reborn.esp | NPC_:1
  rsc solitude docks patch.esp (RS Children Patch Compendium) esl | masters: skyrim.esm, update.esm, dawnguard.esm, hearthfires.esm, dragonborn.esm, rskyrimchildren.esm, solitude docks.esp | NPC_:1
  helgenrebornrschildrenpatch.esp (RS Children Overhaul Patch Database) esl | masters: skyrim.esm, update.esm, rskyrimchildren.esm, helgen reborn.esp | NPC_:1
  redbag's dragonreach got black dread skull patch.esp (RedBag's Dragonsreach - GoT The Black Dread Skull Replacer Patch) esl | masters: skyrim.esm, redbag's dragonsreach.esp | STAT:1 CELL:1
  jks fort dawnguard - aspens ablaze patch.esp (JKs Guild HQ Interiors Patch Collection) esl | masters: skyrim.esm, dawnguard.esm, jk's fort dawnguard.esp | WRLD:1
  jks fort dawnguard - exterior roofs disabler.esp (JKs Guild HQ Interiors Patch Collection) esl | masters: skyrim.esm, update.esm, dawnguard.esm, hearthfires.esm, dragonborn.esm, jk's fort dawnguard.esp | WRLD:1
  jks fort dawnguard - lawf patch.esp (JKs Guild HQ Interiors Patch Collection) esl | masters: skyrim.esm, dawnguard.esm, jk's fort dawnguard.esp | WRLD:1
  jks fort dawnguard - lffgm patch.esp (JKs Guild HQ Interiors Patch Collection) esl | masters: skyrim.esm, dawnguard.esm, landscape fixes for grass mods.esp, jk's fort dawnguard.esp | WRLD:1
  jks fort dawnguard - rdo patch.esp (JKs Guild HQ Interiors Patch Collection) esl | masters: skyrim.esm, dawnguard.esm, relationship dialogue overhaul.esp, jk's fort dawnguard.esp | CELL:1
  jks high hrothgar - embers xd patch.esp (JKs Guild HQ Interiors Patch Collection) esl | masters: skyrim.esm, jk's high hrothgar.esp | CELL:1
  jks sky haven temple - book covers skyrim patch.esp (JKs Guild HQ Interiors Patch Collection) esl | masters: skyrim.esm, jk's sky haven temple.esp, book covers skyrim.esp | CELL:1
  jks sky haven temple - happy little trees patch.esp (JKs Guild HQ Interiors Patch Collection) esl | masters: skyrim.esm, update.esm, dawnguard.esm, hearthfires.esm, dragonborn.esm, happylittletrees.esp, jk's sky haven temple.esp | CELL:1
  jks sky haven temple - ussep patch.esp (JKs Guild HQ Interiors Patch Collection) esl | masters: skyrim.esm, update.esm, unofficial skyrim special edition patch.esp, jk's sky haven temple.esp | ACTI:1 WRLD:1
  jks solitude outskirts - ai overhaul patch.esp (JK's Solitude Outskirts Patch Collection) esl | masters: skyrim.esm, update.esm, ai overhaul.esp, jk's solitude outskirts.esp | WRLD:1
  jks solitude outskirts - cc fishing patch.esp (JK's Solitude Outskirts Patch Collection) esl | masters: skyrim.esm, update.esm, ccbgssse001-fish.esm, jk's solitude outskirts.esp | WRLD:1
  jks solitude outskirts - fabled forests patch.esp (JK's Solitude Outskirts Patch Collection) esl | masters: skyrim.esm, update.esm, dawnguard.esm, hearthfires.esm, dragonborn.esm, jk's solitude outskirts.esp, fabled forests.esp | WRLD:1
  jks solitude outskirts - lawf patch.esp (JK's Solitude Outskirts Patch Collection) esl | masters: skyrim.esm, update.esm, landscape and water fixes.esp, jk's solitude outskirts.esp | WRLD:1
  jks solitude outskirts - lffgm patch.esp (JK's Solitude Outskirts Patch Collection) esl | masters: skyrim.esm, update.esm, landscape fixes for grass mods.esp, jk's solitude outskirts.esp | WRLD:1
  jks solitude outskirts - smim patch.esp (JK's Solitude Outskirts Patch Collection) esl | masters: skyrim.esm, update.esm, smim-se-merged-all.esp, jk's solitude outskirts.esp | STAT:1 WRLD:1
  jks solitude outskirts - solitude docks updated patch.esp (JK's Solitude Outskirts Patch Collection) esl | masters: skyrim.esm, update.esm, dawnguard.esm, hearthfires.esm, dragonborn.esm, jk's solitude outskirts.esp, solitude docks.esp | TXST:1 FACT:1 CONT:1 STAT:1 NPC_:1 NAVI:1 CELL:1 WRLD:1 PACK:1 FLST:1 LCTN:1 RELA:1
  jks solitude outskirts - solitude watchtower patch.esp (JK's Solitude Outskirts Patch Collection) esl | masters: skyrim.esm, update.esm, dawnguard.esm, hearthfires.esm, dragonborn.esm, jk's solitude outskirts.esp, solitude watchtower.esp | NAVI:1 WRLD:1
  jks solitude outskirts - trees addon patch.esp (JK's Solitude Outskirts Patch Collection) esl | masters: skyrim.esm, update.esm, treeswinedave.esp, jk's solitude outskirts.esp | WRLD:1
  jks solitude outskirts - ussep patch.esp (JK's Solitude Outskirts Patch Collection) esl | masters: skyrim.esm, unofficial skyrim special edition patch.esp, jk's solitude outskirts.esp | WRLD:1
  distinct interiors - ai overhaul patch.esp (Distinct Interiors Patch Collection) esl | masters: skyrim.esm, ai overhaul.esp, distinct interiors.esp, dawnguard.esm | CELL:1
  distinct interiors - embers xd patch.esp (Distinct Interiors Patch Collection) esl | masters: skyrim.esm, embers xd.esp, distinct interiors.esp | CELL:1
  distinct interiors - lawf patch.esp (Distinct Interiors Patch Collection) esl | masters: skyrim.esm, landscape and water fixes.esp, distinct interiors.esp | CELL:1
  distinct cotn interiors - dawnstar.esp (Distinct Interiors for Cities of the North) esl | masters: skyrim.esm, hearthfires.esm, dragonborn.esm, cotn - dawnstar.esp, distinct interiors.esp | NAVI:1 CELL:1 LCTN:1
  distinct jk's ragged flagon.esp (Distinct JK's Ragged Flagon) esl | masters: skyrim.esm, dragonborn.esm, unofficial skyrim special edition patch.esp, distinct interiors.esp, jk's the ragged flagon.esp | NAVI:1 CELL:1
  cotn dawnstar - ai overhaul patch.esp (COTN Dawnstar Patch Collection) esl | masters: skyrim.esm, ai overhaul.esp, cotn - dawnstar.esp | CELL:1 WRLD:1
  cotn dawnstar - embers xd patch.esp (COTN Dawnstar Patch Collection) esl | masters: skyrim.esm, update.esm, dawnguard.esm, hearthfires.esm, dragonborn.esm, unofficial skyrim special edition patch.esp, embers xd.esp, cotn - dawnstar.esp | CELL:1
  cotn dawnstar - helgen reborn patch.esp (COTN Dawnstar Patch Collection) esl | masters: skyrim.esm, helgen reborn.esp, cotn - dawnstar.esp | CELL:1
  cotn dawnstar - morskom estate patch.esp (COTN Dawnstar Patch Collection) esl | masters: skyrim.esm, update.esm, dawnguard.esm, hearthfires.esm, dragonborn.esm, ccbgssse001-fish.esm, ccqdrsse001-survivalmode.esl, ccbgssse037-curios.esl, ccbgssse025-advdsgs.esm, unofficial skyrim special edition patch.esp, cotn - dawnstar.esp, morskom.esp | NAVI:1 WRLD:1
  cotn dawnstar - populated cities patch.esp (COTN Dawnstar Patch Collection) esl | masters: skyrim.esm, update.esm, dawnguard.esm, hearthfires.esm, dragonborn.esm, unofficial skyrim special edition patch.esp, cotn - dawnstar.esp, populated cities towns villages legendary.esp | NAVI:1 CELL:1 WRLD:1
  jks arnleif and sons - ai overhaul patch.esp (JK's Interiors Patch Collection) esl | masters: skyrim.esm, update.esm, dawnguard.esm, hearthfires.esm, dragonborn.esm, unofficial skyrim special edition patch.esp, ai overhaul.esp, jk's arnleif and sons trading company.esp | CELL:1
  jks arnleif and sons - rugnarok patch.esp (JK's Interiors Patch Collection) esl | masters: skyrim.esm, jk's arnleif and sons trading company.esp | CELL:1
  jks dragonsreach - ai overhaul.esp (JK's Interiors Patch Collection) esl | masters: skyrim.esm, update.esm, dawnguard.esm, hearthfires.esm, dragonborn.esm, unofficial skyrim special edition patch.esp, jk's dragonsreach.esp, ai overhaul.esp | CELL:1
  jks dragonsreach - populated cities and towns patch.esp (JK's Interiors Patch Collection) esl | masters: skyrim.esm, update.esm, hearthfires.esm, dragonborn.esm, jk's dragonsreach.esp, populated cities towns villages legendary.esp | CELL:1
  jks dragonsreach - relationship dialogue overhaul patch.esp (JK's Interiors Patch Collection) esl | masters: skyrim.esm, jk's dragonsreach.esp, update.esm, relationship dialogue overhaul.esp | CELL:1 QUST:1
  jks dragonsreach - rudy hq miscellaneous patch.esp (JK's Interiors Patch Collection) esl | masters: skyrim.esm, jk's dragonsreach.esp | STAT:1
  jks hags cure - ai overhaul patch.esp (JK's Interiors Patch Collection) esl | masters: skyrim.esm, update.esm, dawnguard.esm, hearthfires.esm, dragonborn.esm, unofficial skyrim special edition patch.esp, ai overhaul.esp, jk's the hag's cure.esp | CELL:1
  jks hags cure - embers xd patch.esp (JK's Interiors Patch Collection) esl | masters: skyrim.esm, update.esm, dawnguard.esm, hearthfires.esm, dragonborn.esm, embers xd.esp, jk's the hag's cure.esp | CELL:1
  jks palace of the kings - ai overhaul patch.esp (JK's Interiors Patch Collection) esl | masters: skyrim.esm, ai overhaul.esp, jk's palace of the kings.esp | CELL:1
  jks palace of the kings - embers xd patch.esp (JK's Interiors Patch Collection) esl | masters: skyrim.esm, update.esm, dawnguard.esm, hearthfires.esm, dragonborn.esm, embers xd.esp, jk's palace of the kings.esp | CELL:1
  jks palace of the kings - lawf patch.esp (JK's Interiors Patch Collection) esl | masters: skyrim.esm, landscape and water fixes.esp, jk's palace of the kings.esp | CELL:1
  jks palace of the kings - populated cities and towns patch.esp (JK's Interiors Patch Collection) esl | masters: skyrim.esm, populated cities towns villages legendary.esp, jk's palace of the kings.esp | CELL:1
  jks palace of the kings - ussep patch.esp (JK's Interiors Patch Collection) esl | masters: skyrim.esm, unofficial skyrim special edition patch.esp, jk's palace of the kings.esp | PACK:1
  jks ragged flagon - ai overhaul patch.esp (JK's Interiors Patch Collection) esl | masters: skyrim.esm, update.esm, dawnguard.esm, hearthfires.esm, dragonborn.esm, unofficial skyrim special edition patch.esp, jk's the ragged flagon.esp, ai overhaul.esp | CELL:1
  jks ragged flagon - aspens ablaze patch.esp (JK's Interiors Patch Collection) esl | masters: skyrim.esm, jk's the ragged flagon.esp, aspens ablaze.esp | CELL:1
  jks ragged flagon - embers xd patch.esp (JK's Interiors Patch Collection) esl | masters: skyrim.esm, update.esm, dawnguard.esm, hearthfires.esm, dragonborn.esm, jk's the ragged flagon.esp, embers xd.esp | CELL:1
  jks ragged flagon - thieves guild ladder ussep patch.esp (JK's Interiors Patch Collection) esl | masters: skyrim.esm, update.esm, dawnguard.esm, hearthfires.esm, dragonborn.esm, jk's the ragged flagon.esp, thievesguildladder.esp | NAVI:1 CELL:1 WRLD:1
  jks silver-blood inn - ai overhaul patch.esp (JK's Interiors Patch Collection) esl | masters: skyrim.esm, update.esm, dawnguard.esm, hearthfires.esm, dragonborn.esm, unofficial skyrim special edition patch.esp, jk's silver-blood inn.esp, ai overhaul.esp | CELL:1
  jks silver-blood inn - embers xd patch.esp (JK's Interiors Patch Collection) esl | masters: skyrim.esm, update.esm, dawnguard.esm, hearthfires.esm, dragonborn.esm, embers xd.esp, jk's silver-blood inn.esp | CELL:1
  jks silver-blood inn - immersion patch.esp (JK's Interiors Patch Collection) esl | masters: skyrim.esm, jk's silver-blood inn.esp | CELL:1
  jks temple of dibella - ai overhaul patch.esp (JK's Interiors Patch Collection) esl | masters: skyrim.esm, jk's temple of dibella.esp, ai overhaul.esp | NPC_:1
  usmp - mannequin designs patch.esp (Unofficial Skyrim Modders Patch - USMP - Patch Emporium) esl | masters: skyrim.esm, mannequindesigns.esp, unofficial skyrim modders patch.esp | RACE:1
  usmp - apachii divine elegance.esp (Unofficial Skyrim Modders Patch - USMP - Patch Emporium) esl | masters: skyrim.esm, dawnguard.esm, unofficial skyrim modders patch.esp, apachii_divineelegancestore_patch.esp | RACE:1
  usmp - rdo patch.esp (Unofficial Skyrim Modders Patch - USMP - Patch Emporium) esl | masters: skyrim.esm, unofficial skyrim modders patch.esp, relationship dialogue overhaul.esp | DIAL:1
  blueretchingnetch.esp (Blue_RetchingNetch) esl | masters: skyrim.esm | LIGH:1 STAT:1
  blue_retchingnetch.esp (Blue_RetchingNetch) esl | masters: skyrim.esm | DOOR:1 LIGH:1 STAT:1 FURN:1
  dynamiccandlesbluern.esp (Blue_RetchingNetch) esl | masters: skyrim.esm, dynamiccandles.esp | ACTI:1
  nordiccarvingdragonarch.esp (Nordic Carving - Great Portal of Dragonsreach SE) | masters: skyrim.esm | STAT:1 NAVI:1 CELL:1
  return from a room with a view.esp (Return From A Room With A View) | masters: skyrim.esm, eeks immersive whiterun.esp | MGEF:1 SPEL:1 BOOK:1 NAVI:1 CELL:1
  halffaces - casks diversification.esp (HFs - Barrels All-in-One) esl | masters: skyrim.esm | STAT:1
  hfs_treacherous_honey.esp (HFs - Barrels All-in-One) esl | masters: skyrim.esm | STAT:1
  revised barrels - base object swapper.esp (Revised Barrels) esl | masters: skyrim.esm, dragonborn.esm | ACTI:1 CONT:1 MSTT:1
  eeks whiterun interiors.esp (EEKs Whiterun Interiors SSE) | masters: skyrim.esm, update.esm, dawnguard.esm, hearthfires.esm, dragonborn.esm, unofficial skyrim special edition patch.esp | TXST:1 ACTI:1 BOOK:1 CONT:1 DOOR:1 LIGH:1 MISC:1 STAT:1 MSTT:1 TREE:1 FLOR:1 FURN:1 NPC_:1 LVLI:1 NAVI:1 CELL:1 WRLD:1 PACK:1 IMGS:1 FLST:1 LGTM:1 RELA:1
  eeks immersive whiterun fixes.esp (EEKs Immersive Whiterun Fixes) esl | masters: skyrim.esm, update.esm, dawnguard.esm, hearthfires.esm, dragonborn.esm, unofficial skyrim special edition patch.esp, eeks immersive whiterun.esp | CELL:1 WRLD:1
  eeks immersive whiterun.esp (EEKs Immersive Whiterun) | masters: skyrim.esm, update.esm, dawnguard.esm, hearthfires.esm, dragonborn.esm, unofficial skyrim special edition patch.esp | KYWD:1 LCRT:1 TXST:1 FACT:1 SOUN:1 MGEF:1 SPEL:1 ACTI:1 ARMO:1 BOOK:1 CONT:1 DOOR:1 LIGH:1 MISC:1 STAT:1 MSTT:1 TREE:1 FLOR:1 FURN:1 WEAP:1 NPC_:1 KEYM:1 ALCH:1 IDLM:1 COBJ:1 SLGM:1 LVLI:1 CLMT:1 NAVI:1 CELL:1 WRLD:1 PACK:1 WATR:1 IMGS:1 FLST:1 LCTN:1 MESG:1 LGTM:1 RELA:1 SNDR:1
  eeks dragonsreach.esp (EEKs Dragonsreach - EEKs Dovahsreach SSE) | masters: skyrim.esm, update.esm, dawnguard.esm, hearthfires.esm, dragonborn.esm, unofficial skyrim special edition patch.esp | KYWD:1 LCRT:1 TXST:1 FACT:1 SOUN:1 MGEF:1 SPEL:1 ACTI:1 ARMO:1 BOOK:1 CONT:1 DOOR:1 LIGH:1 MISC:1 STAT:1 MSTT:1 TREE:1 FLOR:1 FURN:1 WEAP:1 NPC_:1 KEYM:1 ALCH:1 COBJ:1 SLGM:1 LVLI:1 CLMT:1 NAVI:1 CELL:1 WRLD:1 PACK:1 IMGS:1 FLST:1 LCTN:1 MESG:1 LGTM:1 SNDR:1
  eeks dragonsreach - icaio - ocs.esp (EEKs Dragonsreach - EEKs Dovahsreach SSE) | masters: skyrim.esm, update.esm, dawnguard.esm, hearthfires.esm, dragonborn.esm, unofficial skyrim special edition patch.esp, immersive citizens - ai overhaul.esp, open cities skyrim.esp, immersive citizens - ocs patch.esp | KYWD:1 LCRT:1 TXST:1 FACT:1 SOUN:1 MGEF:1 SPEL:1 ACTI:1 ARMO:1 BOOK:1 CONT:1 DOOR:1 LIGH:1 MISC:1 STAT:1 MSTT:1 TREE:1 FLOR:1 FURN:1 WEAP:1 NPC_:1 KEYM:1 ALCH:1 COBJ:1 SLGM:1 LVLI:1 CLMT:1 NAVI:1 CELL:1 WRLD:1 PACK:1 IMGS:1 FLST:1 LCTN:1 MESG:1 LGTM:1 SNDR:1
  eeks dragonsreach - icaio.esp (EEKs Dragonsreach - EEKs Dovahsreach SSE) | masters: skyrim.esm, update.esm, dawnguard.esm, hearthfires.esm, dragonborn.esm, unofficial skyrim special edition patch.esp, immersive citizens - ai overhaul.esp | KYWD:1 LCRT:1 TXST:1 FACT:1 SOUN:1 MGEF:1 SPEL:1 ACTI:1 ARMO:1 BOOK:1 CONT:1 DOOR:1 LIGH:1 MISC:1 STAT:1 MSTT:1 TREE:1 FLOR:1 FURN:1 WEAP:1 NPC_:1 KEYM:1 ALCH:1 COBJ:1 SLGM:1 LVLI:1 CLMT:1 NAVI:1 CELL:1 WRLD:1 PACK:1 IMGS:1 FLST:1 LCTN:1 MESG:1 LGTM:1 SNDR:1
  eeks dragonsreach - ocs.esp (EEKs Dragonsreach - EEKs Dovahsreach SSE) | masters: skyrim.esm, update.esm, dawnguard.esm, hearthfires.esm, dragonborn.esm, unofficial skyrim special edition patch.esp, open cities skyrim.esp | KYWD:1 LCRT:1 TXST:1 FACT:1 SOUN:1 MGEF:1 SPEL:1 ACTI:1 ARMO:1 BOOK:1 CONT:1 DOOR:1 LIGH:1 MISC:1 STAT:1 MSTT:1 TREE:1 FLOR:1 FURN:1 WEAP:1 NPC_:1 KEYM:1 ALCH:1 COBJ:1 SLGM:1 LVLI:1 CLMT:1 NAVI:1 CELL:1 WRLD:1 PACK:1 IMGS:1 FLST:1 LCTN:1 MESG:1 LGTM:1 SNDR:1
  street lights - dawnstar.esp (Street Lights of Skyrim) esl | masters: skyrim.esm, update.esm | WRLD:1
  street lights - whiterun.esp (Street Lights of Skyrim) esl | masters: skyrim.esm, update.esm | WRLD:1
  0_katnerd_startplayerfemale_spells.esp (Default Female at Character Creation) esl | masters: skyrim.esm, update.esm | NPC_:1
  realm of lorkhan nicer trees.esp (Realm of Lorkhan Nicer Trees) esl | masters: skyrim.esm, dawnguard.esm, realm of lorkhan - custom alternate start - choose your own adventure.esp, treeswinedave.esp | CELL:1
  realm of lorkhan - forgotten shrines.esp (Realm of Lorkhan - Forgotten Shrines) esl | masters: skyrim.esm, update.esm, dawnguard.esm, hearthfires.esm, dragonborn.esm, realm of lorkhan - custom alternate start - choose your own adventure.esp | BOOK:1 INGR:1 WEAP:1 NPC_:1 SLGM:1 CELL:1
  rol better bridges.esp (Realm of Lorkhan Better Bridges) esl | masters: skyrim.esm, update.esm, dawnguard.esm, hearthfires.esm, dragonborn.esm, realm of lorkhan - custom alternate start - choose your own adventure.esp | CELL:1
  realm of lorkhan - dragonstone.esp (Realm of Lorkhan - Bleak Falls Barrow Dragonstone Skip) esl | masters: skyrim.esm, update.esm, dawnguard.esm, hearthfires.esm, dragonborn.esm, realm of lorkhan - custom alternate start - choose your own adventure.esp | BOOK:1 CELL:1
  realm of lorkhan unbound fix.esp (Realm of Lorkhan - Unbound Quest Fix) esl | masters: skyrim.esm, realm of lorkhan - custom alternate start - choose your own adventure.esp | QUST:1
  realm of lorkhan - custom alternate start - choose your own adventure.esp (Realm of Lorkhan - Freeform Alternate Start 4) | masters: skyrim.esm, update.esm, dawnguard.esm, hearthfires.esm, dragonborn.esm | KYWD:1 CLAS:1 FACT:1 MGEF:1 ENCH:1 SPEL:1 ACTI:1 ARMO:1 BOOK:1 CONT:1 DOOR:1 LIGH:1 MISC:1 STAT:1 WEAP:1 NPC_:1 ALCH:1 LVLI:1 NAVI:1 CELL:1 WRLD:1 DIAL:1 QUST:1 PACK:1 PERK:1 LCTN:1 MESG:1 DLVW:1 RELA:1 OTFT:1
  snazzy wall mounted trophies - dta patch.esp (Snazzy Wall Mounted Trophies - DTA Patch) esl | masters: skyrim.esm, update.esm, dawnguard.esm, hearthfires.esm, dragonborn.esm, snazzy wallmount trophies - bos.esp, dynamic things alternative.esp | FLOR:1 LVLI:1
  snazzy wallmount trophies - bos.esp (Snazzy Wall Mounted Trophies - Base Object Swapper) esl | masters: skyrim.esm, update.esm, dawnguard.esm, hearthfires.esm, dragonborn.esm | STAT:1
  dynamic things alternative.esp (Dynamic Things Alternative - Base Object Swapper) esl | masters: skyrim.esm, update.esm, dawnguard.esm, hearthfires.esm | ACTI:1 CONT:1 INGR:1 MISC:1 FLOR:1 WEAP:1 ALCH:1 LVLI:1 CELL:1 QUST:1 FLST:1
  ai overhaul - fishing addon.esp (AI Overhaul SSE) esl | masters: skyrim.esm, ccbgssse001-fish.esm, ai overhaul.esp | NPC_:1 WRLD:1 PACK:1
  ai overhaul - scripted addon.esp (AI Overhaul SSE) esl | masters: skyrim.esm, hearthfires.esm, ai overhaul.esp | DIAL:1 QUST:1 PACK:1 SCEN:1
  ai overhaul - ussep patch.esp (AI Overhaul SSE) esl | masters: skyrim.esm, hearthfires.esm, unofficial skyrim special edition patch.esp, ai overhaul.esp | NPC_:1 CELL:1 WRLD:1 QUST:1 PACK:1
  ai overhaul.esp (AI Overhaul SSE) | masters: skyrim.esm, update.esm, dawnguard.esm, hearthfires.esm, dragonborn.esm | GMST:1 FACT:1 FURN:1 NPC_:1 IDLM:1 LVLI:1 CELL:1 WRLD:1 DIAL:1 QUST:1 IDLE:1 PACK:1 FLST:1 RELA:1
  fishermenfish.esp (Fishermen Fish) esl | masters: skyrim.esm, update.esm, ccbgssse001-fish.esm | FURN:1 WRLD:1 PACK:1 ANIO:1 SNDR:1
  kr2_crystalsoulgems_isc_patch.esp (Crystalline Soul Gems) esl | masters: skyrim.esm, immersive sounds - compendium.esp | SLGM:1
  mlp + isc patch.esp (MultiLayer Parallax Soul Gems SSE) esl | masters: skyrim.esm, immersive sounds - compendium.esp, mlpsoulgems.esp | SLGM:1
  mlpsoulgems.esp (MultiLayer Parallax Soul Gems SSE) esl | masters: skyrim.esm | SLGM:1
  acquisitivesoulgemmultithreaded.esp (Acquisitive Soul Gems Multithreaded) | masters: skyrim.esm, update.esm | GMST:1 GLOB:1 MGEF:1 BOOK:1 CONT:1 CELL:1 QUST:1 MESG:1
  0cbteleportationcollectionv3.esp (Skyrim Teleportation Collection) | masters: skyrim.esm, update.esm, dawnguard.esm, hearthfires.esm, dragonborn.esm | MGEF:1 SPEL:1 BOOK:1 NPC_:1 CELL:1 WRLD:1
  aero.esl (Abyssal Wind Magic) esl | masters: skyrim.esm, update.esm, dawnguard.esm, hearthfires.esm, dragonborn.esm | KYWD:1 FACT:1 RACE:1 SOUN:1 MGEF:1 ENCH:1 SPEL:1 ACTI:1 ARMO:1 BOOK:1 STAT:1 NPC_:1 PROJ:1 HAZD:1 LVLI:1 RFCT:1 CELL:1 QUST:1 CSTY:1 EFSH:1 EXPL:1 PERK:1 IPCT:1 IPDS:1 ARMA:1 SHOU:1 OTFT:1 ARTO:1 SNDR:1
  torchescastshadows.esp (Lanternlight - A Candlelight Replacer) | masters: skyrim.esm, update.esm, dawnguard.esm, hearthfires.esm, dragonborn.esm | GLOB:1 MGEF:1 SPEL:1 LIGH:1 STAT:1 PROJ:1 HAZD:1 QUST:1 IDLE:1 FLST:1 IPCT:1 IPDS:1 ARTO:1
  opalterationgrantarmor.esl (Alteration - Grant Armor) esl | masters: skyrim.esm, update.esm, dawnguard.esm, hearthfires.esm, dragonborn.esm | MGEF:1 SPEL:1 SCRL:1 BOOK:1 LVLI:1
  icebloom.esl (WInter Wonderland Magic) esl | masters: skyrim.esm, update.esm, dawnguard.esm, hearthfires.esm, dragonborn.esm | RACE:1 SOUN:1 MGEF:1 SPEL:1 SCRL:1 ACTI:1 ARMO:1 BOOK:1 LIGH:1 STAT:1 NPC_:1 PROJ:1 HAZD:1 RFCT:1 CELL:1 QUST:1 CSTY:1 EFSH:1 EXPL:1 DEBR:1 IMAD:1 PERK:1 IPCT:1 IPDS:1 ARMA:1 ARTO:1 SNDR:1
  [wdrd]fireworks2_esp.esp (HANABI (Fireworks)) | masters: skyrim.esm, update.esm, dawnguard.esm | GLOB:1 MGEF:1 SPEL:1 BOOK:1 LIGH:1 MSTT:1 PROJ:1 QUST:1 FLST:1
  jaxonzblinkteleport2.esp (Jaxonz Blink Teleport SE) | masters: skyrim.esm, update.esm | MGEF:1 SPEL:1 ACTI:1 BOOK:1 PROJ:1 CELL:1 EXPL:1
  apocalypse - more apocalypse.esp (More Apocalypse - An expansion for Apocalypse - Magic of Skyrim) | masters: skyrim.esm, update.esm, dragonborn.esm, apocalypse - magic of skyrim.esp | KYWD:1 MGEF:1 ENCH:1 SPEL:1 SCRL:1 ARMO:1 BOOK:1 LIGH:1 STAT:1 FURN:1 WEAP:1 NPC_:1 PROJ:1 QUST:1 EFSH:1 EXPL:1 FLST:1 PERK:1 IPCT:1 IPDS:1 ECZN:1 MESG:1 OTFT:1 ARTO:1
  apocalypse - cheat chests.esp (Apocalypse - Magic of Skyrim) | masters: skyrim.esm, update.esm, dragonborn.esm, apocalypse - magic of skyrim.esp | WRLD:1
  apocalypse - magic of skyrim.esp (Apocalypse - Magic of Skyrim) | masters: skyrim.esm, update.esm, dragonborn.esm | KYWD:1 TXST:1 GLOB:1 CLAS:1 FACT:1 HDPT:1 RACE:1 SOUN:1 MGEF:1 ENCH:1 SPEL:1 SCRL:1 ACTI:1 ARMO:1 BOOK:1 CONT:1 LIGH:1 MISC:1 STAT:1 MSTT:1 WEAP:1 AMMO:1 NPC_:1 LVLN:1 COBJ:1 PROJ:1 HAZD:1 LVLI:1 RFCT:1 NAVI:1 CELL:1 WRLD:1 QUST:1 PACK:1 CSTY:1 LSCR:1 WATR:1 EFSH:1 EXPL:1 DEBR:1 IMGS:1 IMAD:1 FLST:1 PERK:1 ADDN:1 IPCT:1 IPDS:1 ARMA:1 ECZN:1 LCTN:1 MESG:1 LGTM:1 OTFT:1 ARTO:1 SNDR:1 DUAL:1 COLL:1
  wb_potioncondenser.esp (Potion Condenser) | masters: skyrim.esm, update.esm, dawnguard.esm, hearthfires.esm, dragonborn.esm | INGR:1 COBJ:1
  shutupheimskr.esp (Shut Up Heimskr) esl | masters: skyrim.esm, update.esm | NPC_:1
  thievesguildladder.esp (The Thieves Guild Ladder - Skyrim Special Edition) | masters: skyrim.esm, update.esm | MGEF:1 SPEL:1 BOOK:1 KEYM:1 NAVI:1 CELL:1 WRLD:1
  thievesguildladder_patch_di.esp (The Thieves Guild Ladder - Skyrim Special Edition) | masters: skyrim.esm, update.esm, dawnguard.esm, hearthfires.esm, dragonborn.esm, unofficial skyrim special edition patch.esp, distinct interiors.esp, thievesguildladder.esp | CELL:1
  earthforge.esm (Earth Forge) esm | masters: skyrim.esm, update.esm, dawnguard.esm, hearthfires.esm, dragonborn.esm | KYWD:1 TXST:1 GLOB:1 CLAS:1 FACT:1 HDPT:1 RACE:1 MGEF:1 ENCH:1 SPEL:1 ACTI:1 ARMO:1 BOOK:1 CONT:1 LIGH:1 MISC:1 STAT:1 MSTT:1 FURN:1 WEAP:1 AMMO:1 NPC_:1 ALCH:1 PROJ:1 LVLI:1 RFCT:1 NAVI:1 CELL:1 QUST:1 PACK:1 CSTY:1 EFSH:1 EXPL:1 IMAD:1 FLST:1 ARMA:1 ECZN:1 LCTN:1 MESG:1 OTFT:1 ARTO:1 COLL:1
  earthforgesurvival.esl (Earth Forge) esl | masters: skyrim.esm, update.esm, dawnguard.esm, hearthfires.esm, dragonborn.esm, ccqdrsse001-survivalmode.esl, earthforge.esm | CELL:1 FLST:1
  true thane - hearthfire patch.esp (True Thane SE) | masters: skyrim.esm, update.esm, hearthfires.esm, true thane.esp | GLOB:1 DIAL:1 QUST:1
  true thane.esp (True Thane SE) | masters: skyrim.esm, update.esm | KYWD:1 GLOB:1 FACT:1 SOUN:1 MGEF:1 SPEL:1 ACTI:1 TACT:1 ARMO:1 BOOK:1 STAT:1 NPC_:1 KEYM:1 CELL:1 WRLD:1 DIAL:1 QUST:1 PACK:1 PERK:1 ARMA:1 MESG:1 DLBR:1 RELA:1 SCEN:1 SNDR:1
  cwneutral.esp (Civil War Neutrality SSE) | masters: skyrim.esm | ACTI:1 BOOK:1 CELL:1 QUST:1
  arachnophobia - spiders are wolves.esp (Arachnophobia - Spiders are Wolves - Chaurus are Bears - No Cobwebs or Eggs) | masters: skyrim.esm, update.esm, dawnguard.esm, dragonborn.esm | ACTI:1 BOOK:1 INGR:1 LIGH:1 STAT:1 MSTT:1 FLOR:1 NPC_:1 CELL:1 WRLD:1 QUST:1 LSCR:1
  passiveweaponenchantmentrecharging.esp (Passive Weapon Enchantment Recharging - Enchanted Weapons Recharge Over Time) esl | masters: - | QUST:1
  keepskeletonkeyse.esp (Skeleton Key Dilemma) esl | masters: skyrim.esm, update.esm | ACTI:1 CELL:1
  bm_simpleaction.esp (Simple Actions - The floor is as good a place to sleep (or sit) as any by BralorMarr) | masters: skyrim.esm, update.esm | GLOB:1 MGEF:1 SPEL:1 BOOK:1 FURN:1 CELL:1 WRLD:1 QUST:1 IDLE:1 MESG:1
  bathtubsbasins.esp (Bathtubs Basins and Beyond) | masters: skyrim.esm, update.esm, campfire.esm, bathing in skyrim - main.esp | TXST:1 SOUN:1 MGEF:1 SPEL:1 ACTI:1 MISC:1 FURN:1 COBJ:1 CELL:1 MESG:1
  bathing in skyrim.esp (Bathing in Skyrim - Renewed) esl | masters: skyrim.esm, update.esm | KYWD:1 TXST:1 GLOB:1 FACT:1 MGEF:1 SPEL:1 ACTI:1 MISC:1 COBJ:1 DIAL:1 QUST:1 IDLE:1 PACK:1 ANIO:1 EFSH:1 FLST:1 MESG:1 DLBR:1 DLVW:1
  bathing in skyrim - main.esp (Bathing in Skyrim) | masters: skyrim.esm, update.esm | KYWD:1 TXST:1 GLOB:1 MGEF:1 SPEL:1 MISC:1 COBJ:1 DIAL:1 QUST:1 IDLE:1 PACK:1 ANIO:1 EFSH:1 FLST:1 MESG:1 DLBR:1 DLVW:1
  embersxd-campfire patch.esp (Miscellaneous Embers XD Patches) esl | masters: skyrim.esm, campfire.esm, embers xd.esp | ACTI:1
  campfire - fishing patch.esp (CC Fishing Campfire patch) esl | masters: skyrim.esm, update.esm, campfire.esm, ccbgssse001-fish.esm | COBJ:1
  campfire.esm (Campfire - Complete Camping System (Supports Skyrim VR)) esm | masters: skyrim.esm, update.esm | GMST:1 KYWD:1 TXST:1 GLOB:1 SOUN:1 MGEF:1 ENCH:1 SPEL:1 ACTI:1 ARMO:1 BOOK:1 CONT:1 LIGH:1 MISC:1 STAT:1 MSTT:1 FURN:1 WEAP:1 AMMO:1 COBJ:1 PROJ:1 HAZD:1 RFCT:1 NAVI:1 CELL:1 WRLD:1 QUST:1 IDLE:1 PACK:1 EFSH:1 EXPL:1 IMAD:1 FLST:1 PERK:1 IPCT:1 IPDS:1 ARMA:1 MESG:1 SCEN:1 ARTO:1 MATO:1 SNDR:1
  femaleheelsound.esl (All Female High Heels Sound) esm esl | masters: skyrim.esm, heels sound.esm | MGEF:1 SPEL:1 ARMO:1 ARMA:1
  heels sound.esm (Sound for High Heels framework) esm | masters: skyrim.esm | IPCT:1 IPDS:1 FSTP:1 FSTS:1 SNDR:1
  uhdap - en0.esp (Unofficial High Definition Audio Project) esm esl | masters: skyrim.esm, update.esm, dawnguard.esm, hearthfires.esm, dragonborn.esm | 
  uhdap - en1.esp (Unofficial High Definition Audio Project) esm esl | masters: skyrim.esm, update.esm, dawnguard.esm, hearthfires.esm, dragonborn.esm | 
  uhdap - en2.esp (Unofficial High Definition Audio Project) esm esl | masters: skyrim.esm, update.esm, dawnguard.esm, hearthfires.esm, dragonborn.esm | 
  uhdap - en3.esp (Unofficial High Definition Audio Project) esm esl | masters: skyrim.esm, update.esm, dawnguard.esm, hearthfires.esm, dragonborn.esm | 
  uhdap - en4.esp (Unofficial High Definition Audio Project) esm esl | masters: skyrim.esm, update.esm, dawnguard.esm, hearthfires.esm, dragonborn.esm | 
  uhdap - musichq.esp (Unofficial High Definition Audio Project) esm esl | masters: skyrim.esm, update.esm, dawnguard.esm, hearthfires.esm, dragonborn.esm | 
  crackling fire volume slider.esp (Crackling Fire) esl | masters: skyrim.esm, update.esm, dawnguard.esm, hearthfires.esm, dragonborn.esm | SNDR:1 SNCT:1
  sounds of towns and cities.esp (The Sounds of Towns and Cities) esl | masters: skyrim.esm, update.esm | SOUN:1 WRLD:1 SNDR:1
  ssassist_tools.esp (SSAssist Tools SSE) esl | masters: skyrim.esm | MGEF:1 ENCH:1 ARMO:1 CONT:1 LIGH:1 WRLD:1 QUST:1 MESG:1
  rgmsvanitymirror.esp (Vanity Mirror SE) esl | masters: skyrim.esm, hearthfires.esm | ARMO:1 COBJ:1 ARMA:1
  animated wings ultimate.esp (Animated Wings Ultimate) esl | masters: skyrim.esm, update.esm, dawnguard.esm, dragonborn.esm, p1flyingring.esp | KYWD:1 GLOB:1 MGEF:1 ENCH:1 SPEL:1 ARMO:1 BOOK:1 ALCH:1 COBJ:1 QUST:1 FLST:1 MESG:1 ARTO:1 SNDR:1
  [melodic] egyptian accessory.esp ([Melodic] Egyptian Accesories CBBE 3BA SE) esl | masters: skyrim.esm, update.esm | TXST:1 ARMO:1 ARMA:1
  dcr_kingcrusadermegapack_sse.esp (DCR - Daring King Crusader Armor) esl | masters: skyrim.esm, update.esm | RACE:1 MGEF:1 ENCH:1 SPEL:1 ARMO:1 BOOK:1 CONT:1 LIGH:1 MISC:1 STAT:1 WEAP:1 NPC_:1 COBJ:1 PROJ:1 HAZD:1 WRLD:1 EFSH:1 EXPL:1 PERK:1 VTYP:1 IPCT:1 IPDS:1 ARMA:1 FSTP:1 FSTS:1 ARTO:1 SNDR:1
  kemper's weapon collection ii.esp (Kemper's Weapon Collection II) | masters: skyrim.esm | STAT:1 WEAP:1 CELL:1
  kemper's weapon collection.esp (Kemper's Weapon Collection) | masters: skyrim.esm | STAT:1 WEAP:1 CELL:1 WRLD:1
  sword of the thorns.esp (Sword of Thorns) esl | masters: skyrim.esm | STAT:1 WEAP:1 COBJ:1
  wolverine claws.esp (Wolverine Claws - animated SSE) | masters: skyrim.esm | SOUN:1 MGEF:1 SPEL:1 ARMO:1 WEAP:1 COBJ:1 QUST:1 PERK:1 ARMA:1 ARTO:1 SNDR:1
  project flintlock se redux.esp (Project Flintlock SE) | masters: skyrim.esm, update.esm, dawnguard.esm | ENCH:1 CONT:1 MISC:1 STAT:1 WEAP:1 AMMO:1 NPC_:1 ALCH:1 COBJ:1 PROJ:1 DIAL:1 EXPL:1 PERK:1 LCTN:1 DLBR:1 DLVW:1 OTFT:1 SNDR:1
  adhopesfire.esl (True Trueflame and Hopesfire) esl | masters: skyrim.esm | MGEF:1 ENCH:1 STAT:1 WEAP:1 COBJ:1 CELL:1 EFSH:1 ARTO:1
  adtrueflame.esl (True Trueflame and Hopesfire) esl | masters: skyrim.esm, update.esm | MGEF:1 ENCH:1 SPEL:1 STAT:1 WEAP:1 COBJ:1 CELL:1 EFSH:1 ARTO:1
  dwbb.esp (dwarven beam blades) | masters: skyrim.esm, update.esm, dragonborn.esm | KYWD:1 MGEF:1 ENCH:1 STAT:1 WEAP:1 COBJ:1 EFSH:1 FLST:1 ARTO:1 SNDR:1
  dragonglassweapons.esp (Dragon Glass Weapons) | masters: skyrim.esm, update.esm, dawnguard.esm, hearthfires.esm, dragonborn.esm | STAT:1 WEAP:1 COBJ:1
  j3x-autocrossbows.esp (Automatic Crossbows SE) | masters: skyrim.esm, update.esm, dawnguard.esm | GLOB:1 MGEF:1 SPEL:1 MISC:1 STAT:1 WEAP:1 AMMO:1 NPC_:1 COBJ:1 PROJ:1 CELL:1 WRLD:1
  legendary skyrim crossbows.esp (Legendary Skyrim Crossbows SSE) | masters: skyrim.esm, update.esm, dawnguard.esm, hearthfires.esm, dragonborn.esm, unofficial skyrim special edition patch.esp | KYWD:1 TXST:1 GLOB:1 MGEF:1 ENCH:1 SPEL:1 ACTI:1 ARMO:1 BOOK:1 CONT:1 LIGH:1 MISC:1 STAT:1 MSTT:1 FURN:1 WEAP:1 AMMO:1 NPC_:1 KEYM:1 COBJ:1 PROJ:1 HAZD:1 LVLI:1 CELL:1 WRLD:1 DIAL:1 QUST:1 LSCR:1 EFSH:1 EXPL:1 FLST:1 PERK:1 IPCT:1 IPDS:1 MESG:1 SNDR:1
  nksm skullpasties.esp (Flaming Skull Bikini Pasties BHUNP CBBE3BA Dynamic Conditional) esl | masters: skyrim.esm | MGEF:1 ENCH:1 ARMO:1 ARMA:1 ARTO:1
  [elle] viper.esp (ELLE Viper 3BA - BHUNP) esl | masters: skyrim.esm | TXST:1 ARMO:1 ARMA:1
  [krzp] obsidian elegance.esp (Obsidian Elegance (CBBE 3BA)) esl | masters: skyrim.esm | ARMO:1 ARMA:1
  [qdaro] silver witch.esp (Silver Witch 3BA SMP) esl | masters: skyrim.esm | ARMO:1 COBJ:1 ARMA:1
  dark dreams.esl (Dark Dreams) esl | masters: skyrim.esm, update.esm | ARMO:1 CONT:1 MISC:1 COBJ:1 WRLD:1 ARMA:1
  dark dreams.esp (Dark Dreams) | masters: skyrim.esm, update.esm | ARMO:1 CONT:1 MISC:1 COBJ:1 WRLD:1 ARMA:1
  dx fetishfashion ii.esp (DX Fetish Fashion Volume 2 SE - CBBE Physics - 3BA - BHUNP) esl | masters: skyrim.esm | TXST:1 ARMO:1 CONT:1 CELL:1 ARMA:1
  dx fetish fashion volume 1 se.esp (DX Fetish Fashion Volume 1 SE CBBE - 3BA - BHUNP) esl | masters: skyrim.esm | TXST:1 ARMO:1 CONT:1 CELL:1 ARMA:1
  icestormng_skyrimse.esp (Icestorm High Heels Collection For Skyrim) | masters: skyrim.esm, heels sound.esm | ARMO:1 CONT:1 COBJ:1 WRLD:1 ARMA:1
  [full_inu] queen marika's dress.esp (Queen Marika's Dress) esl | masters: skyrim.esm, update.esm, heels sound.esm | TXST:1 ARMO:1 COBJ:1 ARMA:1
  _fuse00_armorhelga.esp (Fuse00 - Helga Armor 3BA UBE SMP (v2)) esl | masters: skyrim.esm, update.esm | ARMO:1 COBJ:1 ARMA:1
  [elle] sparrows mage.esp (ELLE - Sparrows Mage 3BA-BHUNP) esl | masters: skyrim.esm | ARMO:1 COBJ:1 ARMA:1
  [elle] dark rebel.esp (ELLE - Dark Rebel 3BA-BHUNP) esl | masters: skyrim.esm | TXST:1 ARMO:1 COBJ:1 ARMA:1
  [elle] dangerous.esp (ELLE - Dangerous Gladiator 3BA-BHUNP) esl | masters: skyrim.esm, heels sound.esm | ARMO:1 COBJ:1 ARMA:1
  _fuse00_armorrogue.esp (Fuse00 HDT-SMP Rogue Set HIMBO Refit and Variants) | masters: skyrim.esm, update.esm | ARMO:1 COBJ:1 ARMA:1
  assassins dress.esp (Skyforge Assassins CBBE - 3BA - BHUNP) esl | masters: skyrim.esm | TXST:1 ARMO:1 BOOK:1 STAT:1 COBJ:1 CELL:1 ARMA:1
  _fuse00_armorraven.esp (Raven HDT-SMP Armor) esl | masters: skyrim.esm, update.esm | ARMO:1 COBJ:1 ARMA:1
  teraarmorssse - update.esp (Tera Armors Collection Skyim Special Edition) esl | masters: skyrim.esm, update.esm, dawnguard.esm, dragonborn.esm, teraarmorssse.esp | ENCH:1
  teraarmorssse.esp (Tera Armors Collection Skyim Special Edition) | masters: skyrim.esm, update.esm, dawnguard.esm, dragonborn.esm | TXST:1 GLOB:1 ENCH:1 ARMO:1 CONT:1 NPC_:1 COBJ:1 LVLI:1 ARMA:1
  invisiblearmor.esp (Invisible Armors Enhanced) esl | masters: skyrim.esm | ARMO:1 CONT:1 COBJ:1 WRLD:1 ARMA:1
  pirate assassin robes.esp (AC Black Flag - Edward Kenway outfit) esl | masters: skyrim.esm | ARMO:1 COBJ:1 ARMA:1
  merta assassin armor.esp (DX Merta Assassin Outfit - UNP) | masters: skyrim.esm | TXST:1 ARMO:1 BOOK:1 STAT:1 WEAP:1 COBJ:1 CELL:1 ARMA:1
  dcr_kingcrusadermegapack_sse.esp (DCR - King Crusader Mega Pack) | masters: skyrim.esm, update.esm | RACE:1 MGEF:1 ENCH:1 SPEL:1 ARMO:1 BOOK:1 CONT:1 LIGH:1 MISC:1 STAT:1 WEAP:1 NPC_:1 COBJ:1 PROJ:1 HAZD:1 WRLD:1 EFSH:1 EXPL:1 PERK:1 VTYP:1 IPCT:1 IPDS:1 ARMA:1 FSTP:1 FSTS:1 ARTO:1 SNDR:1
  spellknightsofwinterhold.esp (Winterhold Spellblades - Guard Tweaks and Armor Replacer) | masters: skyrim.esm, update.esm, dawnguard.esm, hearthfires.esm, dragonborn.esm | NPC_:1 LVLI:1 ARMA:1
  sons_hdt_patch.esp (Sons of Skyrim - HDT Physics for Cloaks Patch) esl | masters: skyrim.esm, nw_sons_of_skyrim.esp | ARMO:1
  nw_sons_of_skyrim - my fixes by xtudo.esp (SOS V2.0 - SE by Xtudo - Fixes) esl | masters: skyrim.esm, update.esm, unofficial skyrim special edition patch.esp, nw_sons_of_skyrim.esp | ARMO:1 CONT:1 STAT:1 NPC_:1 LVLI:1 CELL:1 ARMA:1
  sentinel - hdt sos.esp (Sentinel Patch for Sons of Skyrim - HDT-SMP Cloaks) esl | masters: skyrim.esm, update.esm, dawnguard.esm, dragonborn.esm, sentinel.esp | ARMO:1 ARMA:1
  sentinel - ussep patch.esp (Sentinel - Patch Collection) esl | masters: skyrim.esm, unofficial skyrim special edition patch.esp, sentinel.esp | COBJ:1
  nw_sons_of_skyrim.esp (Sons of Skyrim) | masters: skyrim.esm, update.esm, dawnguard.esm, hearthfires.esm, dragonborn.esm | ARMO:1 CONT:1 STAT:1 WEAP:1 AMMO:1 NPC_:1 LVLN:1 COBJ:1 PROJ:1 LVLI:1 CELL:1 DIAL:1 ARMA:1 OTFT:1
  sentinel - city guards.esp (Sentinel - An Equipment Overhaul) esl | masters: skyrim.esm, update.esm, dawnguard.esm, dragonborn.esm, sentinel.esp | ARMO:1 STAT:1 WEAP:1 COBJ:1 LVLI:1 ARMA:1 OTFT:1
  sentinel - master plugin.esp (Sentinel - An Equipment Overhaul) esm esl | masters: dragonborn.esm, skyrim.esm, update.esm, dawnguard.esm, hearthfires.esm | LVLI:1
  sentinel - priests and acolytes.esp (Sentinel - An Equipment Overhaul) esl | masters: skyrim.esm, update.esm, dawnguard.esm, dragonborn.esm, sentinel.esp | KYWD:1 TXST:1 ARMO:1 COBJ:1 LVLI:1 ARMA:1 OTFT:1
  sentinel.esp (Sentinel - An Equipment Overhaul) esl | masters: skyrim.esm, update.esm, dawnguard.esm, dragonborn.esm, sentinel - master plugin.esp | KYWD:1 TXST:1 ARMO:1 STAT:1 WEAP:1 COBJ:1 LVLI:1 DIAL:1 ARMA:1 OTFT:1
  apophysis_dpm_se.esp (Apophysis Dragon Priest Masks SE) esl | masters: skyrim.esm, update.esm, dawnguard.esm, hearthfires.esm, dragonborn.esm | 
  skysan_stalhrim.esp (Refracting Stalhrim Armors and Weapons) esl | masters: skyrim.esm, update.esm, dragonborn.esm | 
  skysan_glassaw.esp (Light Refracting Glass Armors and Weapons (reinstall fomod for other options)) | masters: skyrim.esm, update.esm | ARMO:1 COBJ:1 ARMA:1
  skyrim unlimited rings and amulets sse.esp (Skyrim Unlimited Rings and Amulets SSE) | masters: skyrim.esm | ARMO:1
  sharkish_piercings.esp (Sharkish Piercings - BHUNP and 3BA Body Piercings) esl | masters: skyrim.esm, update.esm | TXST:1 ENCH:1 ARMO:1 COBJ:1 CELL:1 WRLD:1 ARMA:1
  countessensemblebhunp.esp (Countess Ensemble BHUNP) esl | masters: skyrim.esm, heels sound.esm | TXST:1 ARMO:1 COBJ:1 ARMA:1
  dx stlouis se.esp (DX Azur Lane St. Louis CBBE - 3BA - BHUNP) esl | masters: skyrim.esm | ARMO:1 BOOK:1 STAT:1 COBJ:1 CELL:1 ARMA:1
  vtawwardrobe5.esp (Vtaw Wardrobe 5 - CBBE SE - CBBE SMP - CBBE 3BA - BodySlide) | masters: skyrim.esm, heels sound.esm | TXST:1 ARMO:1 COBJ:1 ARMA:1
  vtawwardrobe4 [se].esp (Vtaw Wardrobe 4 - CBBE - BHUNP - BodySlide with 3BBB Support) esl | masters: skyrim.esm | TXST:1 ARMO:1 COBJ:1 ARMA:1
  converse shoes heavy armor addon.esp (Converse Shoes UNP-CBBE SSE Bodyslide) esl | masters: skyrim.esm, converse shoes.esp | ARMO:1 COBJ:1 ARMA:1
  converse shoes.esp (Converse Shoes UNP-CBBE SSE Bodyslide) | masters: skyrim.esm, update.esm | TXST:1 ARMO:1 BOOK:1 COBJ:1 CELL:1 ARMA:1
  ankleboots.esp (Ankle Boots - CBBE BodySlide) esl | masters: skyrim.esm | ARMO:1 ARMA:1
  catsuitsandcorsetsheelssound.esp (Catsuits and Corsets by 1Nye (3BA)) esl | masters: skyrim.esm, heels sound.esm | TXST:1 ARMO:1 CONT:1 COBJ:1 CELL:1 ARMA:1
  obigreaser.esp (Obi's Greaser Outfit 3BA 4k) esl | masters: skyrim.esm | ARMO:1 COBJ:1 ARMA:1
  more varied clothes.esp (More Varied Clothes) esl | masters: skyrim.esm, update.esm, dawnguard.esm | TXST:1 ARMO:1 COBJ:1 LVLI:1 ARMA:1
  0cce_radiantraiments.esp (Common Clothing Expansion) esl | masters: skyrim.esm, common clothing expanded.esp | CONT:1 LVLI:1
  common clothing expanded.esp (Common Clothing Expansion) esl | masters: skyrim.esm | ARMO:1 ARMA:1 OTFT:1
  bluejeans.esp (Blue Jeans Plus Volume 3 Recolor and Port) | masters: skyrim.esm, update.esm | FACT:1 MGEF:1 ENCH:1 ARMO:1 BOOK:1 CONT:1 STAT:1 MSTT:1 WEAP:1 NPC_:1 KEYM:1 ALCH:1 NAVI:1 CELL:1 WRLD:1 PACK:1 ARMA:1 OTFT:1
  bluejeans.esl (Blue Jeans Plus Volume 3 Recolor and Port) esm esl | masters: skyrim.esm, update.esm | FACT:1 MGEF:1 ENCH:1 ARMO:1 BOOK:1 CONT:1 STAT:1 MSTT:1 WEAP:1 NPC_:1 KEYM:1 ALCH:1 NAVI:1 CELL:1 WRLD:1 PACK:1 ARMA:1 OTFT:1
  tbos-hepsybasicjeanssam.esl (TBOS Hepsy Jeans SSE) esl | masters: skyrim.esm | TXST:1 ARMO:1 CONT:1 ARMA:1
  apachii_des_smp_patch.esp (Artesian Cloaks of Skyrim) esl | masters: skyrim.esm, apachii_divineelegancestore.esm | ARMO:1 ARMA:1
  ladylacecloaks_en_smp_patch.esp (Artesian Cloaks of Skyrim) esl | masters: skyrim.esm, ladylacecloaks_en.esp | ARMO:1 ARMA:1
  ladylacecloaks_en.esp (Cloaks of Lace for Lady SSE) | masters: skyrim.esm | ARMO:1 COBJ:1 ARMA:1
  myrtles.esp (Myrtles Heels SSE - with Optional Heels Sound) esl | masters: skyrim.esm, heels sound.esm | ARMO:1 COBJ:1 ARMA:1
  ghoulish_pendant v2.esp (The Ghoulish Pendant) esl | masters: skyrim.esm, update.esm, dawnguard.esm | RACE:1 MGEF:1 SPEL:1 ARMO:1 BOOK:1 STAT:1 WEAP:1 NPC_:1 COBJ:1 CELL:1 ARMA:1
  gqj_dg_vampireamuletfix.esp (Gemling Queen Jewelry SE) esl | masters: skyrim.esm, update.esm, dawnguard.esm | ARMA:1
  gqj_dg_vampireamuletfix.esp (Gemling Queen Jewelry SE) | masters: skyrim.esm, update.esm, dawnguard.esm | SCRL:1 ARMA:1
  goonahead.esp (Go On Ahead) | masters: skyrim.esm, update.esm | GLOB:1 FACT:1 DIAL:1 QUST:1 PACK:1 MESG:1 DLBR:1 DLVW:1
  horde.esp (Horde - A Light-Weight SKSE Follower Management System) esl | masters: skyrim.esm | FACT:1 MGEF:1 SPEL:1 CELL:1 DIAL:1 QUST:1 PACK:1
  mvc neuskharp followers hph and edm.esp (NeusKharp Female Followers HPH and EDM Full Custom 3BA AiO ESPFE) esl | masters: skyrim.esm, update.esm, dawnguard.esm, dragonborn.esm | KYWD:1 TXST:1 CLAS:1 HDPT:1 RACE:1 MGEF:1 ENCH:1 SPEL:1 SCRL:1 ARMO:1 BOOK:1 CONT:1 LIGH:1 STAT:1 WEAP:1 NPC_:1 COBJ:1 PROJ:1 HAZD:1 LVLI:1 RFCT:1 CELL:1 WRLD:1 QUST:1 CSTY:1 EFSH:1 EXPL:1 IMAD:1 FLST:1 PERK:1 ADDN:1 IPCT:1 IPDS:1 ARMA:1 RELA:1 OTFT:1 ARTO:1 SNDR:1
  twinsofwindhelm - highpoly ver.esp (Twins of Windhelm - Nord Followers) esl | masters: skyrim.esm, update.esm, dawnguard.esm, high poly head.esm, beards.esp | TXST:1 CLAS:1 HDPT:1 RACE:1 ENCH:1 WEAP:1 NPC_:1 LVLI:1 CELL:1 WRLD:1 CSTY:1 FLST:1 RELA:1 OTFT:1 CLFM:1
  masculinehousecarls.esp (Masculine Housecarls) esl | masters: skyrim.esm, update.esm, dawnguard.esm, hearthfires.esm, dragonborn.esm, unofficial skyrim special edition patch.esp | NPC_:1
  kdsum_follower.esp (Shang-Chi and Jason Statham with you in Skyrim) | masters: skyrim.esm, update.esm, dawnguard.esm, hearthfires.esm, dragonborn.esm | CLAS:1 ARMO:1 NPC_:1 CELL:1 WRLD:1 CSTY:1 ARMA:1 RELA:1 OTFT:1
  dunebornefollowers.esp (Duneborne Followers) esl | masters: skyrim.esm, update.esm, dawnguard.esm, hearthfires.esm, dragonborn.esm | KYWD:1 HDPT:1 RACE:1 MGEF:1 ENCH:1 SPEL:1 SCRL:1 ARMO:1 BOOK:1 STAT:1 WEAP:1 AMMO:1 NPC_:1 COBJ:1 PROJ:1 HAZD:1 LVLI:1 CELL:1 WRLD:1 PACK:1 CSTY:1 EFSH:1 EXPL:1 PERK:1 ARMA:1 LCTN:1 SHOU:1 RELA:1 OTFT:1 ARTO:1
  extrafollowersaddon.esp (Duneborne Followers) esl | masters: skyrim.esm, update.esm, dawnguard.esm, hearthfires.esm, dragonborn.esm | HDPT:1 RACE:1 MGEF:1 ENCH:1 SPEL:1 ARMO:1 STAT:1 WEAP:1 NPC_:1 COBJ:1 PROJ:1 CELL:1 WRLD:1 PACK:1 CSTY:1 EXPL:1 ARMA:1 LCTN:1 SHOU:1 RELA:1 OTFT:1 ARTO:1
  mjp_schwarzenegger.esp (All in one pack Schwarzenegger) | masters: skyrim.esm, update.esm | TXST:1 CLAS:1 HDPT:1 RACE:1 MGEF:1 ENCH:1 SPEL:1 ARMO:1 BOOK:1 CONT:1 LIGH:1 STAT:1 FURN:1 WEAP:1 AMMO:1 NPC_:1 COBJ:1 PROJ:1 NAVI:1 CELL:1 WRLD:1 PACK:1 EXPL:1 FLST:1 PERK:1 IPCT:1 IPDS:1 ARMA:1 LCTN:1 RELA:1 OTFT:1 SNDR:1
  ara_rdo npcs.esp (Relationship Dialogue Overhaul (RDO) NPCs - a replacer) esl | masters: skyrim.esm, update.esm, dawnguard.esm, hearthfires.esm, dragonborn.esm, relationship dialogue overhaul.esp | HDPT:1 NPC_:1
  rdo updated.esp (Relationship Dialogue Overhaul - Update and MCM) esl | masters: skyrim.esm, update.esm, dawnguard.esm, hearthfires.esm, dragonborn.esm, unofficial skyrim special edition patch.esp, relationship dialogue overhaul.esp | GLOB:1 FACT:1 MGEF:1 ENCH:1 SPEL:1 ARMO:1 NPC_:1 COBJ:1 CELL:1 DIAL:1 QUST:1 PACK:1 FLST:1 MESG:1 SMBN:1 SMQN:1 DLBR:1 SCEN:1
  relationship dialogue overhaul.esp (Relationship Dialogue Overhaul - RDO SE) | masters: skyrim.esm, update.esm, dawnguard.esm, hearthfires.esm, dragonborn.esm | GLOB:1 CLAS:1 FACT:1 MGEF:1 ENCH:1 SPEL:1 ARMO:1 BOOK:1 CONT:1 MISC:1 WEAP:1 NPC_:1 LVLN:1 CELL:1 DIAL:1 QUST:1 PACK:1 CSTY:1 FLST:1 PERK:1 MESG:1 SMBN:1 SMQN:1 DLBR:1 RELA:1 SCEN:1 OTFT:1
  positiveundressedreactions.esp (Positive Undressed Reactions ESL) esl | masters: skyrim.esm | DIAL:1
  naked comments overhaul.esp (Naked Comments Overhaul) esl | masters: skyrim.esm, update.esm, hearthfires.esm, dragonborn.esm | KYWD:1 GLOB:1 DIAL:1 QUST:1 FLST:1
  cheekykids.esp (Cheeky Kids) esl | masters: skyrim.esm, update.esm, dawnguard.esm, hearthfires.esm, dragonborn.esm | KYWD:1 GLOB:1 DIAL:1 QUST:1 PACK:1 FLST:1 SCEN:1
  collision dialogue overhaul mcm.esp (Collision Dialogue Overhaul) esl | masters: skyrim.esm, update.esm, dawnguard.esm, hearthfires.esm, dragonborn.esm, collision dialogue overhaul.esp | QUST:1
  collision dialogue overhaul.esp (Collision Dialogue Overhaul) esl | masters: skyrim.esm, update.esm, dawnguard.esm, hearthfires.esm, dragonborn.esm | GLOB:1 DIAL:1 QUST:1 FLST:1 SCEN:1
  race compatibility dialogue sse - rdo.esp (Race Compatibility Dialogue SSE) esl | masters: skyrim.esm, dragonborn.esm, racecompatibility.esm, relationship dialogue overhaul.esp | DIAL:1
  race compatibility dialogue sse.esp (Race Compatibility Dialogue SSE) esl | masters: skyrim.esm, dawnguard.esm, dragonborn.esm, racecompatibility.esm | DIAL:1
  the four horses of the apocalypse.esp (The Four Horses of the Apocalypse SSE port) | masters: skyrim.esm, update.esm, dawnguard.esm, dragonborn.esm | SOUN:1 MGEF:1 SPEL:1 ARMO:1 BOOK:1 CONT:1 STAT:1 NPC_:1 RFCT:1 CELL:1 WRLD:1 EFSH:1 IMAD:1 ARMA:1 ARTO:1 SNDR:1
  horse flickering mane fix.esp (Witcher Horse Expansion) esl | masters: skyrim.esm, update.esm | ARMA:1
  sc_horsereplacer.esp (Witcher Horse Expansion) esl | masters: skyrim.esm, update.esm | 
  witcher horses - elrian saddles patch.esp (Witcher Horse Expansion) esl | masters: skyrim.esm, update.esm, elriansaddles.esp | ARMO:1 ARMA:1
  witcher horses - equestrian patch.esp (Witcher Horse Expansion) esl | masters: skyrim.esm, update.esm, dawnguard.esm, hearthfires.esm, dragonborn.esm, witcher horses 2.0.esp, equestrian - an sc horses overhaul.esp | TXST:1 ARMO:1 CONT:1 NPC_:1 LVLN:1 ARMA:1
  witcher horses 2.0.esp (Witcher Horse Expansion) esl | masters: skyrim.esm, update.esm, dawnguard.esm, hearthfires.esm, dragonborn.esm | KYWD:1 TXST:1 GLOB:1 MGEF:1 SPEL:1 ACTI:1 ARMO:1 BOOK:1 CONT:1 STAT:1 NPC_:1 LVLN:1 LVLI:1 RFCT:1 CELL:1 WRLD:1 QUST:1 PACK:1 LVSP:1 FLST:1 ARMA:1 MESG:1 RELA:1 ARTO:1
  equestrian - an sc horses overhaul.esp (Equestrian - An SC Horses Overhaul) | masters: skyrim.esm, update.esm, dawnguard.esm, sc_horsereplacer.esp | KYWD:1 TXST:1 FACT:1 ENCH:1 ARMO:1 CONT:1 MISC:1 NPC_:1 LVLN:1 COBJ:1 LVLI:1 WRLD:1 FLST:1 ARMA:1 OTFT:1
  elrianlongmanehorseaddon.esp (Craftable Saddles from Witcher 3) esl | masters: skyrim.esm | KYWD:1 ARMO:1 NPC_:1 WRLD:1 QUST:1 ARMA:1 LCTN:1 OTFT:1
  elriansaddles.esp (Craftable Saddles from Witcher 3) esl | masters: skyrim.esm, update.esm | KYWD:1 TXST:1 GLOB:1 MGEF:1 ENCH:1 SPEL:1 ARMO:1 QUST:1 FLST:1 ARMA:1 MESG:1 OTFT:1 ARTO:1
  elriansaddleshorsepatch.esp (Craftable Saddles from Witcher 3) esl | masters: skyrim.esm | ARMA:1
  gotdragonsstandalone.esp (HotD and GoT Dragons Standalone) esl | masters: skyrim.esm, update.esm, dawnguard.esm, dragonborn.esm | FACT:1 RACE:1 ARMO:1 NPC_:1 WRLD:1 ARMA:1
  incubatedegg.esp (Incubated Eggs SE (esl)) esl | masters: skyrim.esm, update.esm, dawnguard.esm, dragonborn.esm | FACT:1 RACE:1 MGEF:1 SCRL:1 ACTI:1 ARMO:1 CONT:1 INGR:1 NPC_:1 ALCH:1 COBJ:1 PROJ:1 LVLI:1 IDLE:1 EXPL:1 ARMA:1 ARTO:1
  dragonnests.esl (Dragon Nests Of Skyrim) esl | masters: skyrim.esm, update.esm | FACT:1 BOOK:1 CONT:1 INGR:1 NPC_:1 NAVI:1 CELL:1 WRLD:1 DIAL:1 QUST:1 PACK:1 LCTN:1 DLBR:1 DLVW:1 RELA:1 SNDR:1
  dragonnests.esp (Dragon Nests Of Skyrim) | masters: skyrim.esm, update.esm | FACT:1 BOOK:1 CONT:1 INGR:1 NPC_:1 NAVI:1 CELL:1 WRLD:1 DIAL:1 QUST:1 PACK:1 LCTN:1 DLBR:1 DLVW:1 RELA:1 SNDR:1
  anthordragonfix.esp (Mount Anthor Dragon Fix) esl | masters: skyrim.esm, update.esm | WRLD:1
  mihailgiantclubvariety.esp (Giant Club Variety- Mihail Weapons and Shields (SE-AE version)) esl | masters: skyrim.esm, update.esm, dawnguard.esm, hearthfires.esm, dragonborn.esm | RACE:1 STAT:1 WEAP:1 NPC_:1 WRLD:1 IPCT:1 IPDS:1 SNDR:1
  mihailkillerbunny.esp (The Killer Rabbit of Caerbannog- 2023 Easter Special (SE-AE version)) esl | masters: skyrim.esm, update.esm, dawnguard.esm, hearthfires.esm, dragonborn.esm | RACE:1 MGEF:1 SPEL:1 ARMO:1 MSTT:1 NPC_:1 WRLD:1 PACK:1 EXPL:1 ARMA:1 SNDR:1
  newdogsreplacers.esp (New Dogs Replacers SE) esl | masters: skyrim.esm, update.esm, dawnguard.esm, hearthfires.esm, dragonborn.esm | RACE:1 SPEL:1 ARMO:1 NPC_:1 EFSH:1 ARMA:1
  adgts.esp (DMT's All Dogs Go To Sovngarde V3 Pet Overhaul) | masters: skyrim.esm, update.esm, dawnguard.esm, hearthfires.esm, dragonborn.esm, unofficial skyrim special edition patch.esp | GMST:1 TXST:1 FACT:1 RACE:1 MGEF:1 SPEL:1 ARMO:1 BOOK:1 CONT:1 MISC:1 WEAP:1 NPC_:1 KEYM:1 ALCH:1 LVLI:1 NAVI:1 CELL:1 WRLD:1 DIAL:1 QUST:1 PACK:1 FLST:1 IPCT:1 ARMA:1 LCTN:1 RELA:1 SNDR:1
  dog followers are huskies.esp (Dog Followers are Huskies - No Barking - Silent Stealth) esl | masters: skyrim.esm, update.esm, dawnguard.esm | RACE:1 NPC_:1 DIAL:1 SNDR:1
  realistic bears proyect.esl (Realistic Bears Project) esl | masters: skyrim.esm, update.esm | ARMO:1 NPC_:1 LVLN:1 CELL:1 WRLD:1 PACK:1 ARMA:1
  dynamic animal variants plus bears of the north patch.esp (Bears of the North Patches) esl | masters: skyrim.esm, dynamicanimalvariantsplus.esp, bears of the north.esp | ARMA:1
  bears of the north.esp (Bears of the North) esl | masters: skyrim.esm, update.esm, dawnguard.esm, hearthfires.esm, dragonborn.esm | RACE:1 ARMA:1
  mihailwolvesofcyrodiil.esp (Wolves of Cyrodiil - Mihail Monsters and Animals (SE-AE version)) esl | masters: skyrim.esm, update.esm, dawnguard.esm, hearthfires.esm, dragonborn.esm | RACE:1 MGEF:1 SPEL:1 ARMO:1 MISC:1 NPC_:1 COBJ:1 LVLI:1 WRLD:1 PACK:1 ARMA:1 SNDR:1
  dogspid.esp (Diverse Dog Textures - SPID) esl | masters: skyrim.esm | TXST:1 RACE:1 MGEF:1 SPEL:1 ARMO:1 FLST:1 ARMA:1
  dynamicanimalvariantsplus.esp (Dynamic Animal Variants (1.2.2)) esl | masters: skyrim.esm, dragonborn.esm | TXST:1 MGEF:1 SPEL:1 ARMO:1 FLST:1 IPCT:1 IPDS:1 ARMA:1 FSTP:1 FSTS:1 SNDR:1
  dreamuniquedogsse.esp (Dream's Unique Dogs SE) esl | masters: skyrim.esm, update.esm | TXST:1 ARMO:1 NPC_:1 ARMA:1
  simplybiggergiantsandmammoths.esp (Simply Bigger Giants and Mammoths (With fixed hitboxes)) | masters: skyrim.esm, mihailmammoths.esp | RACE:1
  mammoth babies for mournful giant.esp (Mammoth babies for the Mournful Giant) esl | masters: skyrim.esm, dragonborn.esm, mihailmammoths.esp | TXST:1 RACE:1 ARMO:1 NPC_:1 WRLD:1 PACK:1 ARMA:1
  mihailmammothbaby.esp (Baby Mammoths - Mihail Monsters and Animals (SE-AE version)) esl | masters: skyrim.esm, update.esm, dawnguard.esm, hearthfires.esm, dragonborn.esm | RACE:1 ARMO:1 NPC_:1 WRLD:1 ARMA:1
  mihailmammoths.esp (Mammoth Expansion - Mihail Monsters and Animals (SE-AE version) (''megafauna'')) esl | masters: skyrim.esm, update.esm, dawnguard.esm, hearthfires.esm, dragonborn.esm | RACE:1 SPEL:1 ARMO:1 CONT:1 MISC:1 STAT:1 NPC_:1 ALCH:1 WRLD:1 ARMA:1
  hsfbabydragon.esp (Baby Dragon - A Pet Follower) esl | masters: skyrim.esm, update.esm, dragonborn.esm | GLOB:1 RACE:1 MGEF:1 SPEL:1 ARMO:1 BOOK:1 NPC_:1 WRLD:1 DIAL:1 QUST:1 PACK:1 CSTY:1 EXPL:1 FLST:1 VTYP:1 ARMA:1 MESG:1 DLBR:1 ARTO:1
  bodyhairslider.esp (Heartbreaker - Male CS Advanced Skin) esl | masters: skyrim.esm, racemenu.esp, racemenuplugin.esp | QUST:1
  eyeimprovements.esp (Heartbreaker - Male CS Advanced Skin) esl | masters: skyrim.esm, update.esm, dawnguard.esm | TXST:1 HDPT:1
  maleskinimprovements.esp (Heartbreaker - Male CS Advanced Skin) esl | masters: skyrim.esm | TXST:1 FLST:1 ARMA:1
  sos - smurf average addon.esp (SavrenX Schlong of SAM) | masters: skyrim.esm, update.esm, schlongs of skyrim - core.esm | TXST:1 GLOB:1 FACT:1 MGEF:1 ARMO:1 ALCH:1 QUST:1 FLST:1 ARMA:1
  schlongs of skyrim - core.esm (SavrenX Schlong of SAM) esm | masters: skyrim.esm, update.esm | KYWD:1 LVLI:1 FLST:1
  schlongs of skyrim.esp (SavrenX Schlong of SAM) | masters: skyrim.esm, update.esm, schlongs of skyrim - core.esm | TXST:1 GLOB:1 FACT:1 MGEF:1 SPEL:1 ARMO:1 ALCH:1 LVLI:1 DIAL:1 QUST:1 FLST:1 PERK:1 ARMA:1 MESG:1 DLBR:1
  sos - vectorplexus muscular addon.esp (SavrenX Schlong of SAM) | masters: skyrim.esm, update.esm, schlongs of skyrim - core.esm | TXST:1 GLOB:1 FACT:1 MGEF:1 ARMO:1 ALCH:1 QUST:1 FLST:1 ARMA:1
  sos - vectorplexus regular addon.esp (SavrenX Schlong of SAM) | masters: skyrim.esm, update.esm, schlongs of skyrim - core.esm | TXST:1 GLOB:1 FACT:1 MGEF:1 ARMO:1 ALCH:1 QUST:1 FLST:1 ARMA:1
  himbo.esp (Highly Improved Male Body Overhaul) esl | masters: skyrim.esm | ARMA:1
  racemenumorphshimbo.esp (Highly Improved Male Body Overhaul) esl | masters: - | QUST:1
  mujointfixtoggleslandostim.esp (Mu Joint Fix) esl | masters: - | QUST:1
  xpmse.esp (XP32 Maximum Skeleton Special Extended) | masters: skyrim.esm | GMST:1 KYWD:1 MGEF:1 SPEL:1 QUST:1 FLST:1
  khajiitpaw.esp (Khajiit Paw (Digitigrade looking feet)) | masters: skyrim.esm, update.esm, dawnguard.esm, hearthfires.esm, dragonborn.esm, unofficial skyrim special edition patch.esp | TXST:1 ARMO:1 ARMA:1
  khajiit3dbodyfur.esp (Khajiit Fluffy Fur Body HIMBO and 3BA) esl | masters: skyrim.esm, update.esm, dawnguard.esm, dragonborn.esm, unofficial skyrim special edition patch.esp | TXST:1 ARMO:1 ARMA:1
  fluffy khajiit 2 32 sos.esp (Fluffy Khajiit 2 Himbo) | masters: skyrim.esm | TXST:1 ARMO:1 ARMA:1
  fluffy khajiit32.esp (Fluffy Khajiit CBBE 3BA) esl | masters: skyrim.esm, update.esm, dawnguard.esm, hearthfires.esm, dragonborn.esm | TXST:1 HDPT:1 ARMO:1 ARMA:1
  skyrimoutfitequipmentsystemng.esp (Skyrim Outfit Equipment System NG) esl | masters: skyrim.esm, update.esm | MGEF:1 SPEL:1 CELL:1 QUST:1
  jr_obody_cbpchotswap.esp (OBody HotSwap - CBPC presets for OBody) esl | masters: skyrim.esm, obody.esp | FACT:1 QUST:1
  obody.esp (OBody Next Generation) esl | masters: skyrim.esm | FACT:1 ARMO:1 QUST:1 ARMA:1
  [dint999] nails+.esp ([Dint999] Magic Nails (SE)) | masters: skyrim.esm | KYWD:1 MGEF:1 SPEL:1 BOOK:1 LIGH:1 ARTO:1
  koralina's cotr details.esp (Koralina's Face Details for COtR) esl | masters: - | QUST:1
  bnp__cor_skin.esp (BnP - COtR faces) | masters: skyrim.esm, update.esm, dawnguard.esm, racecompatibility.esm, cor_allrace.esp | TXST:1 HDPT:1 RACE:1
  cotr - eye fixes.esp (COTR Overhaul) | masters: skyrim.esm, update.esm, dawnguard.esm, racecompatibility.esm, cor_allrace.esp | HDPT:1
  cor_allrace.esp (COtR - HQ Characters creation addon for RM) | masters: skyrim.esm, update.esm, dawnguard.esm, racecompatibility.esm | TXST:1 HDPT:1 RACE:1 ARMO:1 NPC_:1 DIAL:1 QUST:1 FLST:1 ARMA:1 CLFM:1
  high poly head.esm (High Poly Head SE) esm esl | masters: skyrim.esm, dawnguard.esm | HDPT:1
  3bbb.esp (CBBE 3BA) esl | masters: skyrim.esm, update.esm | GMST:1 KYWD:1 MGEF:1 SPEL:1 ARMO:1 QUST:1 FLST:1 ARMA:1 DOBJ:1
  racemenumorphscbbe.esp (CBBE 3BA) | masters: skyrim.esm | QUST:1
  cbbe.esp (Caliente's Beautiful Bodies Enhancer -CBBE-) esl | masters: skyrim.esm, update.esm, dawnguard.esm, dragonborn.esm | TXST:1
  racemenumorphscbbe.esp (Caliente's Beautiful Bodies Enhancer -CBBE-) | masters: skyrim.esm | QUST:1
  sleeping expanded.esp (Sleeping Expanded - Animations and NPC reactions) esl | masters: skyrim.esm, update.esm, dawnguard.esm, dragonborn.esm | DIAL:1 QUST:1
  dd-no spinning death animation.esp (No Spinning Death Animation SE) esl | masters: skyrim.esm | IDLE:1
  himbobodyhairoverlay.esp (HIMBO V3 Bodyhair Overlays for Racemenu) esl | masters: - | QUST:1
  (sdz21) tramp stamp cbbe 3ba.esp (Tramp Stamp - Racemenu Overlays - Tramp Stamp (CBBE 3BA)) esl | masters: skyrim.esm | QUST:1
  slavetats.esp (Slave Tats SE) esl | masters: - | MGEF:1 SPEL:1 MISC:1 CELL:1 QUST:1 FLST:1 CLFM:1
  incaendooverlays.esp (Incaendo's Overlays) esl | masters: - | QUST:1
  lyrutat.esp (Lyru's Tattoo pack collection) esl | masters: - | QUST:1
  lyrutat2.esp (Lyru's Tattoo pack collection 2) esl | masters: skyrim.esm | QUST:1
  koralina's cotr makeup female.esp (Koralina's Makeup for COtR) esl | masters: - | QUST:1
  koralina's cotr makeup male.esp (Koralina's Makeup for COtR) esl | masters: - | QUST:1
  kmlmakeupsuite.esp (KML Makeup Suite - Female Eyeliners Eyeshadows Blushes) esl | masters: - | QUST:1
  stojamakeuppack.esp (Stoja's Warpaints High Resolution Makeup Kit for Skyrim (Special Edition)) esl | masters: - | QUST:1
  exmakeup.esp (Extended Makeup and Features) esl | masters: skyrim.esm | QUST:1
  pocky punk's make up addon_females.esp (Pocky's 4k human female makeup) esl | masters: - | QUST:1
  fms_femalemakeupsuite.esp (Female Makeup Suite - Face - RaceMenu Overlays of Eyeliner EyeShadow Contours and Highlights - Special Edition) esl | masters: - | QUST:1
  havokslippatterns.esp (Havok's Racemenu Makeup Overlays (Lipstick)) esl | masters: - | QUST:1
  sakora's make over kit for skse64.esp (Sakora's Make Over Kit - SKSE64) esl | masters: - | QUST:1
  kai's lipstick.esl (Xara's Makeup and Warpaints SE) esl | masters: skyrim.esm | QUST:1
  audsgothgirls.esp (Auds Goth Girls) esl | masters: - | QUST:1
  h.u.e - natural eyes.esl (H.U.E - Natural Eyes) esl | masters: skyrim.esm | TXST:1 HDPT:1
  simplevampfixessse.esl (SUEMR SSE-Eye Mesh Fixes) esl | masters: skyrim.esm, update.esm, dawnguard.esm | HDPT:1
  the eyes of beauty - revamped - male.esp (The Eyes of Beauty - Revamped 2k) esl | masters: skyrim.esm, the eyes of beauty - revamped.esp | HDPT:1
  the eyes of beauty - revamped.esp (The Eyes of Beauty - Revamped 2k) esl | masters: skyrim.esm | TXST:1 HDPT:1
  hue_standalone_2.esp (H.U.E - Handmade Unique Eyes SE 2.0 - Standalone) | masters: skyrim.esm, update.esm | TXST:1 HDPT:1
  cor sv beards.esp (Charmers of the Reach SV Beards SE for COtR - HQ Characters creation addon) | masters: skyrim.esm, update.esm, dawnguard.esm, racecompatibility.esm, cor_allrace.esp | TXST:1 HDPT:1
  naturalpubichairstyles.esp (Natural Pubic Hairstyles) esl | masters: skyrim.esm | QUST:1
  tre_brows2_hp.esp (TRE Brows 2 - New Brow Textures) esl | masters: skyrim.esm, update.esm | TXST:1 HDPT:1
  opubes.esp (OPubes NG - NPC Pubes Distributor) esl | masters: skyrim.esm | QUST:1 MESG:1
  kaliliesbrows.esp (Kalilies Brows) esl | masters: skyrim.esm, update.esm | TXST:1 HDPT:1
  hph sv beards.esp (High Poly Head SV Beards) | masters: skyrim.esm, update.esm, dawnguard.esm, high poly head.esm | HDPT:1
  beards.esp (Beards by Hvergelmir for High Poly Head) esl | masters: skyrim.esm | HDPT:1
  brows.esp (Hvergelmir's Aesthetics - Brows) | masters: skyrim.esm | TXST:1 HDPT:1
  beards.esp (Hvergelmir's Aesthetics - Beards) | masters: skyrim.esm | HDPT:1
  ultra realistic hair colors.esp (Ultra Realistic Hair Colors Replacer) esl | masters: skyrim.esm, update.esm, dawnguard.esm | CLFM:1
  kshairdossmp.esp (3BA Collision Bodyslides for KS Hairdos - HDT SMP (Physics)) esl | masters: skyrim.esm, update.esm | HDPT:1
  kshairdossmp.esp (KS Hairdos - HDT SMP (Physics)) esl | masters: skyrim.esm, update.esm | HDPT:1
  [dint999] hairpack02 a (female).esp ([Dint999] HairPack02 SSE) esl | masters: skyrim.esm | TXST:1 HDPT:1 ARMO:1 BOOK:1 COBJ:1 CELL:1 ARMA:1
  [dint999] hairpack02 b (female).esp ([Dint999] HairPack02 SSE) esl | masters: skyrim.esm | TXST:1 HDPT:1 ARMO:1 BOOK:1 COBJ:1 CELL:1 ARMA:1
  [dint999] bdor_hairstyles.esp ([Dint999] BDOR Hairs SSE) | masters: skyrim.esm | TXST:1 HDPT:1 ARMO:1 BOOK:1 COBJ:1 ARMA:1
  apachiihair.esm (ApachiiSky Hair SSE) esm | masters: skyrim.esm, update.esm | HDPT:1
  apachiihairmales.esm (ApachiiSky Hair SSE) esm | masters: skyrim.esm, update.esm | HDPT:1
  ks hairdo's.esp (KS Hairdos SSE) | masters: skyrim.esm, update.esm | HDPT:1
  expressive facegen morphs.esl (Expressive Facegen Morphs SE) esl | masters: - | 
  karura's thieves guild refined.esp (Karura's Thieves Guild Refined) esl | masters: skyrim.esm | TXST:1 HDPT:1 ARMO:1 NPC_:1 ARMA:1
  botox se - helgen reborn.esp (Botox For Skyrim SE) esl | masters: skyrim.esm, update.esm, helgen reborn.esp, botox se.esp | 
  botox se.esp (Botox For Skyrim SE) esl | masters: skyrim.esm, update.esm | 
  lionheart - serkethetyt's mjoll overhaul.esp (Lionheart - SerketHetyt's Mjoll Overhaul) esl | masters: skyrim.esm | TXST:1 HDPT:1 ARMO:1 NPC_:1 ARMA:1
  sanguis noxius - serkethetyt's harkon & valerica overhaul.esp (Sanguis Noxius - SerketHetyt's Harkon and Valerica Overhaul) esl | masters: skyrim.esm, update.esm, dawnguard.esm | TXST:1 HDPT:1 ARMO:1 NPC_:1 ARMA:1
  0brynjolfreplacer.esp (Brynjolf NPC Overhaul) esl | masters: skyrim.esm | TXST:1 HDPT:1 RACE:1 ARMO:1 NPC_:1 FLST:1 ARMA:1
  beef unending - a civil war replacer.esp (Beef Unending - A Civil War Replacer) esl | masters: skyrim.esm, update.esm, unofficial skyrim special edition patch.esp | KYWD:1 TXST:1 HDPT:1 ARMO:1 NPC_:1 ARMA:1
  betterdressedkids.esp (Better Dressed Kids - Willybach Textures SPID) esl | masters: skyrim.esm | TXST:1 ARMO:1 LVLI:1 ARMA:1 OTFT:1
  realisticrschildren.esp (Realistic RS Children Overhaul) esl | masters: skyrim.esm, update.esm, dawnguard.esm, hearthfires.esm, dragonborn.esm, unofficial skyrim special edition patch.esp, rskyrimchildren.esm | TXST:1 HDPT:1 NPC_:1
  rrsc-helgenreborn-patch.esp (Realistic RS Children Overhaul) esl | masters: skyrim.esm, update.esm, dawnguard.esm, hearthfires.esm, dragonborn.esm, unofficial skyrim special edition patch.esp, rskyrimchildren.esm, helgen reborn.esp, realisticrschildren.esp | NPC_:1
  rschildren.esp (RS Children -- Red Kid Redemption --) esl | masters: skyrim.esm, update.esm, hearthfires.esm, dragonborn.esm, rskyrimchildren.esm, unofficial skyrim special edition patch.esp | HDPT:1 RACE:1 ARMO:1 NPC_:1 ARMA:1
  rskyrimchildren.esm (RS Children -- Red Kid Redemption --) esm | masters: skyrim.esm, hearthfires.esm, dragonborn.esm | TXST:1 HDPT:1 RACE:1 ARMO:1 NPC_:1 QUST:1 FLST:1 ARMA:1 OTFT:1
  rschildren.esp (RS Children Overhaul) | masters: skyrim.esm, update.esm, hearthfires.esm, dragonborn.esm, rskyrimchildren.esm, unofficial skyrim special edition patch.esp | RACE:1 ARMO:1 NPC_:1 ARMA:1
  rskyrimchildren.esm (RS Children Overhaul) esm | masters: skyrim.esm, hearthfires.esm, dragonborn.esm | TXST:1 HDPT:1 RACE:1 ARMO:1 NPC_:1 QUST:1 FLST:1 ARMA:1 OTFT:1
  children of the hist.esp (Children of the Hist - An Argonian NPC Overhaul) esl | masters: skyrim.esm, update.esm, dragonborn.esm | TXST:1 HDPT:1 ARMO:1 NPC_:1 ARMA:1 OTFT:1
  betterargonianhorns.esp (Better Argonian Horns) esl | masters: skyrim.esm, update.esm | HDPT:1 NPC_:1
  pan_aio_big.esp (Pandorable's big overhauls AIO) | masters: skyrim.esm, update.esm, dawnguard.esm, hearthfires.esm, dragonborn.esm | TXST:1 HDPT:1 NPC_:1 RELA:1 OTFT:1
  pan_npcs_males3.esp (Pandorable's NPCs - Males 3) | masters: skyrim.esm, update.esm, hearthfires.esm | HDPT:1 NPC_:1 OTFT:1
  pan_npcs_males2.esp (Pandorable's NPCs - Males 2) | masters: skyrim.esm, update.esm, dawnguard.esm, hearthfires.esm, dragonborn.esm, unofficial skyrim special edition patch.esp | TXST:1 HDPT:1 NPC_:1 OTFT:1
  pan_npcs_males.esp (Pandorable's NPCs - Males) | masters: skyrim.esm, update.esm, dawnguard.esm, hearthfires.esm, dragonborn.esm, unofficial skyrim special edition patch.esp | HDPT:1 NPC_:1 OTFT:1
  pan_npcs_db.esp (Pandorable's NPCs - Dragonborn) | masters: skyrim.esm, update.esm, dragonborn.esm, unofficial skyrim special edition patch.esp | HDPT:1 NPC_:1
  pan_npcs_dg.esp (Pandorable's NPCs - Dawnguard) | masters: skyrim.esm, update.esm, dawnguard.esm, unofficial skyrim special edition patch.esp | TXST:1 HDPT:1 NPC_:1
  pan_npcs.esp (Pandorable's NPCs) | masters: skyrim.esm, update.esm, unofficial skyrim special edition patch.esp | HDPT:1 NPC_:1 RELA:1
  kaliliesnpcs.esp (Kalilies NPCs AI Overhaul Patch) esl | masters: skyrim.esm, update.esm, dawnguard.esm, hearthfires.esm, dragonborn.esm, unofficial skyrim special edition patch.esp, ai overhaul.esp | HDPT:1 ARMO:1 NPC_:1 LVLI:1 ARMA:1 OTFT:1
  mihailcliffracer_fly.esp (Cliff Racers Fly So High- Mihail Monsters and Animals (SE-AE version)) esl | masters: skyrim.esm, update.esm, dawnguard.esm, hearthfires.esm, dragonborn.esm | RACE:1 MGEF:1 SPEL:1 ACTI:1 ARMO:1 CONT:1 INGR:1 NPC_:1 ALCH:1 COBJ:1 RFCT:1 WRLD:1 PACK:1 ARMA:1 ARTO:1 SNDR:1
  greyratreplacer.esp ((ESL) Rats for Skeevers Replacement SE) esl | masters: skyrim.esm, update.esm | RACE:1 INGR:1 FLOR:1 NPC_:1 ALCH:1 ARMA:1
  replacersewerratsbrownblack.esp ((ESL) Rats for Skeevers Replacement SE) esl | masters: skyrim.esm, update.esm | INGR:1 NPC_:1 ALCH:1 ARMA:1
  insects begone - saints and seducers.esp (Insects Begone REDUX) esl | masters: skyrim.esm, update.esm, dragonborn.esm, ccbgssse025-advdsgs.esm | NPC_:1
  zzjay butterflies - saints and seducers patch.esp (Butterfly Improved by zzjay - SE) esl | masters: skyrim.esm, ccbgssse025-advdsgs.esm | TXST:1
  butterflies.esp (Butterflies Land True) esl | masters: skyrim.esm, update.esm, dawnguard.esm, hearthfires.esm, dragonborn.esm | CELL:1 WRLD:1 FLST:1
  skysan_icicle.esp (Transparent and refracting Icicle and Frost Atronach) esl | masters: skyrim.esm, update.esm, dawnguard.esm | STAT:1
  hagravenskinshaders.esp (Realistic Skin Shaders - Falmer and Hagravens) esl | masters: skyrim.esm | TXST:1 ARMA:1
  praedysskeletons.esl (Skeleton Replacer HD) esl | masters: skyrim.esm, update.esm, dawnguard.esm, hearthfires.esm, dragonborn.esm | ARMO:1 ARMA:1
  giantsaregiants.esp (Giants Are GIANTS) | masters: skyrim.esm, update.esm, dawnguard.esm | KYWD:1 CLAS:1 FACT:1 RACE:1 MGEF:1 ENCH:1 SPEL:1 ARMO:1 INGR:1 MISC:1 WEAP:1 NPC_:1 LVLN:1 ALCH:1 LVLI:1 CSTY:1 EXPL:1 PERK:1 ARMA:1 MOVT:1
  mihailrooster.esp (Roosters- Mihail Monsters and Animals (SE-AE version) (''chicken'')) esl | masters: skyrim.esm, update.esm, dawnguard.esm, hearthfires.esm, dragonborn.esm | RACE:1 ARMO:1 NPC_:1 WRLD:1 ARMA:1 SNDR:1
  trollvariance.esp (Troll Variance) esl | masters: skyrim.esm | RACE:1 ARMO:1 NPC_:1 LVLN:1 CELL:1 WRLD:1 ARMA:1
  mihailcyrodilictroll.esp (Trolls of Cyrodiil - Mihail Monsters and Animals (SE-AE version)) esl | masters: skyrim.esm, update.esm, dawnguard.esm, hearthfires.esm, dragonborn.esm | RACE:1 ARMO:1 NPC_:1 WRLD:1 ARMA:1
  revision.esp (Skyrim RE-Vision) esl | masters: skyrim.esm, update.esm, dawnguard.esm, hearthfires.esm, dragonborn.esm | NAVI:1 WRLD:1
  skyrim remastering.esp (Skyrim RE-Vision) | masters: skyrim.esm, update.esm, dawnguard.esm, hearthfires.esm, dragonborn.esm | NAVI:1 WRLD:1
  wizkid specific signs.esp (WiZkiD Specific Signs) esl | masters: skyrim.esm | ACTI:1 MSTT:1
  wizkid signs - birnasoddments addon.esp (WiZkiD Signs) esl | masters: skyrim.esm | STAT:1 MSTT:1 WRLD:1
  mnwallbasketsse.esp (Nordic Carving - Wallbaskets SE) | masters: skyrim.esm, update.esm, dragonborn.esm | TXST:1 CONT:1 MISC:1 STAT:1 LVLI:1 CELL:1
  benny'sshelter.esp (Project Legacy) | masters: skyrim.esm, update.esm, dawnguard.esm, hearthfires.esm, dragonborn.esm | KYWD:1 TXST:1 GLOB:1 CLAS:1 RACE:1 MGEF:1 ENCH:1 SPEL:1 ACTI:1 ARMO:1 BOOK:1 CONT:1 LIGH:1 MISC:1 STAT:1 FURN:1 NPC_:1 ALCH:1 COBJ:1 PROJ:1 NAVI:1 CELL:1 WRLD:1 QUST:1 PACK:1 IMAD:1 FLST:1 PERK:1 ARMA:1 LCTN:1 MESG:1 RELA:1
  fam face shrine.esp (Project Legacy) | masters: skyrim.esm, project legacy.esp, vmyc_meetyourcharacters.esp | ACTI:1 LIGH:1 STAT:1 MSTT:1 CELL:1 LCTN:1
  pl_recipes.esp (Project Legacy) | masters: project legacy.esp, skyrim.esm, dawnguard.esm, dragonborn.esm, hearthfires.esm | COBJ:1
  project legacy.esp (Project Legacy) | masters: skyrim.esm, update.esm, dawnguard.esm, hearthfires.esm, dragonborn.esm | KYWD:1 TXST:1 GLOB:1 CLAS:1 RACE:1 SOUN:1 MGEF:1 ENCH:1 SPEL:1 ACTI:1 ARMO:1 BOOK:1 CONT:1 LIGH:1 MISC:1 STAT:1 MSTT:1 FURN:1 NPC_:1 ALCH:1 COBJ:1 PROJ:1 RFCT:1 NAVI:1 CELL:1 WRLD:1 QUST:1 PACK:1 CSTY:1 EFSH:1 EXPL:1 IMGS:1 IMAD:1 FLST:1 PERK:1 ADDN:1 ARMA:1 LCTN:1 MESG:1 RELA:1 ARTO:1 SNDR:1
  project legacy.esp (Project Legacy) | masters: skyrim.esm, update.esm, dawnguard.esm, hearthfires.esm, dragonborn.esm, vmyc_meetyourcharacters.esp | KYWD:1 TXST:1 GLOB:1 CLAS:1 RACE:1 MGEF:1 ENCH:1 SPEL:1 ACTI:1 ARMO:1 BOOK:1 CONT:1 LIGH:1 MISC:1 STAT:1 MSTT:1 FURN:1 NPC_:1 ALCH:1 COBJ:1 PROJ:1 RFCT:1 NAVI:1 CELL:1 WRLD:1 QUST:1 PACK:1 CSTY:1 EFSH:1 EXPL:1 IMAD:1 FLST:1 PERK:1 ARMA:1 LCTN:1 MESG:1 RELA:1 ARTO:1
  adtrueflame.esl (Project Legacy) esl | masters: skyrim.esm, update.esm | MGEF:1 ENCH:1 SPEL:1 STAT:1 WEAP:1 COBJ:1 CELL:1 EFSH:1 ARTO:1
  wights.esp (Project Legacy) | masters: skyrim.esm | SOUN:1 MGEF:1 SPEL:1 BOOK:1 WRLD:1 LSCR:1 PERK:1 SNDR:1
  vmyc_meetyourcharacters.esp (Project Legacy) | masters: skyrim.esm, update.esm | KYWD:1 TXST:1 GLOB:1 FACT:1 RACE:1 SOUN:1 ASPC:1 ACTI:1 ARMO:1 BOOK:1 LIGH:1 MISC:1 STAT:1 MSTT:1 NPC_:1 WTHR:1 RFCT:1 CELL:1 WRLD:1 QUST:1 PACK:1 CSTY:1 EFSH:1 EXPL:1 IMAD:1 FLST:1 ADDN:1 LCTN:1 MESG:1 SMQN:1 SHOU:1 RELA:1 ARTO:1 SNDR:1
  project legacy.esp (Project Legacy) | masters: skyrim.esm, update.esm, dawnguard.esm, hearthfires.esm, dragonborn.esm | KYWD:1 TXST:1 GLOB:1 CLAS:1 RACE:1 SOUN:1 MGEF:1 ENCH:1 SPEL:1 ACTI:1 ARMO:1 BOOK:1 CONT:1 LIGH:1 MISC:1 STAT:1 MSTT:1 FURN:1 NPC_:1 ALCH:1 COBJ:1 PROJ:1 RFCT:1 NAVI:1 CELL:1 WRLD:1 QUST:1 PACK:1 CSTY:1 EFSH:1 EXPL:1 IMGS:1 IMAD:1 FLST:1 PERK:1 ADDN:1 ARMA:1 LCTN:1 MESG:1 RELA:1 ARTO:1 SNDR:1
  project legacy with hall.esp (Project Legacy) | masters: skyrim.esm, update.esm, dawnguard.esm, hearthfires.esm, dragonborn.esm, vmyc_meetyourcharacters.esp | KYWD:1 TXST:1 GLOB:1 CLAS:1 RACE:1 ASPC:1 MGEF:1 ENCH:1 SPEL:1 ACTI:1 ARMO:1 BOOK:1 CONT:1 LIGH:1 MISC:1 STAT:1 MSTT:1 FURN:1 NPC_:1 ALCH:1 COBJ:1 PROJ:1 RFCT:1 NAVI:1 CELL:1 WRLD:1 QUST:1 PACK:1 CSTY:1 EFSH:1 EXPL:1 IMAD:1 FLST:1 PERK:1 ARMA:1 LCTN:1 MESG:1 RELA:1 ARTO:1
  project legacy.esp (Project Legacy) | masters: skyrim.esm, update.esm, dawnguard.esm, hearthfires.esm, dragonborn.esm | KYWD:1 TXST:1 GLOB:1 CLAS:1 RACE:1 MGEF:1 ENCH:1 SPEL:1 ACTI:1 ARMO:1 BOOK:1 CONT:1 LIGH:1 MISC:1 STAT:1 MSTT:1 FURN:1 NPC_:1 ALCH:1 COBJ:1 PROJ:1 RFCT:1 NAVI:1 CELL:1 WRLD:1 QUST:1 PACK:1 CSTY:1 EFSH:1 EXPL:1 IMAD:1 FLST:1 PERK:1 ARMA:1 LCTN:1 MESG:1 RELA:1 ARTO:1
  project legacy backup.esp (Project Legacy) | masters: skyrim.esm, update.esm, dawnguard.esm, hearthfires.esm, dragonborn.esm | KYWD:1 TXST:1 GLOB:1 CLAS:1 RACE:1 MGEF:1 ENCH:1 SPEL:1 ACTI:1 ARMO:1 BOOK:1 CONT:1 LIGH:1 MISC:1 STAT:1 MSTT:1 FURN:1 NPC_:1 ALCH:1 COBJ:1 PROJ:1 RFCT:1 NAVI:1 CELL:1 WRLD:1 QUST:1 PACK:1 CSTY:1 EFSH:1 EXPL:1 IMAD:1 FLST:1 PERK:1 ARMA:1 LCTN:1 MESG:1 RELA:1 ARTO:1
  project legacy.esp (Project Legacy) | masters: skyrim.esm, update.esm, dawnguard.esm, hearthfires.esm, dragonborn.esm | KYWD:1 TXST:1 GLOB:1 CLAS:1 RACE:1 SOUN:1 MGEF:1 ENCH:1 SPEL:1 ACTI:1 ARMO:1 BOOK:1 CONT:1 LIGH:1 MISC:1 STAT:1 MSTT:1 FURN:1 NPC_:1 ALCH:1 COBJ:1 PROJ:1 RFCT:1 NAVI:1 CELL:1 WRLD:1 QUST:1 PACK:1 CSTY:1 EFSH:1 EXPL:1 IMGS:1 IMAD:1 FLST:1 PERK:1 ADDN:1 ARMA:1 LCTN:1 MESG:1 RELA:1 ARTO:1 SNDR:1
  project legacy with hall.esp (Project Legacy) | masters: skyrim.esm, update.esm, dawnguard.esm, hearthfires.esm, dragonborn.esm, vmyc_meetyourcharacters.esp | KYWD:1 TXST:1 GLOB:1 CLAS:1 RACE:1 ASPC:1 MGEF:1 ENCH:1 SPEL:1 ACTI:1 ARMO:1 BOOK:1 CONT:1 LIGH:1 MISC:1 STAT:1 MSTT:1 FURN:1 NPC_:1 ALCH:1 COBJ:1 PROJ:1 RFCT:1 NAVI:1 CELL:1 WRLD:1 QUST:1 PACK:1 CSTY:1 EFSH:1 EXPL:1 IMAD:1 FLST:1 PERK:1 ARMA:1 LCTN:1 MESG:1 RELA:1 ARTO:1
  project legacy.esp (Project Legacy) | masters: skyrim.esm, update.esm, dawnguard.esm, hearthfires.esm, dragonborn.esm | KYWD:1 TXST:1 GLOB:1 CLAS:1 RACE:1 MGEF:1 ENCH:1 SPEL:1 ACTI:1 ARMO:1 BOOK:1 CONT:1 LIGH:1 MISC:1 STAT:1 MSTT:1 FURN:1 NPC_:1 ALCH:1 COBJ:1 PROJ:1 RFCT:1 NAVI:1 CELL:1 WRLD:1 QUST:1 PACK:1 CSTY:1 EFSH:1 EXPL:1 IMAD:1 FLST:1 PERK:1 ARMA:1 LCTN:1 MESG:1 RELA:1 ARTO:1
  project legacy backup.esp (Project Legacy) | masters: skyrim.esm, update.esm, dawnguard.esm, hearthfires.esm, dragonborn.esm | KYWD:1 TXST:1 GLOB:1 CLAS:1 RACE:1 MGEF:1 ENCH:1 SPEL:1 ACTI:1 ARMO:1 BOOK:1 CONT:1 LIGH:1 MISC:1 STAT:1 MSTT:1 FURN:1 NPC_:1 ALCH:1 COBJ:1 PROJ:1 RFCT:1 NAVI:1 CELL:1 WRLD:1 QUST:1 PACK:1 CSTY:1 EFSH:1 EXPL:1 IMAD:1 FLST:1 PERK:1 ARMA:1 LCTN:1 MESG:1 RELA:1 ARTO:1
  benny'sshelter.esp (Project Legacy) | masters: skyrim.esm, update.esm, dawnguard.esm, hearthfires.esm, dragonborn.esm, ccqdrsse001-survivalmode.esl | KYWD:1 TXST:1 GLOB:1 CLAS:1 RACE:1 MGEF:1 ENCH:1 SPEL:1 ACTI:1 ARMO:1 BOOK:1 CONT:1 MISC:1 STAT:1 FURN:1 NPC_:1 ALCH:1 COBJ:1 NAVI:1 CELL:1 WRLD:1 QUST:1 IMAD:1 FLST:1 PERK:1 ARMA:1 LCTN:1 MESG:1
  project legacy.esp (Project Legacy) | masters: skyrim.esm, update.esm, dawnguard.esm, hearthfires.esm, dragonborn.esm, vmyc_meetyourcharacters.esp | KYWD:1 TXST:1 GLOB:1 CLAS:1 RACE:1 MGEF:1 ENCH:1 SPEL:1 ACTI:1 ARMO:1 BOOK:1 CONT:1 LIGH:1 MISC:1 STAT:1 MSTT:1 FURN:1 NPC_:1 ALCH:1 IDLM:1 COBJ:1 PROJ:1 RFCT:1 NAVI:1 CELL:1 WRLD:1 DIAL:1 QUST:1 PACK:1 CSTY:1 EFSH:1 EXPL:1 IMAD:1 FLST:1 PERK:1 ARMA:1 LCTN:1 MESG:1 DLBR:1 DLVW:1 RELA:1 ARTO:1
  rnf-dwemer armory.esp (Dwemer Armory) | masters: skyrim.esm, update.esm, hearthfires.esm, dragonborn.esm | FACT:1 MGEF:1 SPEL:1 ACTI:1 BOOK:1 CONT:1 DOOR:1 MISC:1 MSTT:1 NPC_:1 ALCH:1 NAVI:1 CELL:1 WRLD:1
  thescarlett.esp (The Scarlett - A Buildable Ship (SE)) | masters: skyrim.esm, update.esm, hearthfires.esm, dragonborn.esm, dawnguard.esm | KYWD:1 TXST:1 FACT:1 MGEF:1 SPEL:1 ACTI:1 BOOK:1 CONT:1 DOOR:1 MISC:1 STAT:1 FURN:1 NPC_:1 KEYM:1 COBJ:1 NAVI:1 CELL:1 WRLD:1 QUST:1 PACK:1 FLST:1 LCTN:1 MESG:1 LGTM:1 RELA:1 OTFT:1
  lvxmagick - skyrim - settlement builder - expansion pack - 01.esp (Skyrim - Settlement Builder - Expansion Pack) | masters: skyrim.esm, update.esm, dawnguard.esm, hearthfires.esm, dragonborn.esm, lvxmagick - skyrim - settlement builder.esm | GMST:1 TXST:1 FACT:1 MGEF:1 SPEL:1 ACTI:1 CONT:1 MISC:1 STAT:1 FURN:1 COBJ:1 PROJ:1 LVLI:1 NAVI:1 CELL:1 WRLD:1 FLST:1 MESG:1
  lvxmagick - skyrim - settlement builder.esm (Skyrim - Settlement Builder) esm | masters: skyrim.esm, update.esm, dawnguard.esm, hearthfires.esm, dragonborn.esm | GMST:1 KYWD:1 TXST:1 GLOB:1 FACT:1 SOUN:1 MGEF:1 ENCH:1 SPEL:1 ACTI:1 ARMO:1 BOOK:1 CONT:1 DOOR:1 LIGH:1 MISC:1 STAT:1 MSTT:1 TREE:1 FLOR:1 FURN:1 NPC_:1 ALCH:1 COBJ:1 PROJ:1 LVLI:1 NAVI:1 CELL:1 WRLD:1 DIAL:1 QUST:1 FLST:1 PERK:1 ARMA:1 MESG:1 RELA:1 ARTO:1 SNDR:1
  esv-di8842-patch-grass-silverstead.esp (Silverstead Grass Patch) esl | masters: skyrim.esm, update.esm, dawnguard.esm, hearthfires.esm, dragonborn.esm, silverstead.esp | WRLD:1
  silverstead.esp (Silverstead (SE)) | masters: skyrim.esm, update.esm, hearthfires.esm, dragonborn.esm, dawnguard.esm | KYWD:1 TXST:1 FACT:1 MGEF:1 SPEL:1 ACTI:1 BOOK:1 CONT:1 DOOR:1 MISC:1 STAT:1 MSTT:1 FURN:1 NPC_:1 KEYM:1 COBJ:1 NAVI:1 CELL:1 WRLD:1 PACK:1 FLST:1 LCTN:1 MESG:1 LGTM:1 RELA:1 OTFT:1
  morskom.esp (Mörskom Estate) | masters: skyrim.esm, update.esm, dawnguard.esm, hearthfires.esm, dragonborn.esm | KYWD:1 TXST:1 GLOB:1 FACT:1 SOUN:1 MGEF:1 LTEX:1 ENCH:1 SPEL:1 SCRL:1 ACTI:1 ARMO:1 BOOK:1 CONT:1 DOOR:1 LIGH:1 MISC:1 STAT:1 MSTT:1 TREE:1 FLOR:1 FURN:1 NPC_:1 KEYM:1 ALCH:1 COBJ:1 LVLI:1 WTHR:1 NAVI:1 CELL:1 WRLD:1 DIAL:1 QUST:1 PACK:1 WATR:1 EXPL:1 IMGS:1 FLST:1 ARMA:1 LCTN:1 MESG:1 MUSC:1 DLBR:1 MUST:1 DLVW:1 MATO:1 SNDR:1
  breezehome_fully_upgraded_group_bathing.esp (Breezehome Fully Upgraded for Group Bathing) | masters: skyrim.esm, update.esm, dawnguard.esm, hearthfires.esm, breezehome_fully_upgradable.esp | ASPC:1 MGEF:1 SPEL:1 ACTI:1 BOOK:1 STAT:1 MSTT:1 IDLM:1 NAVI:1 CELL:1 WRLD:1 IDLE:1
  strip_roomrules-patch.esp (Breezehome Fully Upgraded for Group Bathing) esl | masters: skyrim.esm, update.esm, dawnguard.esm, hearthfires.esm, breezehome_fully_upgradable.esp, breezehome_fully_upgraded_group_bathing.esp | CELL:1
  breezehome_fully_upgradable.esp (Breezehome Fully Upgradable) | masters: skyrim.esm, update.esm, dawnguard.esm, hearthfires.esm | GLOB:1 ACTI:1 BOOK:1 CONT:1 MISC:1 STAT:1 FURN:1 NPC_:1 KEYM:1 ALCH:1 NAVI:1 CELL:1 WRLD:1 DIAL:1 QUST:1 PACK:1 FLST:1 VTYP:1 LCTN:1 MESG:1 SMQN:1 DLBR:1
  hearthfires houses building fix.esp (Hearthfires Houses Building Fix) esl | masters: skyrim.esm, hearthfires.esm | MISC:1 COBJ:1
  buildingmaterialsgodchest.esp (Hearthfire Building Materials God Chests) | masters: skyrim.esm, update.esm, hearthfires.esm | CONT:1 WRLD:1
  lvxmagicks-eclipse-airship.esp (LvxMagicks - Eclipse - Airship - Flying - Alpha) | masters: skyrim.esm, update.esm, dawnguard.esm, hearthfires.esm, dragonborn.esm | KYWD:1 TXST:1 GLOB:1 SOUN:1 MGEF:1 SPEL:1 ACTI:1 BOOK:1 CONT:1 DOOR:1 LIGH:1 MISC:1 STAT:1 MSTT:1 FURN:1 NPC_:1 NAVI:1 CELL:1 WRLD:1 QUST:1 PERK:1 LCTN:1 MESG:1 MUSC:1 MUST:1 SNDR:1
  liminalportals.esp (Liminal Portals) esl | masters: skyrim.esm, update.esm, dawnguard.esm, hearthfires.esm, dragonborn.esm | TXST:1 GLOB:1 MGEF:1 SPEL:1 ACTI:1 ARMO:1 BOOK:1 MISC:1 QUST:1 FLST:1 MESG:1
  dwarvenracer.esp ((ESP-ESL) Dwarven Motorcycle and other Vehicles SE) esl | masters: skyrim.esm, update.esm, dawnguard.esm, dragonborn.esm | CLAS:1 FACT:1 RACE:1 MGEF:1 SPEL:1 SCRL:1 ARMO:1 BOOK:1 CONT:1 MISC:1 STAT:1 WEAP:1 NPC_:1 COBJ:1 PROJ:1 LVLI:1 NAVI:1 CELL:1 WRLD:1 DIAL:1 IDLE:1 PACK:1 CSTY:1 EXPL:1 PERK:1 IPCT:1 IPDS:1 ARMA:1 MESG:1 FSTP:1 FSTS:1 SHOU:1 RELA:1 OTFT:1 ARTO:1 MOVT:1 SNDR:1
  road signs fast travel.esp (Road Signs Fast Travel - Base Object Swapper) esl | masters: skyrim.esm | GLOB:1 ACTI:1 MISC:1 COBJ:1 QUST:1 MESG:1
  sailable ship.esm (Sailable Ship VR and SE) esm | masters: skyrim.esm, update.esm, dragonborn.esm | KYWD:1 TXST:1 GLOB:1 FACT:1 SOUN:1 MGEF:1 SPEL:1 ACTI:1 BOOK:1 CONT:1 DOOR:1 LIGH:1 MISC:1 STAT:1 MSTT:1 FURN:1 NPC_:1 CLMT:1 NAVI:1 CELL:1 WRLD:1 QUST:1 PACK:1 FLST:1 LCTN:1 MESG:1 LGTM:1 SNDR:1 SOPM:1 COLL:1 CLFM:1
  p1flyingring.esp (Flying Mod Rework) | masters: skyrim.esm, update.esm, dawnguard.esm | GLOB:1 SOUN:1 MGEF:1 SPEL:1 ARMO:1 BOOK:1 CONT:1 NPC_:1 PROJ:1 IDLE:1 PERK:1 AVIF:1 MESG:1 SNDR:1
  p1flyingring.esp (Flying Mod Beta by porroone and Flying Mod Overhaul by Indefiance (Converted for SSE)) | masters: skyrim.esm, update.esm, dawnguard.esm, hearthfires.esm, dragonborn.esm | GLOB:1 MGEF:1 SPEL:1 ARMO:1 BOOK:1 CONT:1 NPC_:1 PROJ:1 IDLE:1 PERK:1 MESG:1
  torchescastshadows.esp (Torches Cast Shadows SE) | masters: skyrim.esm, update.esm, dawnguard.esm, hearthfires.esm, dragonborn.esm | GLOB:1 MGEF:1 SPEL:1 LIGH:1 PROJ:1 HAZD:1 QUST:1 IDLE:1 FLST:1 IPCT:1 IPDS:1 ARTO:1
  smoking torches and candles.esp (Smoking Torches and Candles SSE) esl | masters: skyrim.esm, update.esm | ADDN:1
  paraphernalia - ambience flicker shadows.esp (Paraphernalia - Ambience) esl | masters: skyrim.esm, update.esm, dawnguard.esm, hearthfires.esm, dragonborn.esm | LIGH:1 WTHR:1 QUST:1 IMGS:1 IMAD:1 LGTM:1
  embers xd - fire magick add-on.esp (Embers XD) esl | masters: skyrim.esm, dawnguard.esm, embers xd.esp | PROJ:1 EFSH:1 ADDN:1
  embers xd - patch - campfire.esp (Embers XD) esl | masters: skyrim.esm, update.esm, campfire.esm, embers xd.esp | FLST:1
  embers xd - patch - eeks whiterun interiors.esp (Embers XD) esl | masters: skyrim.esm, update.esm, dawnguard.esm, hearthfires.esm, dragonborn.esm, unofficial skyrim special edition patch.esp, eeks whiterun interiors.esp, embers xd.esp | CELL:1
  embers xd - patch - jks dragonsreach.esp (Embers XD) esl | masters: skyrim.esm, update.esm, dawnguard.esm, hearthfires.esm, dragonborn.esm, jk's dragonsreach.esp, embers xd.esp | CELL:1
  embers xd - patch - remove snow.esp (Embers XD) esl | masters: skyrim.esm, dragonborn.esm | STAT:1
  embers xd - patch - rodryks dragonbridge.esp (Embers XD) esl | masters: skyrim.esm, update.esm, dawnguard.esm, hearthfires.esm, dragonborn.esm, rodryksdragonbridge.esp, embers xd.esp | CELL:1
  embers xd - patch - survival mode.esp (Embers XD) esl | masters: skyrim.esm, dragonborn.esm, ccqdrsse001-survivalmode.esl, embers xd.esp | FLST:1
  embers xd.esm (Embers XD) esm | masters: skyrim.esm, update.esm, dawnguard.esm, hearthfires.esm, dragonborn.esm | STAT:1 MSTT:1 WRLD:1
  embers xd.esp (Embers XD) | masters: skyrim.esm, update.esm, dawnguard.esm, hearthfires.esm, dragonborn.esm | TXST:1 STAT:1 MSTT:1 CELL:1 WRLD:1 EXPL:1 ADDN:1
  embers xd - patch - eeks immersive whiterun.esp (Embers XD) esl | masters: skyrim.esm, embers xd.esp, jks skyrim.esp, eeks immersive whiterun.esp | STAT:1 MSTT:1 CELL:1 WRLD:1
  more underwater treasures aio.esp (More Underwater Treasures) esl | masters: skyrim.esm, update.esm, dawnguard.esm, dragonborn.esm | WRLD:1
  man_kynarethstatue.esp (Statue of Kynareth) esl | masters: skyrim.esm | STAT:1 NAVI:1 CELL:1
  man_daedricshrines.esp (Daedric Shrines - All in One) | masters: skyrim.esm, update.esm, dawnguard.esm, dragonborn.esm | ACTI:1 MISC:1 STAT:1 NAVI:1 CELL:1 WRLD:1 IMGS:1 LGTM:1
  ravenrockbathhouserrrebornpatch.esp (Raven Rock Bathhouse and Raven Rock Reborn Patch (ESL)) esl | masters: skyrim.esm, update.esm, dawnguard.esm, hearthfires.esm, dragonborn.esm, raven rock reborn.esp, ravenrockbathhouse.esp | STAT:1 NAVI:1 CELL:1 WRLD:1
  ravenrockbathhouse.esp (Raven Rock Bathhouse) | masters: skyrim.esm, update.esm, dawnguard.esm, hearthfires.esm, dragonborn.esm | TXST:1 FACT:1 MGEF:1 SPEL:1 ACTI:1 CONT:1 MISC:1 STAT:1 FURN:1 NPC_:1 KEYM:1 ALCH:1 NAVI:1 CELL:1 WRLD:1 DIAL:1 QUST:1 PACK:1 LCTN:1 DLBR:1 RELA:1
  skaal village.esp (Greater Skaal Village) | masters: skyrim.esm, update.esm, dragonborn.esm | FACT:1 MGEF:1 ENCH:1 ACTI:1 ARMO:1 NPC_:1 KEYM:1 NAVI:1 CELL:1 WRLD:1 DIAL:1 QUST:1 PACK:1 FLST:1 PERK:1 LCTN:1 DLBR:1 RELA:1 OTFT:1
  ravenrockdunmerized.esp (Raven Rock Building Tweaks) esl | masters: skyrim.esm, update.esm, dragonborn.esm | TXST:1 STAT:1
  skoomapipes.esl (Skooma Pipes) esl | masters: skyrim.esm, update.esm, dragonborn.esm | CONT:1 ALCH:1 LVLI:1 CELL:1 WRLD:1
  raven rock reborn.esp (Raven Rock Reborn) | masters: skyrim.esm, update.esm, dawnguard.esm, hearthfires.esm, dragonborn.esm | FACT:1 ARMO:1 CONT:1 LIGH:1 STAT:1 MSTT:1 NPC_:1 COBJ:1 NAVI:1 CELL:1 WRLD:1 PACK:1 IMAD:1 ARMA:1 RELA:1 OTFT:1
  winterhold restored and enhanced.esp (Winterhold Restored and Enhanced) | masters: skyrim.esm, update.esm, dawnguard.esm, hearthfires.esm, dragonborn.esm, winterhold restored.esp, unofficial skyrim special edition patch.esp | FACT:1 CONT:1 NPC_:1 LVLI:1 NAVI:1 CELL:1 WRLD:1 QUST:1 PACK:1 LCTN:1
  winterhold restored - bds patch.esp (Winterhold Restored) esl | masters: skyrim.esm, update.esm, dawnguard.esm, hearthfires.esm, dragonborn.esm, better dynamic snow se - disablerefs.esm, better dynamic snow se.esp, winterhold restored.esp | STAT:1 CELL:1 WRLD:1
  winterhold restored - the scarlett patch.esp (Winterhold Restored) esl | masters: skyrim.esm, update.esm, dawnguard.esm, hearthfires.esm, dragonborn.esm, thescarlett.esp, winterhold restored.esp | CELL:1 WRLD:1
  winterhold restored.esp (Winterhold Restored) | masters: skyrim.esm, update.esm, dawnguard.esm, hearthfires.esm, dragonborn.esm | KYWD:1 TXST:1 GLOB:1 FACT:1 RACE:1 MGEF:1 ENCH:1 SPEL:1 ACTI:1 ARMO:1 BOOK:1 CONT:1 DOOR:1 LIGH:1 MISC:1 STAT:1 MSTT:1 FURN:1 NPC_:1 KEYM:1 IDLM:1 LVLI:1 NAVI:1 CELL:1 WRLD:1 DIAL:1 QUST:1 PACK:1 LSCR:1 IMGS:1 FLST:1 ARMA:1 LCTN:1 MESG:1 LGTM:1 MUSC:1 DLBR:1 MUST:1 RELA:1 OTFT:1
  whlighthouse fixes.esp (Windhelm Lighthouse (Bug Fixes)) esl | masters: skyrim.esm, update.esm, dawnguard.esm, hearthfires.esm, dragonborn.esm, windhelm lighthouse.esp | STAT:1 NAVI:1 CELL:1 WRLD:1
  windhelm lighthouse.esp (Windhelm Lighthouse (New)) | masters: skyrim.esm, update.esm, dawnguard.esm, hearthfires.esm, dragonborn.esm | DOOR:1 STAT:1 FURN:1 NPC_:1 NAVI:1 CELL:1 WRLD:1 PACK:1 LCTN:1
  windhelm bridge revived - bos snowy bridge.esp (Windhelm Bridge Revived - Upscaled Textures) esl | masters: skyrim.esm, update.esm, dawnguard.esm, hearthfires.esm, dragonborn.esm, windhelm bridge revived.esp | STAT:1
  windhelm bridge revived - less guards addon.esp (Windhelm Bridge Revived - Upscaled Textures) esl | masters: skyrim.esm, update.esm, dawnguard.esm, hearthfires.esm, dragonborn.esm, windhelm bridge revived.esp | WRLD:1
  windhelm bridge revived - wood roof addon.esp (Windhelm Bridge Revived - Upscaled Textures) esl | masters: skyrim.esm, update.esm, windhelm bridge revived.esp | STAT:1 WRLD:1
  windhelm bridge revived.esp (Windhelm Bridge Revived - Patches and Add-ons) esl | masters: skyrim.esm, update.esm, dawnguard.esm, hearthfires.esm, dragonborn.esm | STAT:1 NPC_:1 NAVI:1 CELL:1 WRLD:1 PACK:1 LCTN:1
  windhelm bridge revived.esp (Windhelm Bridge Revived) esl | masters: skyrim.esm, update.esm, dawnguard.esm, hearthfires.esm, dragonborn.esm | STAT:1 NPC_:1 NAVI:1 WRLD:1 PACK:1
  riton - jk's potk.esp (patch for jk's palace of the kings) esl | masters: skyrim.esm, jk's palace of the kings.esp | TXST:1
  jk's palace of the kings.esp (JK's Palace of the Kings) esl | masters: skyrim.esm, update.esm, dawnguard.esm, hearthfires.esm, dragonborn.esm | TXST:1 ARMO:1 STAT:1 NPC_:1 NAVI:1 CELL:1 PACK:1 OTFT:1
  warmaidenreforged.esp (Warmaiden Reforged) | masters: skyrim.esm, update.esm | ACTI:1 MSTT:1 NAVI:1 WRLD:1
  ivy - whiterun - well overhaul.esp (Ivy - Whiterun - Well Overhaul) esl | masters: skyrim.esm, update.esm, dawnguard.esm, hearthfires.esm, dragonborn.esm | BOOK:1 LIGH:1 STAT:1 ALCH:1 WRLD:1
  wrhorse statue - horses gallore - aesthetic patch.esp (Whiterun Horse Statue - Market Placement and Patches) | masters: skyrim.esm, update.esm, wrhorse statue - horses gallore.esp | WRLD:1
  wrhorse statue - horses galore - alternate market statue.esp (Whiterun Horse Statue - Market Placement and Patches) | masters: skyrim.esm, update.esm, wrhorse statue - horses gallore.esp, wrhorse statue - horses gallore - aesthetic patch.esp | WRLD:1
  wrhorse statue - horses gallore.esp (Whiterun Horse Statue) esl | masters: skyrim.esm, update.esm | STAT:1 WRLD:1
  jk's & redbag's dragonsreach patch.esp (JK's and Redbag's Dragonsreach Patch) esl | masters: skyrim.esm, update.esm, hearthfires.esm, dragonborn.esm, jk's dragonsreach.esp, redbag's dragonsreach.esp | CELL:1
  jk's dragonsreach.esp (JK's Dragonsreach) esl | masters: skyrim.esm, update.esm, hearthfires.esm, dragonborn.esm | ACTI:1 CONT:1 STAT:1 NAVI:1 CELL:1 QUST:1
  redbag's dragonsreach.esp (RedBag's Dragonsreach - SE) esl | masters: skyrim.esm | STAT:1 CELL:1
  jk's whiterun outskirts - parallax farmhouse fix.esp (JK's Whiterun Outskirts - Parallax Wall Fix) esl | masters: skyrim.esm, jk's whiterun's outskirts.esp | STAT:1
  jk's whiterun's outskirts.esp (JK's Whiterun Outskirts) | masters: skyrim.esm, update.esm, dawnguard.esm, hearthfires.esm, dragonborn.esm | TXST:1 FACT:1 CONT:1 DOOR:1 STAT:1 TREE:1 FLOR:1 FURN:1 NPC_:1 NAVI:1 CELL:1 WRLD:1 PACK:1 LCTN:1
  witcherun a verdant whiterun overhaul fixes.esp (Witcherun A Verdant Whiterun Overhaul Fixes) esl | masters: skyrim.esm, witcherun a verdant whiterun overhaul.esp | WRLD:1
  witcherun a verdant whiterun overhaul.esp (Witcherun - A Verdant Whiterun Overhaul) esl | masters: skyrim.esm, update.esm, dawnguard.esm, hearthfires.esm, dragonborn.esm | TREE:1 WRLD:1
  moss2roses_jarlkeeps.esp (Hanging Moss to Climbing Roses - Base Object Swapper) esl | masters: skyrim.esm, update.esm, hearthfires.esm | TREE:1
  jk's solitude outskirts.esp (JK's Solitude Outskirts) esl | masters: skyrim.esm, update.esm, dawnguard.esm, hearthfires.esm, dragonborn.esm | TXST:1 FACT:1 CONT:1 STAT:1 FURN:1 NPC_:1 NAVI:1 WRLD:1 PACK:1
  solitude docks.esp (Solitude Docks Updated) | masters: skyrim.esm, update.esm, dawnguard.esm, hearthfires.esm, dragonborn.esm | FACT:1 ACTI:1 BOOK:1 CONT:1 MISC:1 STAT:1 MSTT:1 FURN:1 NPC_:1 KEYM:1 ALCH:1 NAVI:1 CELL:1 WRLD:1 PACK:1 FLST:1 LCTN:1 RELA:1
  solitudelighthousefix.esl (Lights Out. Solitude Lighthouse Fix) esl | masters: skyrim.esm | WRLD:1
  solitude braziers.esp (Sconces of Solitude - Unique Solitude Braziers - Base Object Swapper) esl | masters: skyrim.esm | STAT:1
  solitude watchtower.esp (Solitude Watchtower) | masters: skyrim.esm, update.esm, dawnguard.esm, dragonborn.esm | STAT:1 NAVI:1 WRLD:1
  solitudedomepaintings.esp (Solitude Dome Paintings SSE) esl | masters: skyrim.esm, update.esm | STAT:1 CELL:1
  solitudetemplefrescoes.esp (Solitude and Temple Frescoes SSE) | masters: skyrim.esm | STAT:1 CELL:1
  solitudetemplefrescoesexpanded.esp (Solitude and Temple Frescoes SSE) | masters: skyrim.esm | CELL:1
  solitudetemplefrescoessmall.esp (Solitude and Temple Frescoes SSE) | masters: skyrim.esm | STAT:1 CELL:1
  solitudetemplefrescoesbig.esp (Solitude and Temple Frescoes SSE) | masters: skyrim.esm | STAT:1 CELL:1
  bluepalaceusseppatch.esp (Thay's Blue Palace Overhaul) esl | masters: skyrim.esm, dawnguard.esm, hearthfires.esm, unofficial skyrim special edition patch.esp, solitudebluepalace.esp | NPC_:1 CELL:1 WRLD:1 QUST:1 PACK:1 LCTN:1
  solitudebluepalace.esp (Thay's Blue Palace Overhaul) | masters: skyrim.esm, update.esm, dawnguard.esm, hearthfires.esm, dragonborn.esm | GLOB:1 FACT:1 MGEF:1 SPEL:1 ACTI:1 ARMO:1 CONT:1 DOOR:1 LIGH:1 STAT:1 MSTT:1 TREE:1 FURN:1 NPC_:1 KEYM:1 NAVI:1 CELL:1 WRLD:1 DIAL:1 QUST:1 PACK:1 ARMA:1 LCTN:1 MUSC:1 DLBR:1 MUST:1 DLVW:1 SCEN:1
  mrf solitude.esp (Mrf's Solitude) esl | masters: skyrim.esm, hearthfires.esm | STAT:1
  solitude farmhouses rework.esp (Solitude farmhouses rework) esl | masters: skyrim.esm | STAT:1 CELL:1 WRLD:1
  riften gate restored.esp (Riften Gate Restored) esl | masters: skyrim.esm, update.esm, dawnguard.esm, hearthfires.esm, dragonborn.esm | NAVI:1 WRLD:1
  hsriften - temple of mara.esp (HS Riften - Temple of Mara) esl | masters: skyrim.esm, update.esm, dawnguard.esm, hearthfires.esm, dragonborn.esm, hsresources.esl | NAVI:1 CELL:1 WRLD:1
  hsriften - the pawned prawn.esp (HS Riften - The Pawned Prawn) esl | masters: skyrim.esm, update.esm, dawnguard.esm, hearthfires.esm, dragonborn.esm, hsresources.esl | NAVI:1 CELL:1 WRLD:1
  hsriften - elgrim's elixirs.esp (HS Riften - Elgrim's Elixirs) esl | masters: skyrim.esm, update.esm, dawnguard.esm, hearthfires.esm, dragonborn.esm, hsresources.esl | NAVI:1 CELL:1 WRLD:1
  jk's the ragged flagon.esp (JK's The Ragged Flagon) esl | masters: skyrim.esm, update.esm, dawnguard.esm, hearthfires.esm, dragonborn.esm | TXST:1 STAT:1 NAVI:1 CELL:1
  ryften down.esp (RYFTEN DOWN - A little addition to the Riften canal) esl | masters: skyrim.esm, update.esm | CONT:1 WRLD:1
  riften towers.esl (Riften Towers) esl | masters: skyrim.esm, update.esm | STAT:1 NAVI:1 WRLD:1
  rustling riften leaves se.esp (Rustling Riften Leaves SE) esl | masters: skyrim.esm, update.esm, dawnguard.esm, hearthfires.esm, dragonborn.esm | STAT:1 TREE:1 WRLD:1
  redbag's morthal.esp (Redbag's Morthal Fixes) | masters: skyrim.esm, update.esm, dawnguard.esm, hearthfires.esm, unofficial skyrim special edition patch.esp | FACT:1 DOOR:1 LIGH:1 STAT:1 NPC_:1 KEYM:1 NAVI:1 CELL:1 WRLD:1 DIAL:1 QUST:1 PACK:1 IMGS:1 FLST:1 LCTN:1 LGTM:1 SMQN:1 DLVW:1
  redbag's morthal - ai overhaul cc.esp (RedBag's Morthal Patches- FOMOD) esl | masters: skyrim.esm, update.esm, ccbgssse001-fish.esm, unofficial skyrim special edition patch.esp, ai overhaul.esp, redbag's morthal.esp | NPC_:1 CELL:1 WRLD:1 PACK:1
  redbag's morthal - distinct interiors.esp (RedBag's Morthal Patches- FOMOD) esl | masters: skyrim.esm, redbag's morthal.esp, distinct interiors.esp | CELL:1
  redbag's morthal - efps.esp (RedBag's Morthal Patches- FOMOD) esl | masters: skyrim.esm, update.esm, occ_skyrim_tamriel.esp, unofficial skyrim special edition patch.esp, redbag's morthal.esp | WRLD:1
  redbag's morthal - fabled forests.esp (RedBag's Morthal Patches- FOMOD) esl | masters: skyrim.esm, update.esm, redbag's morthal.esp, fabled forests.esp | WRLD:1
  redbag's morthal - lffgm.esp (RedBag's Morthal Patches- FOMOD) esl | masters: skyrim.esm, update.esm, landscape fixes for grass mods.esp, redbag's morthal.esp | WRLD:1
  redbag's morthal - rschildren + aio.esp (RedBag's Morthal Patches- FOMOD) esl | masters: skyrim.esm, rskyrimchildren.esm, ai overhaul.esp, redbag's morthal.esp, rschildren.esp | NPC_:1
  redbag's morthal - cc fishing patch.esp (RedBag's Morthal - SE) esl | masters: skyrim.esm, update.esm, dawnguard.esm, hearthfires.esm, dragonborn.esm, ccbgssse001-fish.esm, redbag's morthal.esp, unofficial skyrim special edition patch.esp | STAT:1 CELL:1 WRLD:1
  redbag's morthal.esp (RedBag's Morthal - SE) | masters: skyrim.esm, update.esm, dawnguard.esm, hearthfires.esm, dragonborn.esm, unofficial skyrim special edition patch.esp | FACT:1 DOOR:1 LIGH:1 STAT:1 NPC_:1 KEYM:1 NAVI:1 CELL:1 WRLD:1 DIAL:1 QUST:1 PACK:1 IMGS:1 FLST:1 LCTN:1 LGTM:1 SMQN:1 DLVW:1
  understonekeepswept.esp (Understone Keep Swept) esl | masters: skyrim.esm, dragonborn.esm | CELL:1
  jk's silver-blood inn.esp (JK's Silver-Blood Inn) esl | masters: skyrim.esm, update.esm, dawnguard.esm, hearthfires.esm, dragonborn.esm | CONT:1 STAT:1 NAVI:1 CELL:1
  jk's temple of dibella.esp (JK's Temple of Dibella) esl | masters: skyrim.esm, update.esm, dawnguard.esm, hearthfires.esm, dragonborn.esm | TXST:1 STAT:1 NPC_:1 NAVI:1 CELL:1 WRLD:1 PACK:1
  jk's the hag's cure.esp (JK's The Hag's Cure) esl | masters: skyrim.esm, update.esm, dawnguard.esm, hearthfires.esm, dragonborn.esm | CONT:1 MISC:1 STAT:1 NAVI:1 CELL:1
  jk's arnleif and sons trading company.esp (JK's Arnleif and Sons Trading Company) esl | masters: skyrim.esm, update.esm, dawnguard.esm, hearthfires.esm, dragonborn.esm | TXST:1 ARMO:1 CONT:1 STAT:1 NAVI:1 CELL:1
  seifu's preem dwarven pipeworks.esp (Seifu's PREEM Dwarven Pipeworks Redux) esl | masters: skyrim.esm | ACTI:1 STAT:1 MSTT:1
  markarth entrance overhaul.esp (Markarth Entrance Overhaul Fixed) | masters: skyrim.esm, update.esm | NAVI:1 WRLD:1
  markarth - city of stone.esp (Markarth - City of Stone) esl | masters: skyrim.esm | STAT:1 WRLD:1
  redbag's falkreath - holidays patch.esp (RedBag's Falkreath - Patch Collection) esl | masters: skyrim.esm, update.esm, redbag's falkreath.esp, holidays.esp | CELL:1 WRLD:1
  redbag's falkreath - sons of skyrim patch.esp (RedBag's Falkreath - Patch Collection) esl | masters: skyrim.esm, redbag's falkreath.esp, nw_sons_of_skyrim.esp | CELL:1
  redbag's falkreath - ai overhaul patch.esp (RedBag's Falkreath - Patch Collection) esl | masters: skyrim.esm, unofficial skyrim special edition patch.esp, ai overhaul.esp, redbag's falkreath.esp | NPC_:1 CELL:1 WRLD:1 PACK:1
  redbag's falkreath - cc fishing patch.esp (RedBag's Falkreath - Patch Collection) esl | masters: skyrim.esm, ccbgssse001-fish.esm, redbag's falkreath.esp | CELL:1 PACK:1
  redbag's falkreath - distinct interiors patch.esp (RedBag's Falkreath - Patch Collection) esl | masters: skyrim.esm, hearthfires.esm, distinct interiors.esp, redbag's falkreath.esp | CELL:1
  redbag's falkreath - embers xd patch.esp (RedBag's Falkreath - Patch Collection) esl | masters: skyrim.esm, update.esm, dawnguard.esm, hearthfires.esm, dragonborn.esm, redbag's falkreath.esp, embers xd.esp | CELL:1
  redbag's falkreath - fabled forests patch.esp (RedBag's Falkreath - Patch Collection) esl | masters: skyrim.esm, update.esm, dawnguard.esm, hearthfires.esm, dragonborn.esm, redbag's falkreath.esp, fabled forests.esp | WRLD:1
  redbag's falkreath - happy little trees patch.esp (RedBag's Falkreath - Patch Collection) esl | masters: skyrim.esm, update.esm, dawnguard.esm, hearthfires.esm, dragonborn.esm, happylittletrees.esp, redbag's falkreath.esp | WRLD:1
  redbag's falkreath - helgen reborn patch.esp (RedBag's Falkreath - Patch Collection) esl | masters: skyrim.esm, update.esm, dawnguard.esm, hearthfires.esm, dragonborn.esm, helgen reborn.esp, redbag's falkreath.esp | STAT:1 NAVI:1 CELL:1 WRLD:1
  redbag's falkreath - lawf patch.esp (RedBag's Falkreath - Patch Collection) esl | masters: skyrim.esm, landscape and water fixes.esp, redbag's falkreath.esp | WRLD:1
  redbag's falkreath - lffgm patch.esp (RedBag's Falkreath - Patch Collection) esl | masters: skyrim.esm, redbag's falkreath.esp, landscape fixes for grass mods.esp | WRLD:1
  redbag's falkreath - populated cities towns villages patch.esp (RedBag's Falkreath - Patch Collection) esl | masters: skyrim.esm, update.esm, dawnguard.esm, hearthfires.esm, dragonborn.esm, populated cities towns villages legendary.esp, redbag's falkreath.esp | NAVI:1 CELL:1 WRLD:1
  redbag's falkreath - rs children patch.esp (RedBag's Falkreath - Patch Collection) esl | masters: skyrim.esm, rskyrimchildren.esm, redbag's falkreath.esp | NPC_:1
  redbag's falkreath - sepolcri patch.esp (RedBag's Falkreath - Patch Collection) esl | masters: skyrim.esm, update.esm, hearthfires.esm, redbag's falkreath.esp, sepolcri.esp | WRLD:1
  redbag's falkreath - ussep patch.esp (RedBag's Falkreath - Patch Collection) esl | masters: skyrim.esm, unofficial skyrim special edition patch.esp, redbag's falkreath.esp | PACK:1
  redbag's falkreath - witcher horse expansion patch.esp (RedBag's Falkreath - Patch Collection) esl | masters: skyrim.esm, update.esm, dawnguard.esm, hearthfires.esm, dragonborn.esm, redbag's falkreath.esp, witcher horses 2.0.esp | WRLD:1
  redbag's falkreath.esp (RedBag's Falkreath) | masters: skyrim.esm, update.esm, dawnguard.esm, hearthfires.esm, dragonborn.esm | KYWD:1 TXST:1 FACT:1 ACTI:1 CONT:1 DOOR:1 LIGH:1 STAT:1 MSTT:1 NPC_:1 KEYM:1 NAVI:1 CELL:1 WRLD:1 DIAL:1 QUST:1 PACK:1 FLST:1 PERK:1 LCTN:1 SMQN:1 DLBR:1 DLVW:1 RELA:1
  thronesexpandedbos.esp (Thrones Expanded) esl | masters: skyrim.esm | STAT:1 FURN:1
  jk's septimus signus's outpost.esp (JK's Septimus Signus's Outpost) esl | masters: skyrim.esm, update.esm, dawnguard.esm, hearthfires.esm, dragonborn.esm | FACT:1 CONT:1 STAT:1 NAVI:1 CELL:1 WRLD:1
  jk's fort dawnguard.esp (JK's Fort Dawnguard) esl | masters: skyrim.esm, update.esm, dawnguard.esm, hearthfires.esm, dragonborn.esm | TXST:1 ARMO:1 CONT:1 STAT:1 FURN:1 WEAP:1 NAVI:1 CELL:1 WRLD:1
  gonzeh - spaghetti - patch.esp (Gonzeh - Shor's Stone Overhaul - Spaghetti Patch) esl | masters: skyrim.esm, gonzeh - shor's stone overhaul.esp, spaghetti's towns - shor's stone.esp | WRLD:1
  spaghetti's towns - shor's stone.esp (Spaghetti's Towns - Shor's Stone) esl | masters: skyrim.esm, update.esm, dawnguard.esm, hearthfires.esm, dragonborn.esm | WRLD:1
  gonzeh - shor's stone overhaul.esp (Gonzeh - Shor's Stone Overhaul) esl | masters: skyrim.esm, hearthfires.esm, dragonborn.esm | DOOR:1 STAT:1 WRLD:1
  cotn - dawnstar.esp (Cities of the North - Dawnstar) esl | masters: skyrim.esm, update.esm, dawnguard.esm, hearthfires.esm, dragonborn.esm, ccbgssse001-fish.esm, ccqdrsse001-survivalmode.esl, ccbgssse037-curios.esl, ccbgssse025-advdsgs.esm, unofficial skyrim special edition patch.esp | STAT:1 NAVI:1 CELL:1 WRLD:1 LCTN:1
  redbag's rorikstead - enhanced.esp (RedBag's Rorikstead - Enhanced) esl | masters: skyrim.esm, update.esm, dawnguard.esm, hearthfires.esm, dragonborn.esm, redbag's rorikstead.esp | DOOR:1 STAT:1 NAVI:1 CELL:1 WRLD:1 MATO:1
  redbag's rorikstead - brighter interiors.esp (RedBag's Rorikstead) esl | masters: skyrim.esm, update.esm, redbag's rorikstead.esp | LGTM:1
  redbag's rorikstead - hearthfire patch.esp (RedBag's Rorikstead) esl | masters: skyrim.esm, update.esm, hearthfires.esm | WRLD:1
  redbag's rorikstead.esp (RedBag's Rorikstead) | masters: skyrim.esm, update.esm, dawnguard.esm, hearthfires.esm, dragonborn.esm | FACT:1 LTEX:1 DOOR:1 STAT:1 MSTT:1 TREE:1 NPC_:1 NAVI:1 CELL:1 WRLD:1 PACK:1 IMGS:1 LCTN:1 LGTM:1 MATO:1
  ivy - riverwood well.esp (Ivy - Riverwood Well Addon) esl | masters: skyrim.esm, update.esm, dawnguard.esm, hearthfires.esm, dragonborn.esm | WRLD:1
  riverwood revitalized my patch.esp (Riverwood Revitalized my Patch) | masters: skyrim.esm, update.esm, dawnguard.esm, hearthfires.esm, dragonborn.esm, riverwood revitalized.esp, northern fortifications - riverwood.esp, riverwood revitalized northern fortifications patch.esp | NAVI:1 WRLD:1
  northern fortifications - riverwood.esp (Northern Fortifications - Riverwood) esl | masters: skyrim.esm, update.esm, dawnguard.esm, hearthfires.esm | STAT:1 NAVI:1 WRLD:1
  riverwood revitalized.esp (Riverwood Revitalized) | masters: skyrim.esm, update.esm, dawnguard.esm, hearthfires.esm, dragonborn.esm | FACT:1 CONT:1 DOOR:1 LIGH:1 STAT:1 MSTT:1 NPC_:1 KEYM:1 NAVI:1 CELL:1 WRLD:1 PACK:1 FLST:1 LCTN:1
  riverwood revitalized ai overhaul patch.esp (Riverwood Revitalized) esl | masters: skyrim.esm, update.esm, dawnguard.esm, hearthfires.esm, dragonborn.esm, ccbgssse001-fish.esm, ccqdrsse001-survivalmode.esl, ccbgssse037-curios.esl, ccbgssse025-advdsgs.esm, unofficial skyrim special edition patch.esp, ai overhaul.esp, riverwood revitalized.esp | NPC_:1 CELL:1 WRLD:1
  riverwood revitalized cc fishing patch.esp (Riverwood Revitalized) esl | masters: skyrim.esm, update.esm, dawnguard.esm, hearthfires.esm, dragonborn.esm, ccbgssse001-fish.esm, riverwood revitalized.esp | NPC_:1 CELL:1 WRLD:1
  riverwood revitalized distinct interiors patch.esp (Riverwood Revitalized) esl | masters: skyrim.esm, update.esm, dawnguard.esm, hearthfires.esm, dragonborn.esm, ccbgssse001-fish.esm, ccqdrsse001-survivalmode.esl, ccbgssse037-curios.esl, ccbgssse025-advdsgs.esm, unofficial skyrim special edition patch.esp, distinct interiors.esp, riverwood revitalized.esp | CELL:1
  riverwood revitalized embers xd patch.esp (Riverwood Revitalized) esl | masters: skyrim.esm, update.esm, dawnguard.esm, hearthfires.esm, dragonborn.esm, embers xd.esp, riverwood revitalized.esp | CELL:1 WRLD:1
  riverwood revitalized.esp (Riverwood Revitalized) | masters: skyrim.esm, update.esm, dawnguard.esm, hearthfires.esm, dragonborn.esm | FACT:1 CONT:1 DOOR:1 LIGH:1 STAT:1 MSTT:1 NPC_:1 KEYM:1 NAVI:1 CELL:1 WRLD:1 PACK:1 FLST:1 LCTN:1
  riverwood mushroom house.esp (Riverwood Mushroom Village) | masters: skyrim.esm, update.esm, strotimushroomhouse.esp | NAVI:1 CELL:1 WRLD:1 QUST:1
  ivarstead-falls-2-sd.esp (Falls of Ivarstead) | masters: skyrim.esm | WRLD:1
  thuldor's ivarstead - riften stone alternate texture.esp (Thuldor's Ivarstead - Riften Stone Alternate Texture) esl | masters: skyrim.esm, update.esm, hearthfires.esm, thuldor's ivarstead.esp | TXST:1 STAT:1
  thuldor's ivarstead - riften stone and farmhouse roofs patch.esp (Thuldor's Ivarstead - Riften Stone Alternate Texture) esl | masters: skyrim.esm, update.esm, hearthfires.esm, thuldor's ivarstead.esp, thuldor's ivarstead - riften stone alternate texture.esp, thuldor's ivarstead - farmhouse roofs.esp | STAT:1
  thuldor's ivarstead - farmhouse roofs.esp (Thuldor's Ivarstead - Farmhouse Roofs) esl | masters: skyrim.esm, thuldor's ivarstead.esp | STAT:1
  thuldor's ivarstead - efps.esp (Thuldor's Ivarstead Patch Hub) esl | masters: skyrim.esm, update.esm, dawnguard.esm, hearthfires.esm, dragonborn.esm, occ_skyrim_tamriel.esp, thuldor's ivarstead.esp, thuldor's ivarstead - occlusion fix.esp | WRLD:1
  thuldor's ivarstead - ai overhaul.esp (Thuldor's Ivarstead Patch Hub) esl | masters: skyrim.esm, update.esm, ai overhaul.esp | CELL:1 WRLD:1
  thuldor's ivarstead - embersxd.esp (Thuldor's Ivarstead Patch Hub) esl | masters: skyrim.esm, thuldor's ivarstead.esp, embers xd.esp | CELL:1
  thuldor's ivarstead - fabled forest.esp (Thuldor's Ivarstead Patch Hub) esl | masters: skyrim.esm, update.esm, hearthfires.esm, thuldor's ivarstead.esp, fabled forests.esp | WRLD:1
  thuldor's ivarstead - landscape and water fixes.esp (Thuldor's Ivarstead Patch Hub) esl | masters: skyrim.esm | WRLD:1
  thuldor's ivarstead - landscape fixes for grass mods.esp (Thuldor's Ivarstead Patch Hub) esl | masters: skyrim.esm, update.esm | WRLD:1
  distinct thuldor's ivarstead.esp (Distinct Thuldor's Ivarstead) esl | masters: skyrim.esm, dawnguard.esm, hearthfires.esm, distinct interiors.esp, thuldor's ivarstead.esp | CELL:1
  thuldor's ivarstead - tweaks and fixes - ai overhaul.esp (Thuldor's Ivarstead - Tweaks and Addons) esl | masters: skyrim.esm, update.esm, ai overhaul.esp, thuldor's ivarstead - tweaks and fixes.esp, thuldor's ivarstead.esp | CELL:1 WRLD:1 PACK:1
  thuldor's ivarstead - tweaks and fixes - embersxd.esp (Thuldor's Ivarstead - Tweaks and Addons) esl | masters: skyrim.esm, embers xd.esp, thuldor's ivarstead.esp, thuldor's ivarstead - tweaks and fixes.esp | CELL:1
  thuldor's ivarstead - tweaks and fixes.esp (Thuldor's Ivarstead - Tweaks and Addons) esl | masters: skyrim.esm, update.esm, hearthfires.esm, thuldor's ivarstead.esp | TXST:1 FACT:1 STAT:1 FURN:1 NPC_:1 NAVI:1 CELL:1 WRLD:1 DIAL:1 PACK:1 LCTN:1 RELA:1
  thuldor's ivarstead.esp (Thuldor's Ivarstead) | masters: skyrim.esm, update.esm, hearthfires.esm | FACT:1 BOOK:1 CONT:1 STAT:1 NPC_:1 KEYM:1 NAVI:1 CELL:1 WRLD:1 DIAL:1 QUST:1 PACK:1 FLST:1 VTYP:1 LCTN:1 DLBR:1 DLVW:1
  rodryksdragonbridge.esp (Rodryk's Dragon Bridge) | masters: skyrim.esm, update.esm, hearthfires.esm | TXST:1 BOOK:1 DOOR:1 LIGH:1 MISC:1 STAT:1 MSTT:1 FURN:1 NAVI:1 CELL:1 WRLD:1 LGTM:1
  jk's sky haven temple.esp (JK's Sky Haven Temple) esl | masters: skyrim.esm, update.esm, dawnguard.esm, hearthfires.esm, dragonborn.esm | TXST:1 ACTI:1 CONT:1 DOOR:1 LIGH:1 MISC:1 STAT:1 TREE:1 FURN:1 NAVI:1 CELL:1 WRLD:1
  jk's high hrothgar.esp (JK's High Hrothgar) esl | masters: skyrim.esm, update.esm, dawnguard.esm, hearthfires.esm, dragonborn.esm | TXST:1 GLOB:1 CONT:1 STAT:1 MSTT:1 FURN:1 NAVI:1 CELL:1 WRLD:1 QUST:1 FLST:1
  jetsresources.esp (Jets Resources) | masters: skyrim.esm, update.esm, hearthfires.esm | ACTI:1 CONT:1 MISC:1 STAT:1 FURN:1 WEAP:1 CELL:1
  strotimushroomhouse.esp (Stroti's Mushroom House Resource) | masters: skyrim.esm, update.esm | ACTI:1 BOOK:1 DOOR:1 STAT:1 FURN:1 CELL:1 WRLD:1
  hsresources.esl (HS Resources) esm esl | masters: skyrim.esm, update.esm, dawnguard.esm, hearthfires.esm, dragonborn.esm | TXST:1 ACTI:1 CONT:1 DOOR:1 LIGH:1 STAT:1 MSTT:1 FLOR:1 FURN:1 LVLI:1 FLST:1
  orc strongholds - largashbur.esp (Orc Strongholds - Largashbur) esl | masters: skyrim.esm, update.esm, dawnguard.esm, hearthfires.esm, dragonborn.esm | CONT:1 DOOR:1 MISC:1 STAT:1 TREE:1 NPC_:1 NAVI:1 CELL:1 WRLD:1 PACK:1
  sse_tghqo.esp (SSE Thieves Guild Overhaul w General Stores) | masters: skyrim.esm, update.esm, dawnguard.esm, hearthfires.esm, dragonborn.esm, generalstores.esm | TXST:1 FACT:1 ACTI:1 ARMO:1 BOOK:1 CONT:1 DOOR:1 LIGH:1 MISC:1 STAT:1 MSTT:1 FURN:1 WEAP:1 NPC_:1 KEYM:1 NAVI:1 CELL:1 WRLD:1 QUST:1 FLST:1 ARMA:1 ECZN:1 LCTN:1 LGTM:1 RELA:1 OTFT:1
  generalstores.esm (General Stores - Auto Sorting Cloud Storage Resource for packrats SE Convert) esm | masters: skyrim.esm, update.esm, dawnguard.esm, hearthfires.esm, dragonborn.esm | TXST:1 SOUN:1 ACTI:1 CONT:1 STAT:1 NAVI:1 CELL:1 EXPL:1 FLST:1 MESG:1 SNDR:1
  gdos - glorious solitude door - rotation fix.esp (Glorious Doors of Skyrim (GDOS)) esl | masters: skyrim.esm | WRLD:1
  gdos - splendid mechanized dwemer door.esp (Glorious Doors of Skyrim (GDOS)) esl | masters: skyrim.esm | SOUN:1 SNDR:1
  burp_spelltomes.esp (BURP - Spell Tomes (SkyPatched)) esl | masters: skyrim.esm, update.esm, dawnguard.esm, dragonborn.esm, unofficial skyrim special edition patch.esp | TXST:1 STAT:1 LSCR:1
  burp_spelltomes_new.esp (BURP Spell Tomes Patches) esl | masters: skyrim.esm, burp_spelltomes.esp | TXST:1 STAT:1 LSCR:1
  burpst_additemmenu.esp (BURP Spell Tomes) esl | masters: skyrim.esm, additemmenuse.esp, burp_spelltomes.esp | BOOK:1
  burpst_apocalypse.esp (BURP Spell Tomes) esl | masters: skyrim.esm, apocalypse - magic of skyrim.esp, burp_spelltomes.esp | BOOK:1
  burpst_cpatch_immersivesounds.esp (BURP Spell Tomes) esl | masters: skyrim.esm, update.esm, immersive sounds - compendium.esp, burp_spelltomes.esp | MGEF:1
  burp_spelltomes.esp (BURP Spell Tomes) esl | masters: skyrim.esm, update.esm, dawnguard.esm, dragonborn.esm, unofficial skyrim special edition patch.esp | TXST:1 BOOK:1 STAT:1 LSCR:1
  kanjs - aio books patch.esl (Kanjs - Books AIO Animated (SkyPatched)) esl | masters: skyrim.esm | STAT:1
  kanjs - aio books patch.esl (Kanjs - Books All In One) esl | masters: skyrim.esm | BOOK:1 STAT:1
  book covers skyrim - lost library.esp (Book Covers Skyrim - Lost Library REDUX 4K-2K) esl | masters: skyrim.esm, update.esm, dawnguard.esm, hearthfires.esm, dragonborn.esm | TXST:1 BOOK:1 CONT:1 STAT:1 LVLI:1 CELL:1 WRLD:1 QUST:1
  book covers skyrim - lost library0.esp (Book Covers Skyrim - Lost Library REDUX 4K-2K) esl | masters: - | 
  book covers skyrim - lost library1.esp (Book Covers Skyrim - Lost Library REDUX 4K-2K) esl | masters: - | 
  book covers skyrim - lost library2.esp (Book Covers Skyrim - Lost Library REDUX 4K-2K) esl | masters: - | 
  book covers skyrim - lost library.esp (Book Covers Skyrim - Lost Library) | masters: skyrim.esm, update.esm, dawnguard.esm, hearthfires.esm, dragonborn.esm | TXST:1 BOOK:1 CONT:1 STAT:1 LVLI:1 CELL:1 WRLD:1 QUST:1
  book covers skyrim.esp (Book Covers Skyrim - SkyPatched) | masters: skyrim.esm, update.esm, dawnguard.esm, hearthfires.esm, dragonborn.esm | TXST:1 STAT:1
  book covers skyrim.esp (Book Covers Skyrim) | masters: skyrim.esm, update.esm, dawnguard.esm, hearthfires.esm, dragonborn.esm | TXST:1 BOOK:1 STAT:1 CELL:1 WRLD:1
  books of skyrim - rs children patch.esp (Books of Skyrim SE - Redux) esl | masters: skyrim.esm, update.esm, rskyrimchildren.esm, booksofskyrim.esp | NPC_:1
  booksofskyrim.esp (Books of Skyrim SE - Redux) esl | masters: skyrim.esm, update.esm, dragonborn.esm | FACT:1 CONT:1 LIGH:1 STAT:1 MSTT:1 NPC_:1 KEYM:1 LVLI:1 NAVI:1 CELL:1 WRLD:1 PACK:1 FLST:1 ECZN:1 LCTN:1 RELA:1 OTFT:1
  booksofskyrim.esp (Books of Skyrim SE) | masters: skyrim.esm, update.esm | FACT:1 CONT:1 STAT:1 MSTT:1 NPC_:1 KEYM:1 LVLI:1 NAVI:1 CELL:1 WRLD:1 PACK:1 FLST:1 ECZN:1 LCTN:1 RELA:1 OTFT:1
  lovecraftbooks.esp (HP Lovecraft Books (SSE)) | masters: skyrim.esm | BOOK:1 CONT:1 LVLI:1 CELL:1 WRLD:1
  namelessstandingstones.esp (Randomized Standing Stones - Base Object Swapper) esl | masters: skyrim.esm | WRLD:1
  stoneloverfix.esp (Standing Stone the Lover) esl | masters: skyrim.esm, update.esm | WRLD:1
  menhir - standing stones of skyrim.esp (Menhir - Standing Stones of Skyrim) | masters: skyrim.esm, update.esm, dawnguard.esm, hearthfires.esm, dragonborn.esm | MGEF:1 SPEL:1 LSCR:1 PERK:1 MESG:1
  ryn's standing stones.esp (Ryn's Standing Stones) esl | masters: skyrim.esm, update.esm, dawnguard.esm, hearthfires.esm, dragonborn.esm | BOOK:1 NPC_:1 NAVI:1 WRLD:1 LCTN:1
  andromeda - unique standing stones of skyrim.esp (Andromeda - Unique Standing Stones of Skyrim) | masters: skyrim.esm, update.esm, dawnguard.esm | KYWD:1 GLOB:1 SOUN:1 MGEF:1 SPEL:1 BOOK:1 CONT:1 LIGH:1 STAT:1 NPC_:1 PROJ:1 HAZD:1 LVLI:1 RFCT:1 CELL:1 DIAL:1 QUST:1 LSCR:1 EFSH:1 EXPL:1 IMAD:1 FLST:1 PERK:1 MESG:1 ARTO:1 SNDR:1
  db surrender.esp (Surrender - Enemies Yield and Comply with Your Demands) esl | masters: skyrim.esm | GLOB:1 FACT:1 MGEF:1 SPEL:1 DIAL:1 QUST:1 PERK:1 DLBR:1 DLVW:1
  hfs_archerytarget_remodel_(bos).esp (HFs - Archery target remodel - Diverse BOS) esl | masters: skyrim.esm | STAT:1
  diverse archery targets bos.esp (Diverse Archery Targets - Base Object Swapper) esl | masters: skyrim.esm | STAT:1
  lockmaster.esl (LockMaster - Lock Doors Containers and Usable Skeleton Key) esl | masters: skyrim.esm | GLOB:1 MGEF:1 SPEL:1 ARMO:1 MISC:1 COBJ:1 QUST:1 PERK:1 MESG:1
  bbd_skeletonkey.esp (Skeleton Key is a Key SE) | masters: skyrim.esm, update.esm | MGEF:1 SPEL:1 CONT:1 KEYM:1 CELL:1 QUST:1 PERK:1 AVIF:1 MESG:1
  _pocketcraftshop.esp (Pocket Crafting Shop SSE) | masters: skyrim.esm, update.esm | GLOB:1 MGEF:1 ENCH:1 ARMO:1 CONT:1 LIGH:1 FURN:1 COBJ:1 NAVI:1 CELL:1 WRLD:1 QUST:1 LCTN:1 MESG:1 SNDR:1
  diverse tanning racks.esp (Diverse Tanning Racks - Base Object Swapper) esl | masters: skyrim.esm, update.esm, dawnguard.esm, hearthfires.esm, dragonborn.esm | FURN:1
  crossbow integration - no waccf.esp (Crossbow Integration (Including Creation Club)) esl | masters: skyrim.esm, update.esm, dawnguard.esm, hearthfires.esm, dragonborn.esm, unofficial skyrim special edition patch.esp, crossbow integration.esp | WEAP:1 PROJ:1
  crossbow integration.esp (Crossbow Integration (Including Creation Club)) esl | masters: skyrim.esm, update.esm, dawnguard.esm, hearthfires.esm, dragonborn.esm, unofficial skyrim special edition patch.esp | KYWD:1 GLOB:1 BOOK:1 CONT:1 WEAP:1 AMMO:1 NPC_:1 COBJ:1 PROJ:1 LVLI:1 LSCR:1 EXPL:1
  quickberi.esp (Quick Beri - Wearable particle light lanterns SPIDified (CS and ENB)) | masters: skyrim.esm, update.esm, hearthfires.esm | KYWD:1 GLOB:1 SOUN:1 MGEF:1 SPEL:1 ARMO:1 LIGH:1 RFCT:1 CELL:1 QUST:1 FLST:1 ARMA:1 ARTO:1 SNDR:1
  eld-beri.esp (Eld-beri II - Full Particle Light lantern mod (CS LLF or ENB Light)) esl | masters: skyrim.esm | GLOB:1 SOUN:1 MGEF:1 SPEL:1 ARMO:1 MISC:1 NPC_:1 COBJ:1 LVLI:1 RFCT:1 CELL:1 QUST:1 PACK:1 ARMA:1 ARTO:1 SNDR:1
  buylumberinlargerstacks.esp (Buy Lumber In Larger Stacks) | masters: skyrim.esm, update.esm, hearthfires.esm | GLOB:1 DIAL:1 QUST:1
  racechanger.esp (Lossless Race Change) | masters: skyrim.esm | MGEF:1 SPEL:1 QUST:1 MESG:1
  aedrarace.esp (Aedra Race - Powers Once Lost) | masters: skyrim.esm, update.esm, dawnguard.esm, hearthfires.esm, dragonborn.esm, apachiihair.esm, racecompatibility.esm, high poly head.esm, unofficial skyrim special edition patch.esp, p1flyingring.esp, animated wings ultimate.esp | TXST:1 GLOB:1 HDPT:1 RACE:1 MGEF:1 SPEL:1 ACTI:1 ARMO:1 BOOK:1 NPC_:1 LVLI:1 CELL:1 WRLD:1 DIAL:1 QUST:1 PACK:1 FLST:1 ARMA:1 DLBR:1 DLVW:1 RELA:1
  dynamicwindskyrim.esp (Dynamic Wind Skyrim) esl | masters: skyrim.esm, update.esm, dawnguard.esm, hearthfires.esm, dragonborn.esm | MSTT:1
  fleshfx.esp (FleshFX) esl | masters: skyrim.esm, update.esm | MGEF:1 EFSH:1
  clear shaders.esp (Universal Unwanted Effects Clearer - Visual Effects - Imagespace Modifiers - Effect Shaders - Clairvoyance) esl | masters: skyrim.esm | MGEF:1 SPEL:1 QUST:1
  dd - enhanced blood main.esp (Enhanced Blood Textures) | masters: skyrim.esm, update.esm, dawnguard.esm, dragonborn.esm | GMST:1 KYWD:1 TXST:1 GLOB:1 MGEF:1 SPEL:1 ARMO:1 RFCT:1 QUST:1 IPCT:1 IPDS:1 MESG:1 ARTO:1 SNDR:1
  frost meshes patch.esp (Arctic - Frost Effects Redux) esl | masters: skyrim.esm | HAZD:1 IPCT:1
  deadlyspellimpacts - two fire.esp (Parallax Spell Impacts) esl | masters: skyrim.esm, update.esm, deadlyspellimpacts.esp, psi.esp | TXST:1 IPCT:1
  psi.esp (Parallax Spell Impacts) esl | masters: skyrim.esm, dragonborn.esm, deadlyspellimpacts.esp | TXST:1 PROJ:1 IPCT:1
  deadlyspellimpacts.esp (Deadly Spell Impacts) esl | masters: skyrim.esm, update.esm, dawnguard.esm, hearthfires.esm, dragonborn.esm | TXST:1 IPCT:1 IPDS:1
  cheat room edit.esp (Cheat Room - Additions and Merchant NPC) esl | masters: skyrim.esm, update.esm, dawnguard.esm, hearthfires.esm, dragonborn.esm, cheat room.esp | FACT:1 CONT:1 FURN:1 NPC_:1 LVLI:1 CELL:1 OTFT:1
  cheat room edit.esp (Cheat Room) esl | masters: skyrim.esm, cheat room.esp | CELL:1
  cheat room.esp (Cheat Room) | masters: skyrim.esm, update.esm, dawnguard.esm, hearthfires.esm, dragonborn.esm | GLOB:1 MGEF:1 ENCH:1 SPEL:1 ACTI:1 TACT:1 ARMO:1 BOOK:1 CONT:1 STAT:1 WEAP:1 AMMO:1 NPC_:1 ALCH:1 NAVI:1 CELL:1 DIAL:1 QUST:1 PACK:1 FLST:1 ARMA:1 MESG:1 DLBR:1 RELA:1
  cheat room.esp (Bradenm1's Cheat Room Legendary Edition) | masters: skyrim.esm, update.esm, dawnguard.esm, hearthfires.esm, dragonborn.esm | GLOB:1 MGEF:1 ENCH:1 SPEL:1 ACTI:1 TACT:1 ARMO:1 BOOK:1 CONT:1 STAT:1 WEAP:1 AMMO:1 NPC_:1 ALCH:1 NAVI:1 CELL:1 DIAL:1 QUST:1 PACK:1 FLST:1 ARMA:1 MESG:1 DLBR:1 RELA:1
  apachii_divineelegancestore.esm (Apachii Divine Elegance Store) esm | masters: skyrim.esm, update.esm | TXST:1 FACT:1 HDPT:1 MGEF:1 ENCH:1 ARMO:1 CONT:1 DOOR:1 LIGH:1 MISC:1 STAT:1 MSTT:1 FURN:1 WEAP:1 AMMO:1 NPC_:1 COBJ:1 PROJ:1 LVLI:1 NAVI:1 CELL:1 WRLD:1 PACK:1 ARMA:1 LCTN:1 OTFT:1
  apachii_divineelegancestore_dawnguard_patch.esp (Apachii Divine Elegance Store) esl | masters: skyrim.esm, update.esm, dawnguard.esm, apachii_divineelegancestore.esm | RACE:1 NAVI:1 WRLD:1
  apachii_divineelegancestore_patch.esp (Apachii Divine Elegance Store) esl | masters: skyrim.esm, update.esm, apachii_divineelegancestore.esm | RACE:1 NAVI:1 WRLD:1
  skyrim trading posts.esp (Skyrim Trading Posts Remastered - SSE) | masters: skyrim.esm, update.esm | FACT:1 ACTI:1 BOOK:1 CONT:1 MISC:1 NPC_:1 KEYM:1 ALCH:1 NAVI:1 CELL:1 WRLD:1
  shalidor's maze fixes.esp (Labyrinthian Shalidor's Maze Fixes) esl | masters: skyrim.esm | STAT:1 WRLD:1 QUST:1
  ahzbetterdgentrancese.esp (Immersive Dawnguard Dayspring Pass SE (IDDP)) | masters: skyrim.esm, update.esm, dawnguard.esm | REGN:1 NAVI:1 WRLD:1 QUST:1
  undriel_gems_in_skyrim_se.esp (Gems in All Mines - SE) esl | masters: skyrim.esm, update.esm, dawnguard.esm, dragonborn.esm | ACTI:1 CELL:1 WRLD:1
  wavy waterfalls effect.esp (WAVY Waterfalls Effect) esl | masters: skyrim.esm, update.esm, dawnguard.esm, hearthfires.esm, dragonborn.esm | MSTT:1 CELL:1 WRLD:1
  natural waterfalls - dawnguard.esp (Natural Waterfalls) esm esl | masters: skyrim.esm, dawnguard.esm, natural waterfalls.esp | WRLD:1 LCTN:1
  natural waterfalls - dragonborn.esp (Natural Waterfalls) esm esl | masters: skyrim.esm, dragonborn.esm, natural waterfalls.esp | WRLD:1 LCTN:1
  natural waterfalls - sounds.esp (Natural Waterfalls) esl | masters: skyrim.esm, update.esm, dawnguard.esm | SNDR:1
  natural waterfalls.esp (Natural Waterfalls) esm | masters: skyrim.esm, update.esm, dawnguard.esm, hearthfires.esm | STAT:1 WRLD:1 LCTN:1
  crystal clear frozen lakes and ponds.esp (Crystal Clear Frozen Lakes and Ponds) esl | masters: skyrim.esm, dawnguard.esm | MATT:1
  gkbwavesreborn.esp (GKB Waves Reborn) esm | masters: skyrim.esm, update.esm, dawnguard.esm, dragonborn.esm | STAT:1 MSTT:1 WRLD:1
  wavetest.esp (GKB Waves) | masters: skyrim.esm, update.esm | STAT:1 WRLD:1
  underwaterblackreach.esp (Underwater Blackreach) esl | masters: skyrim.esm, update.esm, dawnguard.esm, hearthfires.esm, dragonborn.esm | TXST:1 ARMO:1 BOOK:1 CONT:1 STAT:1 TREE:1 FLOR:1 NPC_:1 WRLD:1 ARMA:1 MESG:1
  underwater skyrim- rivers and lakes- no slaughterfish patch.esp (Underwater Skyrim- Rivers and Lakes) esl | masters: skyrim.esm, update.esm, dawnguard.esm, hearthfires.esm, dragonborn.esm, ccqdrsse001-survivalmode.esl, uwrl_underwaterskyrimriversandlakes.esp | WRLD:1
  uwrl_underwaterskyrimriversandlakes.esp (Underwater Skyrim- Rivers and Lakes) esl | masters: skyrim.esm, update.esm, dawnguard.esm, hearthfires.esm, dragonborn.esm, ccqdrsse001-survivalmode.esl | TXST:1 SOUN:1 MGEF:1 ACTI:1 TACT:1 BOOK:1 CONT:1 DOOR:1 STAT:1 FLOR:1 NPC_:1 KEYM:1 ALCH:1 NAVI:1 CELL:1 WRLD:1 PACK:1 FLST:1 LCTN:1 OTFT:1 SNDR:1
  depthsofskyrim.esp (Depths of Skyrim - An Underwater Overhaul SSE) | masters: skyrim.esm, update.esm, dawnguard.esm, hearthfires.esm, dragonborn.esm | TXST:1 LTEX:1 BOOK:1 CONT:1 LIGH:1 STAT:1 GRAS:1 TREE:1 NPC_:1 KEYM:1 CELL:1 WRLD:1 FLST:1
  defaultcubemapfix.esp (Green Water Cubemap Fix) esl | masters: - | GMST:1
  water mod.esp (Simplicity of Sea - Water Color Tweaks) esl | masters: skyrim.esm, update.esm, dawnguard.esm, dragonborn.esm | GMST:1 WATR:1
  cathedral - water.esp (Cathedral - Water Overhaul and Bug Fixes) | masters: skyrim.esm, update.esm, dawnguard.esm, dragonborn.esm | WATR:1
  water mod.esp (Water Mod) esl | masters: skyrim.esm, update.esm, dawnguard.esm, dragonborn.esm | GMST:1 WATR:1
  landscape and water fixes - cc fishing patch.esp (Skyrim Landscape and Water Fixes) esl | masters: skyrim.esm, update.esm, dawnguard.esm, hearthfires.esm, dragonborn.esm, ccbgssse001-fish.esm, unofficial skyrim special edition patch.esp, landscape and water fixes.esp | WRLD:1
  landscape and water fixes - helgen reborn - patch.esp (Skyrim Landscape and Water Fixes) esl | masters: skyrim.esm, landscape and water fixes.esp, helgen reborn.esp | WRLD:1
  landscape and water fixes - patch - lffgm.esp (Skyrim Landscape and Water Fixes) esl | masters: skyrim.esm, update.esm, dawnguard.esm, hearthfires.esm, dragonborn.esm, unofficial skyrim special edition patch.esp, landscape and water fixes.esp, landscape fixes for grass mods.esp | LTEX:1 WRLD:1
  landscape and water fixes - patch - navigator esl.esp (Skyrim Landscape and Water Fixes) esl | masters: skyrim.esm, landscape and water fixes.esp, navigator-navfixes.esl | CELL:1
  landscape and water fixes - patch - usmp.esp (Skyrim Landscape and Water Fixes) esl | masters: skyrim.esm, dragonborn.esm, landscape and water fixes.esp, unofficial skyrim modders patch.esp | WRLD:1
  landscape and water fixes.esp (Skyrim Landscape and Water Fixes) esm esl | masters: skyrim.esm, update.esm, dawnguard.esm, hearthfires.esm, dragonborn.esm, unofficial skyrim special edition patch.esp | FACT:1 LTEX:1 ACTI:1 STAT:1 MSTT:1 FLOR:1 NAVI:1 CELL:1 WRLD:1 DIAL:1 FLST:1 DLBR:1
  skyrim landscape and water fixes - light sources.esp (Skyrim Landscape and Water Fixes) esm esl | masters: skyrim.esm | WRLD:1
  potions.esp (XxAwesome_PotionsxX SSE - SkyPatcher) esl | masters: skyrim.esm | TXST:1
  praedysazurasrealm.esp (Praedy's Azura's Star and Realm - SE) esl | masters: skyrim.esm, dawnguard.esm | TXST:1 GLOB:1 MGEF:1 SPEL:1 ACTI:1 DOOR:1 STAT:1 MSTT:1 NAVI:1 CELL:1 WRLD:1 QUST:1 LCTN:1
  awesome potions simplified by revoith.esp (Awesome Potions Simplified by Revoith) esl | masters: skyrim.esm | ALCH:1
  cultured orc furniture.esp (Cultured Orc Furniture) esl | masters: skyrim.esm, update.esm, dawnguard.esm, hearthfires.esm, dragonborn.esm | CONT:1 MISC:1 STAT:1 FURN:1 CELL:1 WRLD:1
  immersivehdbanners.esp (Immersive HD Banners) | masters: skyrim.esm, update.esm, dawnguard.esm | TXST:1 MSTT:1
  js instruments of skyrim se - uniques.esp (JS Instruments of Skyrim SE) esl | masters: skyrim.esm | MISC:1 QUST:1
  js dragon claws ae - helgen reborn.esp (JS Dragon Claws AE Anniversary Edition) esl | masters: skyrim.esm, helgen reborn.esp | ACTI:1 MISC:1
  rallysanimmarket.esp (Rally's Market Stalls) esl | masters: skyrim.esm, update.esm | TREE:1
  oreingotsfadingsignal.esp (Metallurgy - Ingots Ore and Veins HD) esl | masters: skyrim.esm | GLOB:1
  oreveintexturefix.esp (Ore Vein Texture Fix) esl | masters: skyrim.esm | ACTI:1
  diverse foods.esp (Diverse Foods - Base Object Swapper) | masters: skyrim.esm, update.esm | INGR:1 ALCH:1 COBJ:1
  diverse_breads_bos.esp (Diverse Foods - Base Object Swapper) esl | masters: skyrim.esm, update.esm | ALCH:1
  kanjs - aio soup and stew.esl (Kanjs - Soup and Stew All In One Animated) esl | masters: skyrim.esm, update.esm, dawnguard.esm, hearthfires.esm, dragonborn.esm | ALCH:1
  js dwarven oil se.esp (JS Dwarven Oil SE - 2k Textures) esl | masters: skyrim.esm, update.esm, dawnguard.esm, hearthfires.esm, dragonborn.esm | INGR:1
  ballistacrashfix.esp (Dwemer Ballista Crash fix) esl | masters: skyrim.esm, dragonborn.esm | IDLE:1
  skyrim remastered - ice caves fix.esp (Skyrim Remastered - Caves) esl | masters: skyrim.esm | STAT:1
  sepolcri.esp (Sepolcri - A complete Burial Sites overhaul) | masters: skyrim.esm, update.esm, hearthfires.esm | ACTI:1 STAT:1 MSTT:1 TREE:1 NAVI:1 WRLD:1
  dungeonsrevisited.esp (Dungeons - Revisited) | masters: skyrim.esm, update.esm, dawnguard.esm, hearthfires.esm, dragonborn.esm | ACTI:1 NAVI:1 CELL:1 WRLD:1 LCTN:1 MESG:1
  dovahnique's diverse vendor carts - bos.esp (Dovahnique's Diverse Vendor Carts - Base Object Swapper) esl | masters: skyrim.esm | STAT:1
  khajiit has tents-animated.esp (Khajiit Has Tents Animated) esl | masters: skyrim.esm, khajiit has tents.esp | TREE:1
  khajiit has tents.esp (Khajiit Has Tents 2k) esl | masters: skyrim.esm, update.esm | STAT:1 NAVI:1 WRLD:1
  utenlands nordic tents - bos variance.esp (Utenlands Nordic Tents - BOS Color Variance) esl | masters: skyrim.esm | STAT:1
  unique festival ropes.esp (Unique Festival Ropes) esl | masters: - | TXST:1 STAT:1
  orcish lanterns for largashbur bos.esp (Orcish Lanterns for Orc Strongholds by Jjerem - Base Object Swapper) esl | masters: skyrim.esm | MSTT:1
  spiceoflife - orclstrongholds.esp (Spice Of Life - Orc Longhouses) | masters: skyrim.esm, update.esm | TXST:1 DOOR:1 STAT:1 FURN:1 CELL:1 WRLD:1
  unique nvfh - non snowy regions.esp (Unique Northern Vanilla Farmhouses - Non Snowy Regions) esl | masters: skyrim.esm | STAT:1
  diverse logs bos.esp (Diverse Downed Logs - Base Object Swapper) esl | masters: skyrim.esm, update.esm, dawnguard.esm, hearthfires.esm, dragonborn.esm | STAT:1
  stuieappleseed.esp (DMT's Stuie Appleseeds Apple Trees in Skyrim) | masters: skyrim.esm, update.esm, dawnguard.esm, hearthfires.esm, dragonborn.esm, unofficial skyrim special edition patch.esp | CONT:1 MISC:1 TREE:1 NPC_:1 LVLI:1 NAVI:1 CELL:1 WRLD:1 PACK:1 LCTN:1 RELA:1
  skyfall sleeping tree overhaul.esp (Skyfall's Sleeping Hist Tree Overhaul) esl | masters: skyrim.esm, update.esm, dawnguard.esm, hearthfires.esm, dragonborn.esm | SOUN:1 ACTI:1 LIGH:1 STAT:1 MSTT:1 TREE:1 WRLD:1 SNDR:1
  blubbo_gildergreen_2023.esp (Blubbos Gildergreen 2023) | masters: skyrim.esm, update.esm, dawnguard.esm, hearthfires.esm, dragonborn.esm | TREE:1 CELL:1 WRLD:1
  aspens ablaze.esp (Aspens Ablaze) | masters: skyrim.esm, update.esm, dawnguard.esm | TREE:1 REGN:1 WRLD:1
  fabledforests-ylikarborealpines-patch.esp (Fabled Forests - Arboreal Ascension Pines Mixed Patch) esl | masters: skyrim.esm, fabled forests.esp, ylikpines.esp | TREE:1
  ylikpines.esp (Arboreal Ascension - Enhanced Pine Trees of Skyrim) esl | masters: skyrim.esm | TREE:1
  fabled forests - exclude morthal marsh.esp (Fabled Forests - Exclude Morthal Marsh (Plus Various Enhanced Landscape - Dead Marsh Standalone Patches)) esl | masters: skyrim.esm, update.esm, hearthfires.esm, fabled forests.esp | WRLD:1
  fabled forests - ivy on trees.esp (Fabled Forests - Ivy on Trees) esl | masters: skyrim.esm, fabled forests.esp | TREE:1
  fabled forests - exclude towns villages inns aio.esp (Fabled Forests) esl | masters: skyrim.esm, update.esm, dragonborn.esm, fabled forests.esp | WRLD:1
  fabled forests - exlude named locations aio.esp (Fabled Forests) esl | masters: skyrim.esm, update.esm, dawnguard.esm, hearthfires.esm, dragonborn.esm, fabled forests.esp | WRLD:1
  fabled forests - no aspens outside the rift.esp (Fabled Forests) esl | masters: skyrim.esm, update.esm, dawnguard.esm, hearthfires.esm, dragonborn.esm, fabled forests.esp | WRLD:1
  fabled forests.esp (Fabled Forests) | masters: skyrim.esm, update.esm, dawnguard.esm, hearthfires.esm, dragonborn.esm | TXST:1 STAT:1 TREE:1 FURN:1 WRLD:1
  massive outstandingly insane swamp tree.esp (M.O.I.S.T. - Massive Outstandingly Insane Swamp Tree) esl | masters: skyrim.esm, update.esm, dawnguard.esm, hearthfires.esm, dragonborn.esm | TREE:1
  treeswinedave.esp (Trees Addon SE) | masters: skyrim.esm, update.esm | TREE:1 NAVI:1 WRLD:1
  happylittletrees.esp (Happy Little Trees) | masters: skyrim.esm, update.esm, dawnguard.esm, dragonborn.esm, hearthfires.esm | TXST:1 STAT:1 TREE:1 FURN:1 WRLD:1
  treescale.esm (Happy Little Trees) esm esl | masters: skyrim.esm, update.esm, dawnguard.esm, hearthfires.esm, dragonborn.esm | WRLD:1
  flower mod.esp (Reimagined Mountain Flowers - Base Object Swapper - Seasons of Skyrim) esl | masters: skyrim.esm, update.esm, dawnguard.esm | TREE:1
  hq ivy fences for riverwood.esp (High Quality Ivy for SD's Farmhouse Fences) esl | masters: skyrim.esm, update.esm, dawnguard.esm, hearthfires.esm, dragonborn.esm | STAT:1
  ivy replacer bos.esp (High Quality Ivy) esl | masters: skyrim.esm | STAT:1 TREE:1
  no more dead shrub.esp (No More Dead Shrub) esl | masters: skyrim.esm | TREE:1
  dimmer - snowywhitemountainsbds.esp (Paraphernalia - Snow Colour Fixes) | masters: skyrim.esm | MATO:1
  better dynamic snow se - disablerefs.esm (Better Dynamic Snow SE) esm | masters: skyrim.esm, update.esm, dawnguard.esm, hearthfires.esm, dragonborn.esm | STAT:1 WRLD:1 MATO:1
  better dynamic snow se - no glacier snow.esp (Better Dynamic Snow SE) esl | masters: skyrim.esm, update.esm | MATO:1
  better dynamic snow se.esp (Better Dynamic Snow SE) | masters: skyrim.esm, update.esm, dawnguard.esm, hearthfires.esm, dragonborn.esm, better dynamic snow se - disablerefs.esm | STAT:1 WRLD:1 MATO:1
  simple snow improvements - solstheim ruins.esp (Simple Snow Improvements - Solstheim Ruins (BOS)) esl | masters: skyrim.esm, simple snow improvements - skyrim.esp, dragonborn.esm | STAT:1
  simple snow improvements - snow forts.esp (Simple Snow Improvements - Snow Forts (BOS)) esl | masters: skyrim.esm, simple snow improvements - skyrim.esp | STAT:1
  simple snow improvements - skyrim.esp (Simple Snow Improvements - Skyrim Fixes (BOS)) esl | masters: skyrim.esm | STAT:1
  simple snow improvements - giant obelisk.esp (Simple Snow Improvements - Giant Obelisk Fixes (BOS)) esl | masters: skyrim.esm, simple snow improvements - skyrim.esp | STAT:1
  glaciertxts.esp (Multilayer Glacier Replacer) esl | masters: skyrim.esm, dawnguard.esm, dragonborn.esm | STAT:1 FURN:1 EXPL:1
  skyrim 3d roads.esp (Skyrim 3D roads) | masters: skyrim.esm, update.esm | STAT:1
  blendedroadsfixes.esp (Misc. Blended Road Fixes) esl | masters: skyrim.esm | WRLD:1
  blendedroads.esp (Blended Roads) esl | masters: skyrim.esm, update.esm, dawnguard.esm, hearthfires.esm, dragonborn.esm | TXST:1 STAT:1
  skyrim better roads - all in one - merged - patched.esp (Skyrim Better Roads) | masters: skyrim.esm, update.esm, skyrim better roads - all in one - merged.esp | WRLD:1
  skyrim better roads and bridges - all in one - merged.esp (Skyrim Better Roads) | masters: skyrim.esm, update.esm | WRLD:1
  landscape seam fixes.esp (Landscape Seam Fixes) | masters: skyrim.esm, update.esm, dawnguard.esm, hearthfires.esm, dragonborn.esm, landscape fixes for grass mods.esp | WRLD:1
  tomato landscape - blended roads patch.esp (Tomato's Landscape - Blended Roads CM Patch) esl | masters: skyrim.esm | TXST:1
  tomato landscape - tpbf patch.esp (Tomato's Complex Parallax Material Landscapes AIO - With DLCs) esl | masters: skyrim.esm, update.esm, dawnguard.esm, dragonborn.esm, parallax txst fixes.esp, tomato landscape.esp | TXST:1
  tomato landscape.esp (Tomato's Complex Parallax Material Landscapes AIO - With DLCs) esl | masters: skyrim.esm, update.esm, dawnguard.esm, dragonborn.esm | TXST:1
  atlantean landscape - lffgm patch.esp (Atlantean Landscape) esl | masters: skyrim.esm, landscape fixes for grass mods.esp, atlantean landscape.esp | LTEX:1
  atlantean landscape - slawf patch.esp (Atlantean Landscape) esl | masters: skyrim.esm, landscape and water fixes.esp, atlantean landscape.esp | STAT:1
  atlantean landscape - ussep patch.esp (Atlantean Landscape) esl | masters: skyrim.esm, unofficial skyrim special edition patch.esp, parallax txst fixes.esp, atlantean landscape.esp | ACTI:1
  atlantean landscape.esp (Atlantean Landscape) esl | masters: skyrim.esm, update.esm, dawnguard.esm, hearthfires.esm, dragonborn.esm, parallax txst fixes.esp | TXST:1 LTEX:1 ACTI:1 STAT:1 MSTT:1 FLOR:1 FURN:1 WRLD:1 MATT:1 MATO:1
  atlantean snowy bridges fix.esp (Atlantean Landscape) esl | masters: skyrim.esm, update.esm, parallax txst fixes.esp, atlantean landscape.esp | STAT:1 WRLD:1
  parallax txst fixes - atlantean landscape - bds 211 - patch.esp (Atlantean Landscape) esl | masters: skyrim.esm, update.esm, better dynamic snow.esp, parallax txst fixes.esp, atlantean landscape.esp | STAT:1
  stones of solitude.esp (Stones of Solitude - Better Blended Rock Piles) esl | masters: skyrim.esm | STAT:1
  parallax txst fixes - s3drocks.esp (Terrain Parallax Blending Fix) esl | masters: skyrim.esm, update.esm, s3drocks.esp, parallax txst fixes.esp, dragonborn.esm, hearthfires.esm | STAT:1
  parallax txst fixes - stretched snow begone.esp (Terrain Parallax Blending Fix) esl | masters: skyrim.esm, update.esm, stretched snow begone.esp, dawnguard.esm, parallax txst fixes.esp, dragonborn.esm | STAT:1
  parallax txst fixes - blendedroads.esp (Terrain Parallax Blending Fix) esl | masters: skyrim.esm, update.esm, blendedroads.esp, parallax txst fixes.esp | TXST:1 STAT:1
  parallax txst fixes - ccbgssse001-fish.esp (Terrain Parallax Blending Fix) esl | masters: skyrim.esm, update.esm, ccbgssse001-fish.esm, parallax txst fixes.esp | STAT:1
  parallax txst fixes - ccbgssse025-advdsgs.esp (Terrain Parallax Blending Fix) esl | masters: skyrim.esm, update.esm, ccbgssse025-advdsgs.esm, parallax txst fixes.esp | STAT:1
  parallax txst fixes - embers xd.esp (Terrain Parallax Blending Fix) esl | masters: skyrim.esm, update.esm, embers xd.esp, parallax txst fixes.esp, dragonborn.esm | STAT:1 MSTT:1
  parallax txst fixes - landscape and water fixes.esp (Terrain Parallax Blending Fix) esl | masters: skyrim.esm, update.esm, landscape and water fixes.esp, parallax txst fixes.esp | STAT:1 MSTT:1
  parallax txst fixes - shaders of solstheim.esp (Terrain Parallax Blending Fix) esl | masters: skyrim.esm, update.esm, shaders of solstheim.esp, dragonborn.esm, parallax txst fixes.esp | STAT:1
  parallax txst fixes - unofficial skyrim modders patch.esp (Terrain Parallax Blending Fix) esl | masters: skyrim.esm, update.esm, unofficial skyrim modders patch.esp, parallax txst fixes.esp | STAT:1
  parallax txst fixes - unofficial skyrim special edition patch.esp (Terrain Parallax Blending Fix) esl | masters: skyrim.esm, update.esm, unofficial skyrim special edition patch.esp, parallax txst fixes.esp | FURN:1
  parallax txst fixes - _resourcepack.esp (Terrain Parallax Blending Fix) esl | masters: skyrim.esm, update.esm, _resourcepack.esl | TXST:1
  parallax txst fixes.esp (Terrain Parallax Blending Fix) esl | masters: skyrim.esm, update.esm, dawnguard.esm, hearthfires.esm, dragonborn.esm | TXST:1 STAT:1 MSTT:1 FURN:1
  landscape fixes for grass mods.esp (Landscape Fixes For Grass Mods) | masters: skyrim.esm, update.esm, dawnguard.esm, hearthfires.esm, dragonborn.esm | LTEX:1 WRLD:1
  landscape for grass mods - helgen reborn patch.esp (Landscape Fixes For Grass Mods) esl | masters: skyrim.esm, update.esm, dawnguard.esm, hearthfires.esm, dragonborn.esm, landscape fixes for grass mods.esp, helgen reborn.esp | WRLD:1
  nograssias.esp (No Grassias - A Universal Grass Fix For Grass Mods) esl | masters: skyrim.esm, update.esm, dawnguard.esm, hearthfires.esm, dragonborn.esm | LTEX:1
  qw's grass patch 2.esp (QW's Grass Patch 2 - Origins of Forest - Cathedral - Folkvangr) esl | masters: skyrim.esm, update.esm, dawnguard.esm, hearthfires.esm, dragonborn.esm, cathedral - 3d pine grass.esp, origins of forest - 3d forest grass.esp, folkvangr - grass and landscape overhaul.esp | LTEX:1 GRAS:1 WRLD:1
  folkvangr - grass and landscape overhaul.esp (Folkvangr - Grass and Landscape Overhaul) | masters: skyrim.esm, update.esm, dawnguard.esm, hearthfires.esm | LTEX:1 GRAS:1 WRLD:1
  origins of forest - 3d forest grass.esp (Origins Of Forest - 3D Forest Grass) | masters: skyrim.esm, update.esm | LTEX:1 GRAS:1
  cathedral - 3d pine grass.esp (Cathedral - 3D Pine Grass) | masters: skyrim.esm, update.esm, dawnguard.esm, hearthfires.esm, dragonborn.esm | LTEX:1 GRAS:1
  dlizzio's mesh fixes.esp (Dlizzio's Mesh Fixes) esl | masters: skyrim.esm, update.esm, dragonborn.esm | TXST:1 STAT:1 WRLD:1
  shoresofskyrim.esp (Shores of Skyrim - Base Object Swapper) esl | masters: skyrim.esm, update.esm, dawnguard.esm, hearthfires.esm, dragonborn.esm | ACTI:1 INGR:1 MISC:1 STAT:1 FLOR:1 WRLD:1
  diverse windmill sails.esp (Diverse Windmill Sails - Base Object Swapper) esl | masters: skyrim.esm, update.esm, dawnguard.esm, hearthfires.esm, dragonborn.esm | MSTT:1
  lvxmagick - boats.esm (L.V.X Magick's - Boats) esm | masters: skyrim.esm, update.esm, dawnguard.esm, hearthfires.esm, dragonborn.esm | KYWD:1 TXST:1 GLOB:1 SOUN:1 MGEF:1 ENCH:1 SPEL:1 ACTI:1 ARMO:1 CONT:1 MISC:1 STAT:1 FURN:1 COBJ:1 CELL:1 WRLD:1 QUST:1 FLST:1 ARMA:1 MESG:1 SNDR:1
  shaders of solstheim.esp (Shaders of Solstheim - Ash and Moss) esl | masters: skyrim.esm, update.esm, dragonborn.esm | STAT:1 MATO:1
  praedysblackreachgemdeposits.esp (Praedy's Blackreach deposits glowing rocks and falmer cave ceiling glow) esl | masters: skyrim.esm | ACTI:1
  blackreach overhaul.esm (Blackreach Overhaul) esm | masters: skyrim.esm, update.esm, dawnguard.esm, hearthfires.esm, dragonborn.esm | MGEF:1 ACTI:1 ARMO:1 BOOK:1 CONT:1 DOOR:1 LIGH:1 MISC:1 STAT:1 MSTT:1 TREE:1 FURN:1 WEAP:1 NPC_:1 KEYM:1 WTHR:1 CLMT:1 NAVI:1 CELL:1 WRLD:1 PACK:1 EFSH:1 IMGS:1 ARMA:1 LCTN:1 OTFT:1
  hpp - my fixes by xtudo - chopping blocks.esp (High Poly Project - My fixes SE-AE by Xtudo) esl | masters: skyrim.esm, update.esm, dragonborn.esm | STAT:1 FURN:1
  winterhold restored - hpp patch by xtudo.esp (High Poly Project - My fixes SE-AE by Xtudo) esl | masters: skyrim.esm, winterhold restored.esp | CONT:1 FURN:1
  hpp - firewoodsnow.esp (High Poly Project) esl | masters: skyrim.esm | STAT:1 FURN:1
  hpp - vaermina's torpor.esp (High Poly Project) esl | masters: skyrim.esm | ALCH:1
  smim-se-merged-all.esp (Static Mesh Improvement Mod) | masters: skyrim.esm, update.esm, dawnguard.esm, dragonborn.esm | TXST:1 CONT:1 STAT:1 CELL:1 WRLD:1 MATO:1
  reverb interior sounds expansion.esp (Reverb Interior Sounds Expansion) esl | masters: skyrim.esm, dawnguard.esm, dragonborn.esm | SOUN:1 ASPC:1 REGN:1 SNDR:1 SNCT:1 SOPM:1 REVB:1
  aos_isc_integration.esp (Audio Overhaul - Immersive Sounds Integration (AOS - ISC Compatibility Patch)) esl | masters: skyrim.esm, dawnguard.esm, dragonborn.esm, audio overhaul skyrim.esp, immersive sounds - compendium.esp | IPDS:1 SNDR:1 SNCT:1
  immersive sounds - compendium.esp (Immersive Sounds - Compendium) | masters: skyrim.esm, update.esm, dawnguard.esm, dragonborn.esm | MGEF:1 ARMO:1 MISC:1 WEAP:1 PROJ:1 HAZD:1 SLGM:1 EFSH:1 EXPL:1 IPCT:1 IPDS:1 ARMA:1 FSTP:1 FSTS:1 SNDR:1 SNCT:1
  aos_ebt patch.esp (Audio Overhaul for Skyrim (4.1.2)) esl | masters: skyrim.esm, dd - enhanced blood main.esp, audio overhaul skyrim.esp | IPCT:1 IPDS:1
  audio overhaul skyrim.esp (Audio Overhaul for Skyrim (4.1.2)) | masters: skyrim.esm, update.esm, dawnguard.esm, hearthfires.esm, dragonborn.esm | GMST:1 KYWD:1 RACE:1 SOUN:1 ASPC:1 MGEF:1 STAT:1 PROJ:1 HAZD:1 WTHR:1 REGN:1 DIAL:1 EXPL:1 FLST:1 IPCT:1 IPDS:1 ARMA:1 FSTP:1 FSTS:1 SNDR:1 SNCT:1 SOPM:1 REVB:1
  acoustictemplatefixes.esp (Acoustic Space Improvement Fixes) esl | masters: skyrim.esm, update.esm, dawnguard.esm, dragonborn.esm | FACT:1 ASPC:1 LCTN:1
  acoustictemplatefixes_reverbinteriorsounds.esp (Acoustic Space Improvement Fixes) esl | masters: skyrim.esm, reverb interior sounds expansion.esp, acoustictemplatefixes.esp | ASPC:1
  terrainhelper.esp (Open Shaders) esl | masters: - | TXST:1
  nat iii - slfr - duskndawn - ecd - bizarre shadow fix.esp (NAT III Weather - From Dusk Till Dawn - Every Cloud Different - SLFR - Bizarre Shadow Fix - Compatibility Patch) esl | masters: skyrim.esm, dawnguard.esm, dragonborn.esm, nat-enb.esp, slfr - flare effect.esp, ecd.esp | WTHR:1
  ecd.esp (E.C.D. Every Cloud Different NAT Add On) esl | masters: skyrim.esm, update.esm, dawnguard.esm, dragonborn.esm, nat-enb.esp | WTHR:1 RFCT:1 ARTO:1
  shootingstars - remove leaflet.esp (Shooting Stars SE - Remove Leaflet) esl | masters: skyrim.esm, shootingstars.esp | QUST:1
  shootingstars.esp (Shooting Stars SE) esl | masters: skyrim.esm, update.esm | MGEF:1 SPEL:1 ACTI:1 BOOK:1 COBJ:1 PROJ:1 QUST:1 MESG:1
  moonsandstars.esp (Moons And Stars - Sky Overhaul) esl | masters: skyrim.esm | GMST:1
  rainbows remade.esp (Rainbows Remade) esl | masters: skyrim.esm | GLOB:1 MGEF:1 SPEL:1 ACTI:1 QUST:1
  distant rolling thunder.esp (Distant Rolling Thunder) esl | masters: skyrim.esm, update.esm | SNDR:1
  stormlightning.esp (Storm Lightning for SSE and VR (Minty Lightning 2019)) esl | masters: skyrim.esm | GLOB:1 MGEF:1 SPEL:1 ACTI:1 LIGH:1 PROJ:1 WRLD:1 QUST:1 EXPL:1 IMAD:1 FLST:1 SNDR:1 SNCT:1 SOPM:1
  slfr - flare effect.esp (Solar Lens Flare Redux (SLFR)) esl | masters: skyrim.esm, update.esm, dawnguard.esm, dragonborn.esm | LENS:1
  slfr - nat-enb iii.esp (Solar Lens Flare Redux (SLFR)) esl | masters: skyrim.esm, update.esm, dawnguard.esm, dragonborn.esm, nat-enb.esp, slfr - flare effect.esp | WTHR:1
  nat -duskndawn.esp (From Dusk Till Dawn) esl | masters: skyrim.esm, update.esm, dawnguard.esm, dragonborn.esm, nat-enb.esp | WTHR:1
  nat-enb.esp (NAT.ENB III - Natural and Atmospheric Tamriel ENB 3.1.1C) | masters: skyrim.esm, update.esm, dawnguard.esm, dragonborn.esm | GMST:1 ARMO:1 LIGH:1 STAT:1 WTHR:1 CLMT:1 SPGD:1 RFCT:1 REGN:1 WRLD:1 EFSH:1 IMGS:1 IMAD:1 ARTO:1 VOLI:1 SNDR:1 SNCT:1 LENS:1
  college of winterhold quest start fixes.esp (College of Winterhold Quest Start Fixes) esl | masters: skyrim.esm | QUST:1
  goodbrother.esp (Dark Brotherhood for Good Guys) | masters: skyrim.esm, update.esm | MGEF:1 SPEL:1 BOOK:1 CONT:1 MISC:1 NPC_:1 CELL:1 WRLD:1 DIAL:1 QUST:1 PERK:1 MESG:1 DLBR:1
  guild master's armor first person texture fix.esp (Guild Master's Armor First Person Texture Fix) esl | masters: skyrim.esm | TXST:1 ARMA:1
  revealing rune.esp (Revealing Rune) esl | masters: skyrim.esm | GLOB:1 BOOK:1 WRLD:1 DIAL:1 QUST:1 DLBR:1 DLVW:1
  localizedguildjobs.esp (Localized Thieves Guild Jobs) | masters: skyrim.esm, update.esm | KYWD:1 GLOB:1 MGEF:1 SPEL:1 ARMO:1 BOOK:1 WEAP:1 COBJ:1 CELL:1 WRLD:1 DIAL:1 QUST:1 PACK:1 FLST:1 ARMA:1 LCTN:1 DLBR:1
  dustmans cairn farkas scene fix.esp (Dustman's Cairn Farkas Scene Fix) esl | masters: skyrim.esm | CELL:1
  companions - don't be a milk drinker.esp (The Companions - Don't be a Milk Drinker) esl | masters: skyrim.esm | SMQN:1
  proving honor companions quest progression fix.esp (Proving Honor Companions Quest Progression Fix) esl | masters: skyrim.esm | WRLD:1
  fsa_findingsusannaalive_botir.esp (Finding Susanna Alive) esl | masters: skyrim.esm, unofficial skyrim special edition patch.esp, boti.esp | WRLD:1 QUST:1 SMQN:1
  boti.esp (Blood on the Ice Redux - Voiced ESP-FE) esl | masters: skyrim.esm, unofficial skyrim special edition patch.esp | DIAL:1 QUST:1 PACK:1 DLBR:1 DLVW:1 SCEN:1
  boti.esp (Blood on the Ice Redux SE) | masters: skyrim.esm, update.esm, dawnguard.esm, hearthfires.esm, dragonborn.esm, unofficial skyrim special edition patch.esp | DIAL:1 QUST:1 PACK:1 DLBR:1 DLVW:1 SCEN:1
  goodstormcloaks.esp (Stormcloaks For Good Guys-LESS RACIST) | masters: skyrim.esm, update.esm | CLAS:1 BOOK:1 NPC_:1 LVLN:1 LVLI:1 CELL:1 WRLD:1 DIAL:1 QUST:1 PACK:1 CSTY:1 LVSP:1 FLST:1 DLBR:1 DLVW:1 OTFT:1
  ak- namira for good guys.esp (Namira for Good Guys) | masters: skyrim.esm | GLOB:1 MGEF:1 SPEL:1 BOOK:1 CONT:1 NPC_:1 CELL:1 DIAL:1 QUST:1 DLBR:1 DLVW:1
  ak- boethiah alternate.esp (Boethiah for Good Guys) | masters: skyrim.esm | FURN:1 NPC_:1 NAVI:1 CELL:1 WRLD:1
  stalhrimsourcefix.esp (Source of Stalhrim Quest Fix) esl | masters: skyrim.esm, dragonborn.esm | DIAL:1
  favor quests seperated - bounty quests.esp (Favor Quests Separated) esl | masters: skyrim.esm, update.esm, dawnguard.esm, hearthfires.esm, dragonborn.esm, favor quests seperated.esp | DIAL:1 QUST:1 SMBN:1 SMQN:1
  favor quests seperated - ussep patch.esp (Favor Quests Separated) esl | masters: skyrim.esm, update.esm, dawnguard.esm, hearthfires.esm, dragonborn.esm, unofficial skyrim special edition patch.esp, favor quests seperated.esp | NPC_:1 DIAL:1 QUST:1
  favor quests seperated.esp (Favor Quests Separated) esl | masters: skyrim.esm, update.esm, dawnguard.esm, hearthfires.esm, dragonborn.esm | BOOK:1 LVLI:1 CELL:1 DIAL:1 QUST:1 PACK:1 FLST:1 SMBN:1 SMQN:1 DLBR:1 DLVW:1
  questsareinskyrimussep.esp (Quests Are In Skyrim) esl | masters: skyrim.esm, update.esm, dawnguard.esm, hearthfires.esm, dragonborn.esm, unofficial skyrim special edition patch.esp | QUST:1 FLST:1
  unique helgen reborn.esp (Unique Helgen Reborn) esl | masters: skyrim.esm | WRLD:1
  helgen reborn.esp (Helgen Reborn) | masters: skyrim.esm, update.esm | KYWD:1 TXST:1 GLOB:1 CLAS:1 FACT:1 SOUN:1 MGEF:1 ENCH:1 SPEL:1 ACTI:1 ARMO:1 BOOK:1 CONT:1 DOOR:1 LIGH:1 MISC:1 STAT:1 MSTT:1 FURN:1 WEAP:1 NPC_:1 KEYM:1 IDLM:1 COBJ:1 PROJ:1 NAVI:1 CELL:1 WRLD:1 DIAL:1 QUST:1 PACK:1 CSTY:1 EFSH:1 EXPL:1 IMAD:1 FLST:1 PERK:1 VTYP:1 ARMA:1 ECZN:1 LCTN:1 MESG:1 MUSC:1 DLBR:1 MUST:1 DLVW:1 SHOU:1 SCEN:1 OTFT:1 SNDR:1
  paarthurnaxquestexpansion.esp (Paarthurnax - Quest Expansion) esl | masters: skyrim.esm, update.esm, dragonborn.esm | GLOB:1 WRLD:1 DIAL:1 QUST:1 PACK:1 DLBR:1 DLVW:1 SCEN:1
  ax norushriften.esp (Don't Rush Me - Riften (No Brynjolf and Maul Forcegreets)) esl | masters: skyrim.esm | GLOB:1 QUST:1 PACK:1
  ebqo_qais-ussep_patch.esp (Even Better Quest Objectives - Quests Are In Skyrim Patch) esl | masters: skyrim.esm, dawnguard.esm, unofficial skyrim special edition patch.esp, questsareinskyrimussep.esp, betterquestobjectives.esp | QUST:1
  betterquestobjectives - bcs patch.esp (Even Better Quest Objectives SE) esl | masters: skyrim.esm, update.esm, dawnguard.esm, hearthfires.esm, dragonborn.esm, book covers skyrim.esp, betterquestobjectives.esp | BOOK:1
  betterquestobjectives - dark brotherhood for good guys patch.esp (Even Better Quest Objectives SE) esl | masters: skyrim.esm, update.esm, dawnguard.esm, hearthfires.esm, dragonborn.esm, goodbrother.esp, betterquestobjectives.esp | QUST:1
  betterquestobjectives - namira for good guys patch.esp (Even Better Quest Objectives SE) esl | masters: skyrim.esm, update.esm, dawnguard.esm, hearthfires.esm, dragonborn.esm, betterquestobjectives.esp, ak- namira for good guys.esp | QUST:1
  betterquestobjectives - questsareinskyrim patch.esp (Even Better Quest Objectives SE) esl | masters: skyrim.esm, update.esm, dawnguard.esm, hearthfires.esm, dragonborn.esm, questsareinskyrimussep.esp, betterquestobjectives.esp | QUST:1
  betterquestobjectives-paarexpansion patch.esp (Even Better Quest Objectives SE) esl | masters: skyrim.esm, update.esm, dawnguard.esm, hearthfires.esm, dragonborn.esm, betterquestobjectives.esp, paarthurnaxquestexpansion.esp | QUST:1
  betterquestobjectives.esp (Even Better Quest Objectives SE) esl | masters: skyrim.esm, update.esm, dawnguard.esm, hearthfires.esm, dragonborn.esm, unofficial skyrim special edition patch.esp | BOOK:1 QUST:1
  fortknox.esm (Fort Knox) esm | masters: skyrim.esm, update.esm, dawnguard.esm, hearthfires.esm, dragonborn.esm | KYWD:1 AACT:1 TXST:1 GLOB:1 FACT:1 HDPT:1 RACE:1 SOUN:1 MGEF:1 ENCH:1 SPEL:1 ACTI:1 ARMO:1 BOOK:1 CONT:1 DOOR:1 INGR:1 LIGH:1 MISC:1 STAT:1 MSTT:1 TREE:1 FURN:1 WEAP:1 AMMO:1 NPC_:1 KEYM:1 ALCH:1 IDLM:1 COBJ:1 PROJ:1 SLGM:1 WTHR:1 CLMT:1 RFCT:1 REGN:1 NAVI:1 CELL:1 DIAL:1 QUST:1 IDLE:1 PACK:1 ANIO:1 WATR:1 EXPL:1 IMGS:1 IMAD:1 FLST:1 PERK:1 ADDN:1 VTYP:1 ARMA:1 LCTN:1 MESG:1 MUSC:1 DLBR:1 MUST:1 DLVW:1 RELA:1 OTFT:1 ARTO:1 MOVT:1 SNDR:1
  phenderix magic world.esm (Phenderix Magic World - The Magical World of Manantis) esm | masters: skyrim.esm, update.esm, dawnguard.esm, dragonborn.esm | KYWD:1 TXST:1 GLOB:1 FACT:1 RACE:1 SOUN:1 MGEF:1 ENCH:1 SPEL:1 ACTI:1 ARMO:1 BOOK:1 CONT:1 DOOR:1 INGR:1 LIGH:1 MISC:1 STAT:1 MSTT:1 FURN:1 WEAP:1 AMMO:1 NPC_:1 KEYM:1 ALCH:1 COBJ:1 PROJ:1 HAZD:1 LVLI:1 NAVI:1 CELL:1 WRLD:1 DIAL:1 QUST:1 PACK:1 CSTY:1 LSCR:1 WATR:1 EFSH:1 EXPL:1 IMAD:1 FLST:1 PERK:1 ADDN:1 VTYP:1 IPCT:1 IPDS:1 ARMA:1 LCTN:1 MESG:1 DLBR:1 DLVW:1 SHOU:1 RELA:1 OTFT:1 ARTO:1 SNDR:1
  sweet roll hut.esp (Sweet Roll Hut SE) | masters: skyrim.esm, update.esm, dawnguard.esm, hearthfires.esm | TXST:1 CLAS:1 FACT:1 ACTI:1 BOOK:1 CONT:1 DOOR:1 STAT:1 NPC_:1 KEYM:1 ALCH:1 COBJ:1 LVLI:1 NAVI:1 CELL:1 WRLD:1 PACK:1 CSTY:1 FLST:1 LCTN:1 RELA:1
  olenveld.esp (Olenveld) esm | masters: skyrim.esm, update.esm, dawnguard.esm, hearthfires.esm, dragonborn.esm | KYWD:1 TXST:1 GLOB:1 FACT:1 RACE:1 SOUN:1 MGEF:1 SPEL:1 SCRL:1 ACTI:1 TACT:1 ARMO:1 BOOK:1 CONT:1 DOOR:1 LIGH:1 MISC:1 STAT:1 MSTT:1 FURN:1 WEAP:1 AMMO:1 NPC_:1 LVLN:1 KEYM:1 COBJ:1 PROJ:1 SLGM:1 LVLI:1 WTHR:1 CLMT:1 RFCT:1 REGN:1 NAVI:1 CELL:1 WRLD:1 DIAL:1 QUST:1 PACK:1 EXPL:1 IMGS:1 IMAD:1 FLST:1 PERK:1 VTYP:1 ARMA:1 ECZN:1 LCTN:1 MESG:1 LGTM:1 MUSC:1 DLBR:1 MUST:1 DLVW:1 RELA:1 SCEN:1 OTFT:1 ARTO:1 SNDR:1
  olenveldfixpack.esp (Olenveld) | masters: skyrim.esm, update.esm, dawnguard.esm, hearthfires.esm, dragonborn.esm, olenveld.esp | STAT:1 KEYM:1 NAVI:1 CELL:1 WRLD:1
  imaginator - mcmenu.esp (IMAGINATOR - Visual Control Device for Skyrim) esl | masters: skyrim.esm, imaginator sse - visual control for skyrim.esp | QUST:1
  imaginator sse - visual control for skyrim.esp (IMAGINATOR - Visual Control Device for Skyrim) | masters: skyrim.esm | GLOB:1 MGEF:1 SPEL:1 NPC_:1 NAVI:1 CELL:1 DIAL:1 QUST:1 IMAD:1 DLBR:1 DLVW:1
  racemenuhh.esp (RaceMenu High Heels (Height Fixes)) | masters: skyrim.esm | KYWD:1 MGEF:1 SPEL:1 QUST:1
  aixbodyselector.esp (RaceMenu Selector of Skins - Unique Player Character) esl | masters: skyrim.esm, dawnguard.esm | TXST:1 MGEF:1 SPEL:1 ARMO:1 QUST:1 FLST:1 ARMA:1
  aixschlongselector.esp (RaceMenu Selector of Skins - Unique Player Character) esl | masters: skyrim.esm, dawnguard.esm, aixbodyselector.esp | TXST:1 ARMO:1 ARMA:1
  expressive facegen morphs.esl (EFM SE - Racemenu plugin) esl | masters: - | 
  racecompatibility.esm (RaceCompatibility with fixes for SSE) esm | masters: skyrim.esm, dawnguard.esm | KYWD:1 NAVI:1 DIAL:1 QUST:1 FLST:1 ARMA:1
  racecompatibilityuskpoverride.esp (RaceCompatibility with fixes for SSE) esl | masters: skyrim.esm, update.esm, dawnguard.esm, racecompatibility.esm | DIAL:1 QUST:1
  racemenu.esp (RaceMenu Anniversary Edition) esl | masters: skyrim.esm | LIGH:1 QUST:1 CLFM:1
  racemenuplugin.esp (RaceMenu Anniversary Edition) esl | masters: skyrim.esm | QUST:1
  improvedloadingscreencolors.esp (Improved Loading Screen Colors) esl | masters: skyrim.esm | IMGS:1
  amatteroftime.esp (A Matter of Time - A HUD clock widget) | masters: skyrim.esm, update.esm | QUST:1 MESG:1
  additemmenuse.esp (AddItemMenu AE) | masters: skyrim.esm, uiextensions.esp | MGEF:1 SPEL:1 BOOK:1 CONT:1 MISC:1 NPC_:1 CELL:1 QUST:1 FLST:1
  untarnishedui_blur.esp (Untarnished UI) esl | masters: skyrim.esm | IMAD:1
  untarnishedui_subtitle.esp (Untarnished UI) esl | masters: skyrim.esm | 
  skyui_se.esp (SkyUI) esl | masters: skyrim.esm | QUST:1
  manny_status.esp (STATUS) esl | masters: skyrim.esm, skyui_se.esp | QUST:1
  mcmhelper.esp (MCM Helper) esl | masters: skyui_se.esp | 
  uiextensions.esp (UIExtensions) | masters: - | QUST:1 FLST:1
  mfgfix.esp (Mfg Fix) esl | masters: skyrim.esm | QUST:1
  extended ui.esp (Extended UI) | masters: skyrim.esm, update.esm | MISC:1 QUST:1
  extended ui.esp (Extended UI) | masters: skyrim.esm, update.esm | MISC:1 QUST:1
  autorun.esp (Autorun) esl | masters: skyrim.esm | QUST:1 MESG:1
  dunpoisoldiersraidonstarttweak.esp (dunPOISoldiersRaidOnStart Script Tweak) esl | masters: skyrim.esm | WRLD:1 DIAL:1
  rock traps trigger fixes.esp (Rock Traps Trigger Fixes (FOMOD MAY NEED TO REPATCH)) esl | masters: skyrim.esm | ACTI:1 WRLD:1
  seranaeyefix.esp (Universal Cured Serana Eye Fix) esl | masters: skyrim.esm, update.esm, dawnguard.esm | QUST:1
  bounddaggerfix.esp (Bound Dagger CTD Fix) esl | masters: skyrim.esm, dragonborn.esm, update.esm | WEAP:1
  bounddaggercollisionfix.esp (Fixed Bound Sword and Dagger Collision) esl | masters: skyrim.esm, update.esm, dragonborn.esm | WEAP:1
  chillwinddephts.esp (Chillwind Depths CTD Fix) esl | masters: skyrim.esm | STAT:1 CELL:1
  collisionreset.esp (Clean up the physics outfit - Collision Reset) esl | masters: skyrim.esm | SOUN:1 MGEF:1 SPEL:1 QUST:1 IDLE:1 SNDR:1
  fiss.esp (FileAccess Interface for Skyrim SE Scripts - FISSES) | masters: skyrim.esm, update.esm | QUST:1
  creation club - rcpa fix.esl (Creation Club (Rare Curios) - Poison Apple texture swap fix) esl | masters: skyrim.esm, update.esm, dawnguard.esm, hearthfires.esm, dragonborn.esm, ccbgssse037-curios.esl | ALCH:1
  nostagger.esp (No Stagger Mod) esl | masters: skyrim.esm | QUST:1 PERK:1
  stuck on screen fix.esp (Stuck on Screen Load Door Prompt Fix) esl | masters: skyrim.esm | QUST:1
  simplyoptimizedscripts.esl (SCROTE BSA Version) esm esl | masters: skyrim.esm | 
  navigator-navfixes.esl (Navigator - Navmesh Fixes) esm esl | masters: skyrim.esm, update.esm, dawnguard.esm, dragonborn.esm | NAVI:1 CELL:1 WRLD:1
  keywordsfixed.esp (Keywords Fixed) esl | masters: skyrim.esm, update.esm, dawnguard.esm, hearthfires.esm, dragonborn.esm | KYWD:1 CELL:1 WRLD:1 LCTN:1
  beardmaskfix.esp (Beard Mask Fix) esl | masters: skyrim.esm, update.esm, dawnguard.esm, hearthfires.esm, dragonborn.esm | ARMO:1 ARMA:1
  unofficial skyrim modders patch.esp (Unofficial Skyrim Modder's Patch - USMP SE) esm | masters: skyrim.esm, update.esm, dawnguard.esm, hearthfires.esm, dragonborn.esm, unofficial skyrim special edition patch.esp | GMST:1 KYWD:1 TXST:1 GLOB:1 FACT:1 RACE:1 MGEF:1 SPEL:1 ACTI:1 ARMO:1 BOOK:1 CONT:1 MISC:1 STAT:1 WEAP:1 AMMO:1 NPC_:1 LVLN:1 COBJ:1 LVLI:1 NAVI:1 CELL:1 WRLD:1 DIAL:1 QUST:1 IDLE:1 PACK:1 EFSH:1 EXPL:1 FLST:1 PERK:1 IPCT:1 ARMA:1 LCTN:1 MUSC:1 SMQN:1 DLBR:1 DLVW:1 OTFT:1 SNDR:1 CLFM:1
  scriptfixescompilation.esp (Script Optimization and Fixes Compilation) esm esl | masters: skyrim.esm, hearthfires.esm | MESG:1
  uosc.esl (Ultimate Optimized Scripts Compilation) esm esl | masters: - | 
  unofficial skyrim special edition patch.esp (Unofficial Skyrim Special Edition Patch - USSEP) esm | masters: skyrim.esm, update.esm, dawnguard.esm, hearthfires.esm, dragonborn.esm, ccbgssse001-fish.esm, ccqdrsse001-survivalmode.esl, ccbgssse037-curios.esl, ccbgssse025-advdsgs.esm, _resourcepack.esl | GMST:1 KYWD:1 TXST:1 GLOB:1 CLAS:1 FACT:1 RACE:1 SOUN:1 MGEF:1 ENCH:1 SPEL:1 SCRL:1 ACTI:1 ARMO:1 BOOK:1 CONT:1 DOOR:1 INGR:1 LIGH:1 MISC:1 STAT:1 MSTT:1 GRAS:1 TREE:1 FLOR:1 FURN:1 WEAP:1 AMMO:1 NPC_:1 LVLN:1 KEYM:1 ALCH:1 COBJ:1 PROJ:1 HAZD:1 SLGM:1 LVLI:1 WTHR:1 RFCT:1 REGN:1 NAVI:1 CELL:1 WRLD:1 DIAL:1 QUST:1 IDLE:1 PACK:1 LSCR:1 LVSP:1 EFSH:1 EXPL:1 IMAD:1 FLST:1 PERK:1 BPTD:1 AVIF:1 IPCT:1 IPDS:1 ARMA:1 ECZN:1 LCTN:1 MESG:1 FSTP:1 FSTS:1 SMQN:1 DLBR:1 MUST:1 SHOU:1 RELA:1 SCEN:1 OTFT:1 SNDR:1
  raysense.esp (Open Animation Replacer - RaySense) esl | masters: - | GLOB:1
  fnis.esp (Pandora Behaviour Engine Plus) | masters: - | 
  ocf.esp (Object Categorization Framework) esm esl | masters: skyrim.esm, update.esm | KYWD:1 FLST:1
  i4iconaddon.esp (Inventory Interface Information Injector) esl | masters: skyrim.esm, update.esm, dawnguard.esm, hearthfires.esm, dragonborn.esm | 
  skypatcher keyword framework.esl (SkyPatcher Keyword Framework) esm esl | masters: skyrim.esm | KYWD:1
  unlimited sprinting.esp (Unlimited Sprinting) esl | masters: skyrim.esm | GMST:1
  dawnguard.esm (Clean Masters) esm | masters: skyrim.esm, update.esm | GMST:1 KYWD:1 LCRT:1 AACT:1 TXST:1 GLOB:1 CLAS:1 FACT:1 HDPT:1 RACE:1 SOUN:1 ASPC:1 MGEF:1 LTEX:1 ENCH:1 SPEL:1 SCRL:1 ACTI:1 TACT:1 ARMO:1 BOOK:1 CONT:1 DOOR:1 INGR:1 LIGH:1 MISC:1 STAT:1 MSTT:1 GRAS:1 TREE:1 FLOR:1 FURN:1 WEAP:1 AMMO:1 NPC_:1 LVLN:1 KEYM:1 ALCH:1 IDLM:1 COBJ:1 PROJ:1 HAZD:1 LVLI:1 WTHR:1 CLMT:1 RFCT:1 REGN:1 NAVI:1 CELL:1 WRLD:1 DIAL:1 QUST:1 IDLE:1 PACK:1 CSTY:1 LSCR:1 LVSP:1 ANIO:1 WATR:1 EFSH:1 EXPL:1 DEBR:1 IMGS:1 IMAD:1 FLST:1 PERK:1 BPTD:1 ADDN:1 AVIF:1 VTYP:1 IPCT:1 IPDS:1 ARMA:1 ECZN:1 LCTN:1 MESG:1 DOBJ:1 LGTM:1 MUSC:1 FSTP:1 FSTS:1 SMBN:1 SMQN:1 DLBR:1 MUST:1 DLVW:1 WOOP:1 SHOU:1 RELA:1 SCEN:1 OTFT:1 ARTO:1 MATO:1 VOLI:1 MOVT:1 SNDR:1 SOPM:1 CLFM:1 REVB:1
  dragonborn.esm (Clean Masters) esm | masters: skyrim.esm, update.esm | GMST:1 KYWD:1 LCRT:1 TXST:1 GLOB:1 CLAS:1 FACT:1 RACE:1 SOUN:1 ASPC:1 MGEF:1 LTEX:1 ENCH:1 SPEL:1 SCRL:1 ACTI:1 TACT:1 ARMO:1 BOOK:1 CONT:1 DOOR:1 INGR:1 LIGH:1 MISC:1 STAT:1 MSTT:1 GRAS:1 TREE:1 FLOR:1 FURN:1 WEAP:1 AMMO:1 NPC_:1 LVLN:1 KEYM:1 ALCH:1 IDLM:1 COBJ:1 PROJ:1 HAZD:1 LVLI:1 WTHR:1 CLMT:1 SPGD:1 RFCT:1 REGN:1 NAVI:1 CELL:1 WRLD:1 DIAL:1 QUST:1 IDLE:1 PACK:1 CSTY:1 LSCR:1 LVSP:1 ANIO:1 WATR:1 EFSH:1 EXPL:1 DEBR:1 IMGS:1 IMAD:1 FLST:1 PERK:1 BPTD:1 ADDN:1 VTYP:1 MATT:1 IPCT:1 IPDS:1 ARMA:1 ECZN:1 LCTN:1 MESG:1 DOBJ:1 LGTM:1 MUSC:1 FSTP:1 FSTS:1 SMBN:1 SMQN:1 DLBR:1 MUST:1 DLVW:1 WOOP:1 SHOU:1 RELA:1 SCEN:1 OTFT:1 ARTO:1 MATO:1 VOLI:1 MOVT:1 SNDR:1 SOPM:1
  hearthfires.esm (Clean Masters) esm | masters: skyrim.esm, update.esm | GMST:1 KYWD:1 LCRT:1 TXST:1 GLOB:1 CLAS:1 FACT:1 SOUN:1 MGEF:1 ENCH:1 SPEL:1 ACTI:1 ARMO:1 BOOK:1 CONT:1 DOOR:1 INGR:1 LIGH:1 MISC:1 STAT:1 TREE:1 FLOR:1 FURN:1 WEAP:1 NPC_:1 ALCH:1 IDLM:1 COBJ:1 LVLI:1 NAVI:1 CELL:1 WRLD:1 DIAL:1 QUST:1 IDLE:1 PACK:1 CSTY:1 LSCR:1 ANIO:1 FLST:1 PERK:1 IPCT:1 IPDS:1 ARMA:1 LCTN:1 MESG:1 DOBJ:1 SMBN:1 SMQN:1 DLBR:1 DLVW:1 RELA:1 SCEN:1 OTFT:1 SNDR:1
  dawnguard.esm (Clean Masters) esm | masters: skyrim.esm, update.esm | GMST:1 KYWD:1 LCRT:1 AACT:1 TXST:1 GLOB:1 CLAS:1 FACT:1 HDPT:1 RACE:1 SOUN:1 ASPC:1 MGEF:1 LTEX:1 ENCH:1 SPEL:1 SCRL:1 ACTI:1 TACT:1 ARMO:1 BOOK:1 CONT:1 DOOR:1 INGR:1 LIGH:1 MISC:1 STAT:1 MSTT:1 GRAS:1 TREE:1 FLOR:1 FURN:1 WEAP:1 AMMO:1 NPC_:1 LVLN:1 KEYM:1 ALCH:1 IDLM:1 COBJ:1 PROJ:1 HAZD:1 LVLI:1 WTHR:1 CLMT:1 RFCT:1 REGN:1 NAVI:1 CELL:1 WRLD:1 DIAL:1 QUST:1 IDLE:1 PACK:1 CSTY:1 LSCR:1 LVSP:1 ANIO:1 WATR:1 EFSH:1 EXPL:1 DEBR:1 IMGS:1 IMAD:1 FLST:1 PERK:1 BPTD:1 ADDN:1 AVIF:1 VTYP:1 IPCT:1 IPDS:1 ARMA:1 ECZN:1 LCTN:1 MESG:1 DOBJ:1 LGTM:1 MUSC:1 FSTP:1 FSTS:1 SMBN:1 SMQN:1 DLBR:1 MUST:1 DLVW:1 WOOP:1 SHOU:1 RELA:1 SCEN:1 OTFT:1 ARTO:1 MATO:1 VOLI:1 MOVT:1 SNDR:1 SOPM:1 CLFM:1 REVB:1
  dragonborn.esm (Clean Masters) esm | masters: skyrim.esm, update.esm | GMST:1 KYWD:1 LCRT:1 TXST:1 GLOB:1 CLAS:1 FACT:1 RACE:1 SOUN:1 ASPC:1 MGEF:1 LTEX:1 ENCH:1 SPEL:1 SCRL:1 ACTI:1 TACT:1 ARMO:1 BOOK:1 CONT:1 DOOR:1 INGR:1 LIGH:1 MISC:1 STAT:1 MSTT:1 GRAS:1 TREE:1 FLOR:1 FURN:1 WEAP:1 AMMO:1 NPC_:1 LVLN:1 KEYM:1 ALCH:1 IDLM:1 COBJ:1 PROJ:1 HAZD:1 LVLI:1 WTHR:1 CLMT:1 SPGD:1 RFCT:1 REGN:1 NAVI:1 CELL:1 WRLD:1 DIAL:1 QUST:1 IDLE:1 PACK:1 CSTY:1 LSCR:1 LVSP:1 ANIO:1 WATR:1 EFSH:1 EXPL:1 DEBR:1 IMGS:1 IMAD:1 FLST:1 PERK:1 BPTD:1 ADDN:1 VTYP:1 MATT:1 IPCT:1 IPDS:1 ARMA:1 ECZN:1 LCTN:1 MESG:1 DOBJ:1 LGTM:1 MUSC:1 FSTP:1 FSTS:1 SMBN:1 SMQN:1 DLBR:1 MUST:1 DLVW:1 WOOP:1 SHOU:1 RELA:1 SCEN:1 OTFT:1 ARTO:1 MATO:1 VOLI:1 MOVT:1 SNDR:1 SOPM:1
  hearthfires.esm (Clean Masters) esm | masters: skyrim.esm, update.esm | GMST:1 KYWD:1 LCRT:1 TXST:1 GLOB:1 CLAS:1 FACT:1 SOUN:1 MGEF:1 ENCH:1 SPEL:1 ACTI:1 ARMO:1 BOOK:1 CONT:1 DOOR:1 INGR:1 LIGH:1 MISC:1 STAT:1 TREE:1 FLOR:1 FURN:1 WEAP:1 NPC_:1 ALCH:1 IDLM:1 COBJ:1 LVLI:1 NAVI:1 CELL:1 WRLD:1 DIAL:1 QUST:1 IDLE:1 PACK:1 CSTY:1 LSCR:1 ANIO:1 FLST:1 PERK:1 IPCT:1 IPDS:1 ARMA:1 LCTN:1 MESG:1 DOBJ:1 SMBN:1 SMQN:1 DLBR:1 DLVW:1 RELA:1 SCEN:1 OTFT:1 SNDR:1
  update.esm (Clean Masters) esm | masters: skyrim.esm | GMST:1 KYWD:1 TXST:1 GLOB:1 FACT:1 RACE:1 MGEF:1 LTEX:1 ENCH:1 SPEL:1 SCRL:1 ACTI:1 ARMO:1 BOOK:1 CONT:1 DOOR:1 INGR:1 MISC:1 STAT:1 GRAS:1 FLOR:1 FURN:1 WEAP:1 AMMO:1 NPC_:1 LVLN:1 ALCH:1 COBJ:1 PROJ:1 LVLI:1 WTHR:1 REGN:1 NAVI:1 CELL:1 WRLD:1 DIAL:1 QUST:1 IDLE:1 PACK:1 LSCR:1 WATR:1 EXPL:1 IMGS:1 IMAD:1 FLST:1 PERK:1 BPTD:1 AVIF:1 CAMS:1 CPTH:1 IPCT:1 IPDS:1 ARMA:1 ECZN:1 LCTN:1 MESG:1 DOBJ:1 MUSC:1 FSTP:1 FSTS:1 DLBR:1 MUST:1 DLVW:1 SCEN:1 MATO:1 VOLI:1 SNDR:1
  update.esm (Clean Masters) esm | masters: skyrim.esm | GMST:1 KYWD:1 TXST:1 GLOB:1 FACT:1 RACE:1 MGEF:1 LTEX:1 ENCH:1 SPEL:1 SCRL:1 ACTI:1 ARMO:1 BOOK:1 CONT:1 DOOR:1 INGR:1 MISC:1 STAT:1 GRAS:1 FLOR:1 FURN:1 WEAP:1 AMMO:1 NPC_:1 LVLN:1 ALCH:1 COBJ:1 PROJ:1 LVLI:1 WTHR:1 REGN:1 NAVI:1 CELL:1 WRLD:1 DIAL:1 QUST:1 IDLE:1 PACK:1 LSCR:1 WATR:1 EXPL:1 IMGS:1 IMAD:1 FLST:1 PERK:1 BPTD:1 AVIF:1 CAMS:1 CPTH:1 IPCT:1 IPDS:1 ARMA:1 ECZN:1 LCTN:1 MESG:1 DOBJ:1 MUSC:1 FSTP:1 FSTS:1 DLBR:1 MUST:1 DLVW:1 SCEN:1 MATO:1 VOLI:1 SNDR:1
  _resourcepack.esl (Clean Masters) esm esl | masters: skyrim.esm, update.esm, hearthfires.esm | TXST:1 GLOB:1 LTEX:1 ACTI:1 CONT:1 DOOR:1 INGR:1 MISC:1 STAT:1 MSTT:1 GRAS:1 TREE:1 FLOR:1 QUST:1 MATT:1
  ccqdrsse001-survivalmode.esl (Creation Club - Survival Mode) esm esl | masters: skyrim.esm, update.esm, dawnguard.esm, hearthfires.esm, dragonborn.esm | KYWD:1 GLOB:1 SOUN:1 MGEF:1 SPEL:1 SCRL:1 ACTI:1 STAT:1 ALCH:1 COBJ:1 NAVI:1 CELL:1 QUST:1 LSCR:1 EFSH:1 IMAD:1 FLST:1 PERK:1 MESG:1 DOBJ:1 SNDR:1
  ccbgssse025-advdsgs.esm (Creation Club - Saints & Seducers) esm | masters: skyrim.esm, update.esm, dawnguard.esm, hearthfires.esm, dragonborn.esm | KYWD:1 TXST:1 GLOB:1 FACT:1 HDPT:1 RACE:1 SOUN:1 MGEF:1 ENCH:1 SPEL:1 SCRL:1 ACTI:1 ARMO:1 BOOK:1 CONT:1 DOOR:1 INGR:1 LIGH:1 MISC:1 STAT:1 MSTT:1 WEAP:1 AMMO:1 NPC_:1 LVLN:1 KEYM:1 ALCH:1 COBJ:1 PROJ:1 SLGM:1 LVLI:1 NAVI:1 CELL:1 WRLD:1 DIAL:1 QUST:1 PACK:1 LSCR:1 WATR:1 EFSH:1 IMGS:1 FLST:1 PERK:1 ARMA:1 ECZN:1 LCTN:1 MESG:1 SMBN:1 SMQN:1 DLBR:1 OTFT:1 SNDR:1 CLFM:1
  ccbgssse037-curios.esl (Creation Club - Rare Curios) esm esl | masters: skyrim.esm, update.esm, dawnguard.esm, hearthfires.esm, dragonborn.esm | TXST:1 MGEF:1 CONT:1 INGR:1 LIGH:1 AMMO:1 ALCH:1 COBJ:1 PROJ:1 SLGM:1 LVLI:1 QUST:1 EXPL:1 PERK:1 ARTO:1
  ccbgssse001-fish.esm (Creation Club - Fishing) esm | masters: skyrim.esm, update.esm, dawnguard.esm, hearthfires.esm, dragonborn.esm | KYWD:1 LCRT:1 TXST:1 GLOB:1 FACT:1 RACE:1 SOUN:1 MGEF:1 ENCH:1 SPEL:1 ACTI:1 ARMO:1 BOOK:1 CONT:1 DOOR:1 INGR:1 LIGH:1 MISC:1 STAT:1 FLOR:1 WEAP:1 NPC_:1 LVLN:1 KEYM:1 ALCH:1 COBJ:1 PROJ:1 LVLI:1 NAVI:1 CELL:1 WRLD:1 DIAL:1 QUST:1 PACK:1 CSTY:1 LSCR:1 EFSH:1 EXPL:1 IMAD:1 FLST:1 ARMA:1 LCTN:1 MESG:1 DLBR:1 SCEN:1 OTFT:1 ARTO:1 SNDR:1
